Thu Aug 27 14:40:20 UTC 2026: Starting scan
  TwelveData returned 1500 5m candles
  data source: twelvedata
  live quote: 4589.68
Outside trading session window (PKT). Skipping evaluation.
Thu Aug 27 14:40:32 UTC 2026: Scan finished, sleeping
Thu Aug 27 14:43:05 UTC 2026: Starting scan
  TwelveData returned 1500 5m candles
  data source: twelvedata
  live quote: 4587.79
Outside trading session window (PKT). Skipping evaluation.
Thu Aug 27 14:43:22 UTC 2026: Scan finished, sleeping
Thu Aug 27 14:45:20 UTC 2026: Starting scan
  TwelveData returned 1500 5m candles
  data source: twelvedata
  live quote: 4594.32
Outside trading session window (PKT). Skipping evaluation.
Thu Aug 27 14:45:30 UTC 2026: Scan finished, sleeping
Thu Aug 27 14:50:20 UTC 2026: Starting scan
  TwelveData returned 1500 5m candles
  data source: twelvedata
  live quote: 4594.53
Outside trading session window (PKT). Skipping evaluation.
Thu Aug 27 14:50:33 UTC 2026: Scan finished, sleeping
Thu Aug 27 14:51:56 UTC 2026: Starting scan
  TwelveData returned 1500 5m candles
  data source: twelvedata
  live quote: 4593.27
Outside trading session window (PKT). Skipping evaluation.
Thu Aug 27 14:52:08 UTC 2026: Scan finished OK, pinged healthcheck
Thu Aug 27 14:55:20 UTC 2026: Starting scan
  TwelveData returned 1500 5m candles
  data source: twelvedata
  live quote: 4592.42
Outside trading session window (PKT). Skipping evaluation.
Thu Aug 27 14:55:32 UTC 2026: Scan finished OK, pinged healthcheck
Thu Aug 27 15:00:20 UTC 2026: Starting scan
  TwelveData returned 1500 5m candles
  data source: twelvedata
  live quote: 4590.95
Evaluated state: PRE_SELL | spot: 4590.94665
  notified -> telegram:True discord:True
Thu Aug 27 15:00:47 UTC 2026: Scan finished OK, pinged healthcheck
Thu Aug 27 15:05:20 UTC 2026: Starting scan
  TwelveData returned 1500 5m candles
  data source: twelvedata
  live quote: 4593.69
Evaluated state: PRE_BUY | spot: 4593.68827
  notified -> telegram:True discord:True
Thu Aug 27 15:05:33 UTC 2026: Scan finished OK, pinged healthcheck
Thu Aug 27 15:10:20 UTC 2026: Starting scan
  TwelveData returned 1500 5m candles
  data source: twelvedata
  live quote: 4592.42
Evaluated state: PRE_BUY | spot: 4592.4225
No state change, no notification sent.
Thu Aug 27 15:11:21 UTC 2026: Scan finished OK, pinged healthcheck
Thu Aug 27 15:15:20 UTC 2026: Starting scan
  TwelveData returned 1500 5m candles
  data source: twelvedata
  live quote: 4594.32
Evaluated state: PRE_BUY | spot: 4594.32142
No state change, no notification sent.
Thu Aug 27 15:15:42 UTC 2026: Scan finished OK, pinged healthcheck
Thu Aug 27 15:20:20 UTC 2026: Starting scan
  TwelveData returned 1500 5m candles
  data source: twelvedata
  live quote: 4597.70
Evaluated state: PRE_BUY | spot: 4597.70115
No state change, no notification sent.
Thu Aug 27 15:20:35 UTC 2026: Scan finished OK, pinged healthcheck
Thu Aug 27 15:25:20 UTC 2026: Starting scan
  TwelveData returned 1500 5m candles
  data source: twelvedata
  live quote: 4591.37
Evaluated state: PRE_BUY | spot: 4591.36823
No state change, no notification sent.
Thu Aug 27 15:25:32 UTC 2026: Scan finished OK, pinged healthcheck
Thu Aug 27 15:30:20 UTC 2026: Starting scan
  TwelveData returned 1500 5m candles
  data source: twelvedata
  live quote: 4594.32
Evaluated state: PRE_BUY | spot: 4594.32142
No state change, no notification sent.
Thu Aug 27 15:30:35 UTC 2026: Scan finished OK, pinged healthcheck
Thu Aug 27 15:35:20 UTC 2026: Starting scan
  TwelveData returned 1500 5m candles
  data source: twelvedata
  live quote: 4596.64
Evaluated state: NO_TRADE | spot: 4596.64445
Thu Aug 27 15:35:30 UTC 2026: Scan finished OK, pinged healthcheck
Thu Aug 27 15:40:20 UTC 2026: Starting scan
  TwelveData returned 1500 5m candles
  data source: twelvedata
  live quote: 4599.18
Evaluated state: NO_TRADE | spot: 4599.18135
No state change, no notification sent.
Thu Aug 27 15:40:32 UTC 2026: Scan finished OK, pinged healthcheck
Thu Aug 27 15:45:20 UTC 2026: Starting scan
  TwelveData returned 1500 5m candles
  data source: twelvedata
  live quote: 4600.66
  notified -> telegram:True discord:True
Evaluated state: PRE_BUY | spot: 4600.6625
  notified -> telegram:True discord:True
Thu Aug 27 15:45:33 UTC 2026: Scan finished OK, pinged healthcheck
Thu Aug 27 15:50:20 UTC 2026: Starting scan
  TwelveData returned 1500 5m candles
  data source: twelvedata
  live quote: 4604.05
Evaluated state: NO_TRADE | spot: 4604.05157
Thu Aug 27 15:50:34 UTC 2026: Scan finished OK, pinged healthcheck
Thu Aug 27 15:55:20 UTC 2026: Starting scan
  TwelveData returned 1500 5m candles
  data source: twelvedata
  live quote: 4609.14
  notified -> telegram:True discord:True
Evaluated state: PRE_BUY | spot: 4609.14454
  notified -> telegram:True discord:True
Thu Aug 27 15:55:30 UTC 2026: Scan finished OK, pinged healthcheck
Thu Aug 27 16:00:20 UTC 2026: Starting scan
  fetch attempt 1/3 failed: ("Connection broken: InvalidChunkLength(got length b'', 0 bytes read)", InvalidChunkLength(got length b'', 0 bytes read))
  fetch attempt 2/3 failed: HTTPSConnectionPool(host='api.twelvedata.com', port=443): Read timed out.
  fetch attempt 3/3 failed: HTTPSConnectionPool(host='api.twelvedata.com', port=443): Read timed out.
TwelveData unavailable, falling back to tick feed: HTTPSConnectionPool(host='api.twelvedata.com', port=443): Read timed out.
  feed returned 1345 ticks
  data source: fallback
Evaluated state: PRE_BUY | spot: 4612
No state change, no notification sent.
Thu Aug 27 16:03:13 UTC 2026: Scan finished OK, pinged healthcheck
Thu Aug 27 16:05:20 UTC 2026: Starting scan
  TwelveData returned 1500 5m candles
  data source: twelvedata
  live quote: 4611.70
Evaluated state: PRE_BUY | spot: 4611.69526
No state change, no notification sent.
Thu Aug 27 16:05:34 UTC 2026: Scan finished OK, pinged healthcheck
Thu Aug 27 16:10:20 UTC 2026: Starting scan
  TwelveData returned 1500 5m candles
  data source: twelvedata
  live quote: 4607.23
Evaluated state: PRE_BUY | spot: 4607.23336
No state change, no notification sent.
Thu Aug 27 16:10:43 UTC 2026: Scan finished OK, pinged healthcheck
Thu Aug 27 16:15:20 UTC 2026: Starting scan
  TwelveData returned 1500 5m candles
  data source: twelvedata
  live quote: 4605.54
Evaluated state: PRE_BUY | spot: 4605.53585
No state change, no notification sent.
Thu Aug 27 16:15:31 UTC 2026: Scan finished OK, pinged healthcheck
Thu Aug 27 16:20:20 UTC 2026: Starting scan
  TwelveData returned 1500 5m candles
  data source: twelvedata
  live quote: 4603.63
Evaluated state: PRE_BUY | spot: 4603.62766
No state change, no notification sent.
Thu Aug 27 16:20:30 UTC 2026: Scan finished OK, pinged healthcheck
Thu Aug 27 16:25:20 UTC 2026: Starting scan
  TwelveData returned 1500 5m candles
  data source: twelvedata
  live quote: 4606.38
Evaluated state: PRE_BUY | spot: 4606.38445
No state change, no notification sent.
Thu Aug 27 16:25:28 UTC 2026: Scan finished OK, pinged healthcheck
Thu Aug 27 16:30:20 UTC 2026: Starting scan
  TwelveData returned 1500 5m candles
  data source: twelvedata
  live quote: 4607.66
Evaluated state: NO_TRADE | spot: 4607.65793
Thu Aug 27 16:30:35 UTC 2026: Scan finished OK, pinged healthcheck
Thu Aug 27 16:35:20 UTC 2026: Starting scan
  TwelveData returned 1500 5m candles
  data source: twelvedata
  live quote: 4608.72
Evaluated state: NO_TRADE | spot: 4608.7197
No state change, no notification sent.
Thu Aug 27 16:35:27 UTC 2026: Scan finished OK, pinged healthcheck
Thu Aug 27 16:40:20 UTC 2026: Starting scan
  TwelveData returned 1500 5m candles
  data source: twelvedata
  live quote: 4609.14
Evaluated state: NO_TRADE | spot: 4609.14454
No state change, no notification sent.
Thu Aug 27 16:40:30 UTC 2026: Scan finished OK, pinged healthcheck
Thu Aug 27 16:45:20 UTC 2026: Starting scan
  TwelveData returned 1500 5m candles
  data source: twelvedata
  live quote: 4611.06
Evaluated state: NO_TRADE | spot: 4611.05732
No state change, no notification sent.
Thu Aug 27 16:45:41 UTC 2026: Scan finished OK, pinged healthcheck
Thu Aug 27 16:50:20 UTC 2026: Starting scan
  TwelveData returned 1500 5m candles
  data source: twelvedata
  live quote: 4611.48
Evaluated state: NO_TRADE | spot: 4611.48259
No state change, no notification sent.
Thu Aug 27 16:50:33 UTC 2026: Scan finished OK, pinged healthcheck
Thu Aug 27 16:55:20 UTC 2026: Starting scan
  TwelveData returned 1500 5m candles
  data source: twelvedata
  live quote: 4616.38
  notified -> telegram:True discord:True
Evaluated state: PRE_BUY | spot: 4616.37891
  notified -> telegram:True discord:True
Thu Aug 27 16:55:33 UTC 2026: Scan finished OK, pinged healthcheck
Thu Aug 27 17:00:20 UTC 2026: Starting scan
  TwelveData returned 1500 5m candles
  data source: twelvedata
  live quote: 4614.25
Evaluated state: PRE_BUY | spot: 4614.2488
No state change, no notification sent.
Thu Aug 27 17:00:32 UTC 2026: Scan finished OK, pinged healthcheck
Thu Aug 27 17:05:20 UTC 2026: Starting scan
  TwelveData returned 1500 5m candles
  data source: twelvedata
  live quote: 4614.46
Evaluated state: PRE_BUY | spot: 4614.46172
No state change, no notification sent.
Thu Aug 27 17:05:33 UTC 2026: Scan finished OK, pinged healthcheck
Thu Aug 27 17:10:20 UTC 2026: Starting scan
  TwelveData returned 1500 5m candles
  data source: twelvedata
  live quote: 4611.48
Evaluated state: PRE_BUY | spot: 4611.48259
No state change, no notification sent.
Thu Aug 27 17:10:33 UTC 2026: Scan finished OK, pinged healthcheck
Thu Aug 27 17:15:20 UTC 2026: Starting scan
  TwelveData returned 1500 5m candles
  data source: twelvedata
  live quote: 4610.84
Evaluated state: NO_TRADE | spot: 4610.84471
Thu Aug 27 17:15:29 UTC 2026: Scan finished OK, pinged healthcheck
Thu Aug 27 17:20:20 UTC 2026: Starting scan
  TwelveData returned 1500 5m candles
  data source: twelvedata
  live quote: 4609.36
Evaluated state: PRE_SELL | spot: 4609.35699
  notified -> telegram:True discord:True
Thu Aug 27 17:20:31 UTC 2026: Scan finished OK, pinged healthcheck
Thu Aug 27 17:25:20 UTC 2026: Starting scan
  TwelveData returned 1500 5m candles
  data source: twelvedata
  live quote: 4611.06
Evaluated state: PRE_SELL | spot: 4611.05732
No state change, no notification sent.
Thu Aug 27 17:25:29 UTC 2026: Scan finished OK, pinged healthcheck
Thu Aug 27 17:30:20 UTC 2026: Starting scan
  TwelveData returned 1500 5m candles
  data source: twelvedata
  live quote: 4609.78
Evaluated state: PRE_SELL | spot: 4609.78196
No state change, no notification sent.
Thu Aug 27 17:30:28 UTC 2026: Scan finished OK, pinged healthcheck
Thu Aug 27 17:35:20 UTC 2026: Starting scan
  TwelveData returned 1500 5m candles
  data source: twelvedata
  live quote: 4611.06
Evaluated state: PRE_SELL | spot: 4611.05732
No state change, no notification sent.
Thu Aug 27 17:35:31 UTC 2026: Scan finished OK, pinged healthcheck
Thu Aug 27 17:40:20 UTC 2026: Starting scan
  TwelveData returned 1500 5m candles
  data source: twelvedata
  live quote: 4610.21
Evaluated state: PRE_SELL | spot: 4610.207
No state change, no notification sent.
Thu Aug 27 17:40:30 UTC 2026: Scan finished OK, pinged healthcheck
Thu Aug 27 17:45:20 UTC 2026: Starting scan
  TwelveData returned 1500 5m candles
  data source: twelvedata
  live quote: 4612.97
Evaluated state: PRE_BUY | spot: 4612.97168
  notified -> telegram:True discord:True
Thu Aug 27 17:45:30 UTC 2026: Scan finished OK, pinged healthcheck
Thu Aug 27 17:50:20 UTC 2026: Starting scan
  TwelveData returned 1500 5m candles
  data source: twelvedata
  live quote: 4608.29
Evaluated state: PRE_SELL | spot: 4608.29493
  notified -> telegram:True discord:True
Thu Aug 27 17:50:30 UTC 2026: Scan finished OK, pinged healthcheck
Thu Aug 27 17:55:20 UTC 2026: Starting scan
  TwelveData returned 1500 5m candles
  data source: twelvedata
  live quote: 4607.87
Evaluated state: PRE_SELL | spot: 4607.87024
No state change, no notification sent.
Thu Aug 27 17:55:27 UTC 2026: Scan finished OK, pinged healthcheck
Thu Aug 27 18:00:20 UTC 2026: Starting scan
  TwelveData returned 1500 5m candles
  data source: twelvedata
  live quote: 4606.38
  notified -> telegram:True discord:True
  notified -> telegram:True discord:True
Evaluated state: PRE_SELL | spot: 4606.38445
No state change, no notification sent.
Thu Aug 27 18:00:37 UTC 2026: Scan finished OK, pinged healthcheck
Thu Aug 27 18:05:20 UTC 2026: Starting scan
  TwelveData returned 1500 5m candles
  data source: twelvedata
  live quote: 4603.20
  notified -> telegram:True discord:True
Outside trading session window (PKT). Skipping evaluation.
Thu Aug 27 18:05:30 UTC 2026: Scan finished OK, pinged healthcheck
Thu Aug 27 18:10:20 UTC 2026: Starting scan
  TwelveData returned 1500 5m candles
  data source: twelvedata
  live quote: 4606.17
Outside trading session window (PKT). Skipping evaluation.
Thu Aug 27 18:10:30 UTC 2026: Scan finished OK, pinged healthcheck
Thu Aug 27 18:15:20 UTC 2026: Starting scan
  TwelveData returned 1500 5m candles
  data source: twelvedata
  live quote: 4605.11
Outside trading session window (PKT). Skipping evaluation.
Thu Aug 27 18:15:31 UTC 2026: Scan finished OK, pinged healthcheck
Thu Aug 27 18:20:20 UTC 2026: Starting scan
  TwelveData returned 1500 5m candles
  data source: twelvedata
  live quote: 4607.45
Outside trading session window (PKT). Skipping evaluation.
Thu Aug 27 18:20:36 UTC 2026: Scan finished OK, pinged healthcheck
Thu Aug 27 18:25:20 UTC 2026: Starting scan
  TwelveData returned 1500 5m candles
  data source: twelvedata
  live quote: 4604.48
Outside trading session window (PKT). Skipping evaluation.
Thu Aug 27 18:25:30 UTC 2026: Scan finished OK, pinged healthcheck
Thu Aug 27 18:30:20 UTC 2026: Starting scan
  TwelveData returned 1500 5m candles
  data source: twelvedata
  live quote: 4602.57
Outside trading session window (PKT). Skipping evaluation.
Thu Aug 27 18:30:30 UTC 2026: Scan finished OK, pinged healthcheck
Thu Aug 27 18:35:20 UTC 2026: Starting scan
  TwelveData returned 1500 5m candles
  data source: twelvedata
  live quote: 4601.51
Outside trading session window (PKT). Skipping evaluation.
Thu Aug 27 18:35:28 UTC 2026: Scan finished OK, pinged healthcheck
Thu Aug 27 18:40:20 UTC 2026: Starting scan
  TwelveData returned 1500 5m candles
  data source: twelvedata
  live quote: 4604.26
Outside trading session window (PKT). Skipping evaluation.
Thu Aug 27 18:40:30 UTC 2026: Scan finished OK, pinged healthcheck
Thu Aug 27 18:45:20 UTC 2026: Starting scan
  TwelveData returned 1500 5m candles
  data source: twelvedata
  live quote: 4604.48
Outside trading session window (PKT). Skipping evaluation.
Thu Aug 27 18:45:28 UTC 2026: Scan finished OK, pinged healthcheck
Thu Aug 27 18:50:20 UTC 2026: Starting scan
  TwelveData returned 1500 5m candles
  data source: twelvedata
  live quote: 4605.96
Outside trading session window (PKT). Skipping evaluation.
Thu Aug 27 18:50:29 UTC 2026: Scan finished OK, pinged healthcheck
Thu Aug 27 18:55:20 UTC 2026: Starting scan
  TwelveData returned 1500 5m candles
  data source: twelvedata
  live quote: 4609.99
Outside trading session window (PKT). Skipping evaluation.
Thu Aug 27 18:55:27 UTC 2026: Scan finished OK, pinged healthcheck
Thu Aug 27 19:00:20 UTC 2026: Starting scan
  TwelveData returned 1500 5m candles
  data source: twelvedata
  live quote: 4610.42
Outside trading session window (PKT). Skipping evaluation.
Thu Aug 27 19:00:58 UTC 2026: Scan finished OK, pinged healthcheck
Thu Aug 27 19:05:20 UTC 2026: Starting scan
  TwelveData returned 1500 5m candles
  data source: twelvedata
  live quote: 4614.04
Outside trading session window (PKT). Skipping evaluation.
Thu Aug 27 19:05:31 UTC 2026: Scan finished OK, pinged healthcheck
Thu Aug 27 19:10:20 UTC 2026: Starting scan
  TwelveData returned 1500 5m candles
  data source: twelvedata
  live quote: 4617.44
  notified -> telegram:True discord:True
Outside trading session window (PKT). Skipping evaluation.
Thu Aug 27 19:10:28 UTC 2026: Scan finished OK, pinged healthcheck
Thu Aug 27 19:15:20 UTC 2026: Starting scan
  TwelveData returned 1500 5m candles
  data source: twelvedata
  live quote: 4615.53
  notified -> telegram:True discord:True
Outside trading session window (PKT). Skipping evaluation.
Thu Aug 27 19:15:32 UTC 2026: Scan finished OK, pinged healthcheck
Thu Aug 27 19:20:20 UTC 2026: Starting scan
  TwelveData returned 1500 5m candles
  data source: twelvedata
  live quote: 4611.06
Outside trading session window (PKT). Skipping evaluation.
Thu Aug 27 19:20:28 UTC 2026: Scan finished OK, pinged healthcheck
Thu Aug 27 19:25:20 UTC 2026: Starting scan
  TwelveData returned 1500 5m candles
  data source: twelvedata
  live quote: 4607.87
Outside trading session window (PKT). Skipping evaluation.
Thu Aug 27 19:25:29 UTC 2026: Scan finished OK, pinged healthcheck
Thu Aug 27 19:30:20 UTC 2026: Starting scan
  TwelveData returned 1500 5m candles
  data source: twelvedata
  live quote: 4606.17
Outside trading session window (PKT). Skipping evaluation.
Thu Aug 27 19:30:33 UTC 2026: Scan finished OK, pinged healthcheck
Thu Aug 27 19:35:20 UTC 2026: Starting scan
  TwelveData returned 1500 5m candles
  data source: twelvedata
  live quote: 4607.45
Outside trading session window (PKT). Skipping evaluation.
Thu Aug 27 19:35:29 UTC 2026: Scan finished OK, pinged healthcheck
Thu Aug 27 19:40:20 UTC 2026: Starting scan
  TwelveData returned 1500 5m candles
  data source: twelvedata
  live quote: 4607.87
Outside trading session window (PKT). Skipping evaluation.
Thu Aug 27 19:40:29 UTC 2026: Scan finished OK, pinged healthcheck
Thu Aug 27 19:45:20 UTC 2026: Starting scan
  TwelveData returned 1500 5m candles
  data source: twelvedata
  live quote: 4608.93
Outside trading session window (PKT). Skipping evaluation.
Thu Aug 27 19:45:28 UTC 2026: Scan finished OK, pinged healthcheck
Thu Aug 27 19:50:20 UTC 2026: Starting scan
  TwelveData returned 1500 5m candles
  data source: twelvedata
  live quote: 4611.27
Outside trading session window (PKT). Skipping evaluation.
Thu Aug 27 19:50:29 UTC 2026: Scan finished OK, pinged healthcheck
Thu Aug 27 19:55:20 UTC 2026: Starting scan
  TwelveData returned 1500 5m candles
  data source: twelvedata
  live quote: 4607.87
Outside trading session window (PKT). Skipping evaluation.
Thu Aug 27 19:55:28 UTC 2026: Scan finished OK, pinged healthcheck
Thu Aug 27 20:00:20 UTC 2026: Starting scan
  TwelveData returned 1500 5m candles
  data source: twelvedata
  live quote: 4609.14
Outside trading session window (PKT). Skipping evaluation.
Thu Aug 27 20:00:31 UTC 2026: Scan finished OK, pinged healthcheck
Thu Aug 27 20:05:20 UTC 2026: Starting scan
  TwelveData returned 1500 5m candles
  data source: twelvedata
  live quote: 4605.11
Outside trading session window (PKT). Skipping evaluation.
Thu Aug 27 20:05:33 UTC 2026: Scan finished OK, pinged healthcheck
Thu Aug 27 20:10:20 UTC 2026: Starting scan
  TwelveData returned 1500 5m candles
  data source: twelvedata
  live quote: 4604.26
Outside trading session window (PKT). Skipping evaluation.
Thu Aug 27 20:10:30 UTC 2026: Scan finished OK, pinged healthcheck
Thu Aug 27 20:15:20 UTC 2026: Starting scan
  TwelveData returned 1500 5m candles
  data source: twelvedata
  live quote: 4604.69
Outside trading session window (PKT). Skipping evaluation.
Thu Aug 27 20:15:28 UTC 2026: Scan finished OK, pinged healthcheck
Thu Aug 27 20:20:20 UTC 2026: Starting scan
  TwelveData returned 1500 5m candles
  data source: twelvedata
  live quote: 4605.11
Outside trading session window (PKT). Skipping evaluation.
Thu Aug 27 20:20:28 UTC 2026: Scan finished OK, pinged healthcheck
Thu Aug 27 20:25:20 UTC 2026: Starting scan
  TwelveData returned 1500 5m candles
  data source: twelvedata
  live quote: 4604.90
Outside trading session window (PKT). Skipping evaluation.
Thu Aug 27 20:25:26 UTC 2026: Scan finished OK, pinged healthcheck
Thu Aug 27 20:30:20 UTC 2026: Starting scan
  TwelveData returned 1500 5m candles
  data source: twelvedata
  live quote: 4603.42
Outside trading session window (PKT). Skipping evaluation.
Thu Aug 27 20:30:33 UTC 2026: Scan finished OK, pinged healthcheck
Thu Aug 27 20:35:20 UTC 2026: Starting scan
  TwelveData returned 1500 5m candles
  data source: twelvedata
  live quote: 4603.63
Outside trading session window (PKT). Skipping evaluation.
Thu Aug 27 20:35:27 UTC 2026: Scan finished OK, pinged healthcheck
Thu Aug 27 20:40:20 UTC 2026: Starting scan
  TwelveData returned 1500 5m candles
  data source: twelvedata
  live quote: 4603.42
Outside trading session window (PKT). Skipping evaluation.
Thu Aug 27 20:40:26 UTC 2026: Scan finished OK, pinged healthcheck
Thu Aug 27 20:45:20 UTC 2026: Starting scan
  TwelveData returned 1500 5m candles
  data source: twelvedata
  live quote: 4604.05
Outside trading session window (PKT). Skipping evaluation.
Thu Aug 27 20:45:30 UTC 2026: Scan finished OK, pinged healthcheck
Thu Aug 27 20:50:20 UTC 2026: Starting scan
  TwelveData returned 1500 5m candles
  data source: twelvedata
  live quote: 4602.99
Outside trading session window (PKT). Skipping evaluation.
Thu Aug 27 20:50:27 UTC 2026: Scan finished OK, pinged healthcheck
Thu Aug 27 20:55:20 UTC 2026: Starting scan
  TwelveData returned 1500 5m candles
  data source: twelvedata
  live quote: 4601.72
Outside trading session window (PKT). Skipping evaluation.
Thu Aug 27 20:55:26 UTC 2026: Scan finished OK, pinged healthcheck
Thu Aug 27 21:00:20 UTC 2026: Starting scan
  TwelveData returned 1500 5m candles
  data source: twelvedata
  live quote: 4601.51
Outside trading session window (PKT). Skipping evaluation.
Thu Aug 27 21:00:44 UTC 2026: Scan finished OK, pinged healthcheck
Thu Aug 27 21:05:20 UTC 2026: Starting scan
  TwelveData returned 1500 5m candles
  data source: twelvedata
  live quote: 4599.60
Outside trading session window (PKT). Skipping evaluation.
Thu Aug 27 21:05:26 UTC 2026: Scan finished OK, pinged healthcheck
Thu Aug 27 21:10:20 UTC 2026: Starting scan
  TwelveData returned 1500 5m candles
  data source: twelvedata
  live quote: 4601.09
Outside trading session window (PKT). Skipping evaluation.
Thu Aug 27 21:10:29 UTC 2026: Scan finished OK, pinged healthcheck
Thu Aug 27 21:15:20 UTC 2026: Starting scan
  TwelveData returned 1500 5m candles
  data source: twelvedata
  live quote: 4601.30
Outside trading session window (PKT). Skipping evaluation.
Thu Aug 27 21:15:28 UTC 2026: Scan finished OK, pinged healthcheck
Thu Aug 27 21:20:20 UTC 2026: Starting scan
  TwelveData returned 1500 5m candles
  data source: twelvedata
  live quote: 4601.30
Outside trading session window (PKT). Skipping evaluation.
Thu Aug 27 21:20:26 UTC 2026: Scan finished OK, pinged healthcheck
Thu Aug 27 21:25:20 UTC 2026: Starting scan
  TwelveData returned 1500 5m candles
  data source: twelvedata
  live quote: 4601.30
Outside trading session window (PKT). Skipping evaluation.
Thu Aug 27 21:25:25 UTC 2026: Scan finished OK, pinged healthcheck
Thu Aug 27 21:30:20 UTC 2026: Starting scan
  TwelveData returned 1500 5m candles
  data source: twelvedata
  live quote: 4601.30
Outside trading session window (PKT). Skipping evaluation.
Thu Aug 27 21:30:27 UTC 2026: Scan finished OK, pinged healthcheck
Thu Aug 27 21:35:20 UTC 2026: Starting scan
  TwelveData returned 1500 5m candles
  data source: twelvedata
  live quote: 4601.09
Outside trading session window (PKT). Skipping evaluation.
Thu Aug 27 21:35:25 UTC 2026: Scan finished OK, pinged healthcheck
Thu Aug 27 21:40:20 UTC 2026: Starting scan
  TwelveData returned 1500 5m candles
  data source: twelvedata
  live quote: 4601.30
Outside trading session window (PKT). Skipping evaluation.
Thu Aug 27 21:40:26 UTC 2026: Scan finished OK, pinged healthcheck
Thu Aug 27 21:45:20 UTC 2026: Starting scan
  TwelveData returned 1500 5m candles
  data source: twelvedata
  live quote: 4601.30
Outside trading session window (PKT). Skipping evaluation.
Thu Aug 27 21:45:25 UTC 2026: Scan finished OK, pinged healthcheck
Thu Aug 27 21:50:20 UTC 2026: Starting scan
  TwelveData returned 1500 5m candles
  data source: twelvedata
  live quote: 4601.09
Outside trading session window (PKT). Skipping evaluation.
Thu Aug 27 21:50:26 UTC 2026: Scan finished OK, pinged healthcheck
Thu Aug 27 21:55:20 UTC 2026: Starting scan
  TwelveData returned 1500 5m candles
  data source: twelvedata
  live quote: 4601.30
Outside trading session window (PKT). Skipping evaluation.
Thu Aug 27 21:55:25 UTC 2026: Scan finished OK, pinged healthcheck
Thu Aug 27 22:00:20 UTC 2026: Starting scan
  TwelveData returned 1500 5m candles
  data source: twelvedata
  live quote: 4601.51
Outside trading session window (PKT). Skipping evaluation.
Thu Aug 27 22:00:27 UTC 2026: Scan finished OK, pinged healthcheck
Thu Aug 27 22:05:20 UTC 2026: Starting scan
  TwelveData returned 1500 5m candles
  data source: twelvedata
  live quote: 4602.57
Outside trading session window (PKT). Skipping evaluation.
Thu Aug 27 22:05:27 UTC 2026: Scan finished OK, pinged healthcheck
Thu Aug 27 22:10:20 UTC 2026: Starting scan
  TwelveData returned 1500 5m candles
  data source: twelvedata
  live quote: 4604.05
Outside trading session window (PKT). Skipping evaluation.
Thu Aug 27 22:10:27 UTC 2026: Scan finished OK, pinged healthcheck
Thu Aug 27 22:15:20 UTC 2026: Starting scan
  TwelveData returned 1500 5m candles
  data source: twelvedata
  live quote: 4604.26
Outside trading session window (PKT). Skipping evaluation.
Thu Aug 27 22:15:28 UTC 2026: Scan finished OK, pinged healthcheck
Thu Aug 27 22:20:20 UTC 2026: Starting scan
  TwelveData returned 1500 5m candles
  data source: twelvedata
  live quote: 4605.96
Outside trading session window (PKT). Skipping evaluation.
Thu Aug 27 22:20:26 UTC 2026: Scan finished OK, pinged healthcheck
Thu Aug 27 22:25:20 UTC 2026: Starting scan
  TwelveData returned 1500 5m candles
  data source: twelvedata
  live quote: 4608.29
Outside trading session window (PKT). Skipping evaluation.
Thu Aug 27 22:25:26 UTC 2026: Scan finished OK, pinged healthcheck
Thu Aug 27 22:30:20 UTC 2026: Starting scan
  TwelveData returned 1500 5m candles
  data source: twelvedata
  live quote: 4607.45
Outside trading session window (PKT). Skipping evaluation.
Thu Aug 27 22:30:27 UTC 2026: Scan finished OK, pinged healthcheck
Thu Aug 27 22:35:20 UTC 2026: Starting scan
  TwelveData returned 1500 5m candles
  data source: twelvedata
  live quote: 4608.72
Outside trading session window (PKT). Skipping evaluation.
Thu Aug 27 22:35:26 UTC 2026: Scan finished OK, pinged healthcheck
Thu Aug 27 22:40:20 UTC 2026: Starting scan
  TwelveData returned 1500 5m candles
  data source: twelvedata
  live quote: 4609.14
Outside trading session window (PKT). Skipping evaluation.
Thu Aug 27 22:40:26 UTC 2026: Scan finished OK, pinged healthcheck
Thu Aug 27 22:45:20 UTC 2026: Starting scan
  TwelveData returned 1500 5m candles
  data source: twelvedata
  live quote: 4608.08
Outside trading session window (PKT). Skipping evaluation.
Thu Aug 27 22:45:26 UTC 2026: Scan finished OK, pinged healthcheck
Thu Aug 27 22:50:20 UTC 2026: Starting scan
  TwelveData returned 1500 5m candles
  data source: twelvedata
  live quote: 4607.45
Outside trading session window (PKT). Skipping evaluation.
Thu Aug 27 22:50:26 UTC 2026: Scan finished OK, pinged healthcheck
Thu Aug 27 22:55:20 UTC 2026: Starting scan
  TwelveData returned 1500 5m candles
  data source: twelvedata
  live quote: 4609.57
Outside trading session window (PKT). Skipping evaluation.
Thu Aug 27 22:55:26 UTC 2026: Scan finished OK, pinged healthcheck
Thu Aug 27 23:00:20 UTC 2026: Starting scan
  TwelveData returned 1500 5m candles
  data source: twelvedata
  live quote: 4610.63
Outside trading session window (PKT). Skipping evaluation.
Thu Aug 27 23:00:27 UTC 2026: Scan finished OK, pinged healthcheck
Thu Aug 27 23:05:20 UTC 2026: Starting scan
  TwelveData returned 1500 5m candles
  data source: twelvedata
  live quote: 4609.57
Outside trading session window (PKT). Skipping evaluation.
Thu Aug 27 23:05:26 UTC 2026: Scan finished OK, pinged healthcheck
Thu Aug 27 23:10:20 UTC 2026: Starting scan
  TwelveData returned 1500 5m candles
  data source: twelvedata
  live quote: 4608.08
Outside trading session window (PKT). Skipping evaluation.
Thu Aug 27 23:10:27 UTC 2026: Scan finished OK, pinged healthcheck
Thu Aug 27 23:15:20 UTC 2026: Starting scan
  TwelveData returned 1500 5m candles
  data source: twelvedata
  live quote: 4603.63
Outside trading session window (PKT). Skipping evaluation.
Thu Aug 27 23:15:26 UTC 2026: Scan finished OK, pinged healthcheck
Thu Aug 27 23:20:20 UTC 2026: Starting scan
  TwelveData returned 1500 5m candles
  data source: twelvedata
  live quote: 4602.78
Outside trading session window (PKT). Skipping evaluation.
Thu Aug 27 23:20:26 UTC 2026: Scan finished OK, pinged healthcheck
Thu Aug 27 23:25:20 UTC 2026: Starting scan
  TwelveData returned 1500 5m candles
  data source: twelvedata
  live quote: 4602.57
Outside trading session window (PKT). Skipping evaluation.
Thu Aug 27 23:25:26 UTC 2026: Scan finished OK, pinged healthcheck
Thu Aug 27 23:30:20 UTC 2026: Starting scan
  TwelveData returned 1500 5m candles
  data source: twelvedata
  live quote: 4601.09
Outside trading session window (PKT). Skipping evaluation.
Thu Aug 27 23:30:29 UTC 2026: Scan finished OK, pinged healthcheck
Thu Aug 27 23:35:20 UTC 2026: Starting scan
  TwelveData returned 1500 5m candles
  data source: twelvedata
  live quote: 4599.82
Outside trading session window (PKT). Skipping evaluation.
Thu Aug 27 23:35:25 UTC 2026: Scan finished OK, pinged healthcheck
Thu Aug 27 23:40:20 UTC 2026: Starting scan
  TwelveData returned 1500 5m candles
  data source: twelvedata
  live quote: 4600.03
Outside trading session window (PKT). Skipping evaluation.
Thu Aug 27 23:40:26 UTC 2026: Scan finished OK, pinged healthcheck
Thu Aug 27 23:45:20 UTC 2026: Starting scan
  TwelveData returned 1500 5m candles
  data source: twelvedata
  live quote: 4599.82
Outside trading session window (PKT). Skipping evaluation.
Thu Aug 27 23:45:26 UTC 2026: Scan finished OK, pinged healthcheck
Thu Aug 27 23:50:20 UTC 2026: Starting scan
  TwelveData returned 1500 5m candles
  data source: twelvedata
  live quote: 4596.64
  notified -> telegram:True discord:True
Outside trading session window (PKT). Skipping evaluation.
Thu Aug 27 23:50:27 UTC 2026: Scan finished OK, pinged healthcheck
Thu Aug 27 23:55:20 UTC 2026: Starting scan
  TwelveData returned 1500 5m candles
  data source: twelvedata
  live quote: 4595.38
Outside trading session window (PKT). Skipping evaluation.
Thu Aug 27 23:55:25 UTC 2026: Scan finished OK, pinged healthcheck
Fri Aug 28 00:00:20 UTC 2026: Starting scan
  TwelveData returned 1500 5m candles
  data source: twelvedata
  live quote: 4594.95
Outside trading session window (PKT). Skipping evaluation.
Fri Aug 28 00:00:39 UTC 2026: Scan finished OK, pinged healthcheck
Fri Aug 28 00:05:20 UTC 2026: Starting scan
  TwelveData returned 1500 5m candles
  data source: twelvedata
  live quote: 4597.07
Outside trading session window (PKT). Skipping evaluation.
Fri Aug 28 00:05:28 UTC 2026: Scan finished OK, pinged healthcheck
Fri Aug 28 00:10:20 UTC 2026: Starting scan
  TwelveData returned 1500 5m candles
  data source: twelvedata
  live quote: 4598.55
Outside trading session window (PKT). Skipping evaluation.
Fri Aug 28 00:10:27 UTC 2026: Scan finished OK, pinged healthcheck
Fri Aug 28 00:15:20 UTC 2026: Starting scan
  TwelveData returned 1500 5m candles
  data source: twelvedata
  live quote: 4600.87
Outside trading session window (PKT). Skipping evaluation.
Fri Aug 28 00:15:29 UTC 2026: Scan finished OK, pinged healthcheck
Fri Aug 28 00:20:20 UTC 2026: Starting scan
  TwelveData returned 1500 5m candles
  data source: twelvedata
  live quote: 4594.74
Outside trading session window (PKT). Skipping evaluation.
Fri Aug 28 00:20:27 UTC 2026: Scan finished OK, pinged healthcheck
Fri Aug 28 00:25:20 UTC 2026: Starting scan
  TwelveData returned 1500 5m candles
  data source: twelvedata
  live quote: 4593.69
Outside trading session window (PKT). Skipping evaluation.
Fri Aug 28 00:25:26 UTC 2026: Scan finished OK, pinged healthcheck
Fri Aug 28 00:30:20 UTC 2026: Starting scan
  TwelveData returned 1500 5m candles
  data source: twelvedata
  live quote: 4592.42
Outside trading session window (PKT). Skipping evaluation.
Fri Aug 28 00:30:35 UTC 2026: Scan finished OK, pinged healthcheck
Fri Aug 28 00:35:20 UTC 2026: Starting scan
  TwelveData returned 1500 5m candles
  data source: twelvedata
  live quote: 4589.47
Outside trading session window (PKT). Skipping evaluation.
Fri Aug 28 00:35:27 UTC 2026: Scan finished OK, pinged healthcheck
Fri Aug 28 00:40:20 UTC 2026: Starting scan
  TwelveData returned 1500 5m candles
  data source: twelvedata
  live quote: 4589.47
Outside trading session window (PKT). Skipping evaluation.
Fri Aug 28 00:40:26 UTC 2026: Scan finished OK, pinged healthcheck
Fri Aug 28 00:45:20 UTC 2026: Starting scan
  TwelveData returned 1500 5m candles
  data source: twelvedata
  live quote: 4589.47
Outside trading session window (PKT). Skipping evaluation.
Fri Aug 28 00:45:28 UTC 2026: Scan finished OK, pinged healthcheck
Fri Aug 28 00:50:20 UTC 2026: Starting scan
  TwelveData returned 1500 5m candles
  data source: twelvedata
  live quote: 4587.37
Outside trading session window (PKT). Skipping evaluation.
Fri Aug 28 00:50:26 UTC 2026: Scan finished OK, pinged healthcheck
Fri Aug 28 00:55:20 UTC 2026: Starting scan
  TwelveData returned 1500 5m candles
  data source: twelvedata
  live quote: 4587.37
Outside trading session window (PKT). Skipping evaluation.
Fri Aug 28 00:55:26 UTC 2026: Scan finished OK, pinged healthcheck
Fri Aug 28 01:00:20 UTC 2026: Starting scan
  TwelveData returned 1500 5m candles
  data source: twelvedata
  live quote: 4588.42
Outside trading session window (PKT). Skipping evaluation.
Fri Aug 28 01:00:28 UTC 2026: Scan finished OK, pinged healthcheck
Fri Aug 28 01:05:20 UTC 2026: Starting scan
  TwelveData returned 1500 5m candles
  data source: twelvedata
  live quote: 4595.17
Outside trading session window (PKT). Skipping evaluation.
Fri Aug 28 01:05:26 UTC 2026: Scan finished OK, pinged healthcheck
Fri Aug 28 01:10:20 UTC 2026: Starting scan
  TwelveData returned 1500 5m candles
  data source: twelvedata
  live quote: 4598.12
Outside trading session window (PKT). Skipping evaluation.
Fri Aug 28 01:10:28 UTC 2026: Scan finished OK, pinged healthcheck
Fri Aug 28 01:15:20 UTC 2026: Starting scan
  TwelveData returned 1500 5m candles
  data source: twelvedata
  live quote: 4593.27
Outside trading session window (PKT). Skipping evaluation.
Fri Aug 28 01:15:28 UTC 2026: Scan finished OK, pinged healthcheck
Fri Aug 28 01:20:20 UTC 2026: Starting scan
  TwelveData returned 1500 5m candles
  data source: twelvedata
  live quote: 4596.64
Outside trading session window (PKT). Skipping evaluation.
Fri Aug 28 01:20:26 UTC 2026: Scan finished OK, pinged healthcheck
Fri Aug 28 01:25:20 UTC 2026: Starting scan
  TwelveData returned 1500 5m candles
  data source: twelvedata
  live quote: 4593.48
Outside trading session window (PKT). Skipping evaluation.
Fri Aug 28 01:25:27 UTC 2026: Scan finished OK, pinged healthcheck
Fri Aug 28 01:30:20 UTC 2026: Starting scan
  TwelveData returned 1500 5m candles
  data source: twelvedata
  live quote: 4584.63
Outside trading session window (PKT). Skipping evaluation.
Fri Aug 28 01:30:29 UTC 2026: Scan finished OK, pinged healthcheck
Fri Aug 28 01:35:20 UTC 2026: Starting scan
  TwelveData returned 1500 5m candles
  data source: twelvedata
  live quote: 4587.16
Outside trading session window (PKT). Skipping evaluation.
Fri Aug 28 01:35:27 UTC 2026: Scan finished OK, pinged healthcheck
Fri Aug 28 01:40:20 UTC 2026: Starting scan
  TwelveData returned 1500 5m candles
  data source: twelvedata
  live quote: 4581.48
Outside trading session window (PKT). Skipping evaluation.
Fri Aug 28 01:40:27 UTC 2026: Scan finished OK, pinged healthcheck
Fri Aug 28 01:45:20 UTC 2026: Starting scan
  TwelveData returned 1500 5m candles
  data source: twelvedata
  live quote: 4581.90
Outside trading session window (PKT). Skipping evaluation.
Fri Aug 28 01:45:32 UTC 2026: Scan finished OK, pinged healthcheck
Fri Aug 28 01:50:20 UTC 2026: Starting scan
  TwelveData returned 1500 5m candles
  data source: twelvedata
  live quote: 4581.06
Outside trading session window (PKT). Skipping evaluation.
Fri Aug 28 01:50:27 UTC 2026: Scan finished OK, pinged healthcheck
Fri Aug 28 01:55:20 UTC 2026: Starting scan
  TwelveData returned 1500 5m candles
  data source: twelvedata
  live quote: 4577.08
Outside trading session window (PKT). Skipping evaluation.
Fri Aug 28 01:55:26 UTC 2026: Scan finished OK, pinged healthcheck
Fri Aug 28 02:00:20 UTC 2026: Starting scan
  TwelveData returned 1500 5m candles
  data source: twelvedata
  live quote: 4576.24
Evaluated state: NO_TRADE | spot: 4576.24016
Fri Aug 28 02:00:29 UTC 2026: Scan finished OK, pinged healthcheck
Fri Aug 28 02:05:20 UTC 2026: Starting scan
  TwelveData returned 1500 5m candles
  data source: twelvedata
  live quote: 4576.45
Evaluated state: NO_TRADE | spot: 4576.44959
No state change, no notification sent.
Fri Aug 28 02:05:27 UTC 2026: Scan finished OK, pinged healthcheck
Fri Aug 28 02:10:20 UTC 2026: Starting scan
  TwelveData returned 1500 5m candles
  data source: twelvedata
  live quote: 4580.43
Evaluated state: NO_TRADE | spot: 4580.43239
No state change, no notification sent.
Fri Aug 28 02:10:28 UTC 2026: Scan finished OK, pinged healthcheck
Fri Aug 28 02:15:20 UTC 2026: Starting scan
  TwelveData returned 1500 5m candles
  data source: twelvedata
  live quote: 4581.27
Evaluated state: NO_TRADE | spot: 4581.27176
No state change, no notification sent.
Fri Aug 28 02:15:31 UTC 2026: Scan finished OK, pinged healthcheck
Fri Aug 28 02:20:20 UTC 2026: Starting scan
  TwelveData returned 1500 5m candles
  data source: twelvedata
  live quote: 4580.85
Evaluated state: NO_TRADE | spot: 4580.85204
No state change, no notification sent.
Fri Aug 28 02:20:28 UTC 2026: Scan finished OK, pinged healthcheck
Fri Aug 28 02:25:20 UTC 2026: Starting scan
  TwelveData returned 1500 5m candles
  data source: twelvedata
  live quote: 4583.16
Evaluated state: NO_TRADE | spot: 4583.16146
No state change, no notification sent.
Fri Aug 28 02:25:27 UTC 2026: Scan finished OK, pinged healthcheck
Fri Aug 28 02:30:20 UTC 2026: Starting scan
  TwelveData returned 1500 5m candles
  data source: twelvedata
  live quote: 4584.21
Evaluated state: NO_TRADE | spot: 4584.21197
No state change, no notification sent.
Fri Aug 28 02:30:30 UTC 2026: Scan finished OK, pinged healthcheck
Fri Aug 28 02:35:20 UTC 2026: Starting scan
  TwelveData returned 1500 5m candles
  data source: twelvedata
  live quote: 4584.84
Evaluated state: NO_TRADE | spot: 4584.84251
No state change, no notification sent.
Fri Aug 28 02:35:27 UTC 2026: Scan finished OK, pinged healthcheck
Fri Aug 28 02:40:20 UTC 2026: Starting scan
  TwelveData returned 1500 5m candles
  data source: twelvedata
  live quote: 4589.26
Evaluated state: NO_TRADE | spot: 4589.26113
No state change, no notification sent.
Fri Aug 28 02:40:27 UTC 2026: Scan finished OK, pinged healthcheck
Fri Aug 28 02:45:20 UTC 2026: Starting scan
  TwelveData returned 1500 5m candles
  data source: twelvedata
  live quote: 4584.21
Evaluated state: NO_TRADE | spot: 4584.21197
No state change, no notification sent.
Fri Aug 28 02:45:27 UTC 2026: Scan finished OK, pinged healthcheck
Fri Aug 28 02:50:20 UTC 2026: Starting scan
  TwelveData returned 1500 5m candles
  data source: twelvedata
  live quote: 4585.05
Evaluated state: NO_TRADE | spot: 4585.05273
No state change, no notification sent.
Fri Aug 28 02:50:27 UTC 2026: Scan finished OK, pinged healthcheck
Fri Aug 28 02:55:20 UTC 2026: Starting scan
  TwelveData returned 1500 5m candles
  data source: twelvedata
  live quote: 4585.89
Evaluated state: NO_TRADE | spot: 4585.89379
No state change, no notification sent.
Fri Aug 28 02:55:27 UTC 2026: Scan finished OK, pinged healthcheck
Fri Aug 28 03:00:20 UTC 2026: Starting scan
  TwelveData returned 1500 5m candles
  data source: twelvedata
  live quote: 4585.89
Evaluated state: NO_TRADE | spot: 4585.89379
No state change, no notification sent.
Fri Aug 28 03:00:30 UTC 2026: Scan finished OK, pinged healthcheck
Fri Aug 28 03:05:20 UTC 2026: Starting scan
  TwelveData returned 1500 5m candles
  data source: twelvedata
  live quote: 4587.16
Evaluated state: NO_TRADE | spot: 4587.15596
No state change, no notification sent.
Fri Aug 28 03:05:27 UTC 2026: Scan finished OK, pinged healthcheck
Fri Aug 28 03:10:20 UTC 2026: Starting scan
  TwelveData returned 1500 5m candles
  data source: twelvedata
  live quote: 4585.89
Evaluated state: NO_TRADE | spot: 4585.89379
No state change, no notification sent.
Fri Aug 28 03:10:29 UTC 2026: Scan finished OK, pinged healthcheck
Fri Aug 28 03:15:20 UTC 2026: Starting scan
  TwelveData returned 1500 5m candles
  data source: twelvedata
  live quote: 4584.00
Evaluated state: NO_TRADE | spot: 4584.00183
No state change, no notification sent.
Fri Aug 28 03:15:28 UTC 2026: Scan finished OK, pinged healthcheck
Fri Aug 28 03:20:20 UTC 2026: Starting scan
  TwelveData returned 1500 5m candles
  data source: twelvedata
  live quote: 4587.16
Evaluated state: NO_TRADE | spot: 4587.15596
No state change, no notification sent.
Fri Aug 28 03:20:27 UTC 2026: Scan finished OK, pinged healthcheck
Fri Aug 28 03:25:20 UTC 2026: Starting scan
  TwelveData returned 1500 5m candles
  data source: twelvedata
  live quote: 4588.84
Evaluated state: NO_TRADE | spot: 4588.83994
No state change, no notification sent.
Fri Aug 28 03:25:27 UTC 2026: Scan finished OK, pinged healthcheck
Fri Aug 28 03:30:20 UTC 2026: Starting scan
  TwelveData returned 1500 5m candles
  data source: twelvedata
  live quote: 4588.21
Evaluated state: NO_TRADE | spot: 4588.2083
No state change, no notification sent.
Fri Aug 28 03:30:29 UTC 2026: Scan finished OK, pinged healthcheck
Fri Aug 28 03:35:20 UTC 2026: Starting scan
  TwelveData returned 1500 5m candles
  data source: twelvedata
  live quote: 4584.21
Evaluated state: NO_TRADE | spot: 4584.21197
No state change, no notification sent.
Fri Aug 28 03:35:27 UTC 2026: Scan finished OK, pinged healthcheck
Fri Aug 28 03:40:20 UTC 2026: Starting scan
  TwelveData returned 1500 5m candles
  data source: twelvedata
  live quote: 4582.74
Evaluated state: NO_TRADE | spot: 4582.7414
No state change, no notification sent.
Fri Aug 28 03:40:27 UTC 2026: Scan finished OK, pinged healthcheck
Fri Aug 28 03:45:20 UTC 2026: Starting scan
  TwelveData returned 1500 5m candles
  data source: twelvedata
  live quote: 4582.11
Evaluated state: NO_TRADE | spot: 4582.11144
No state change, no notification sent.
Fri Aug 28 03:45:28 UTC 2026: Scan finished OK, pinged healthcheck
Fri Aug 28 03:50:20 UTC 2026: Starting scan
  TwelveData returned 1500 5m candles
  data source: twelvedata
  live quote: 4580.22
Evaluated state: NO_TRADE | spot: 4580.2226
No state change, no notification sent.
Fri Aug 28 03:50:27 UTC 2026: Scan finished OK, pinged healthcheck
Fri Aug 28 03:55:20 UTC 2026: Starting scan
  TwelveData returned 1500 5m candles
  data source: twelvedata
  live quote: 4579.17
Evaluated state: NO_TRADE | spot: 4579.17392
No state change, no notification sent.
Fri Aug 28 03:55:26 UTC 2026: Scan finished OK, pinged healthcheck
Fri Aug 28 04:00:20 UTC 2026: Starting scan
  TwelveData returned 1500 5m candles
  data source: twelvedata
  live quote: 4579.59
Evaluated state: NO_TRADE | spot: 4579.59333
No state change, no notification sent.
Fri Aug 28 04:00:37 UTC 2026: Scan finished OK, pinged healthcheck
Fri Aug 28 04:05:20 UTC 2026: Starting scan
  TwelveData returned 1500 5m candles
  data source: twelvedata
  live quote: 4579.38
Evaluated state: NO_TRADE | spot: 4579.38361
No state change, no notification sent.
Fri Aug 28 04:05:27 UTC 2026: Scan finished OK, pinged healthcheck
Fri Aug 28 04:10:20 UTC 2026: Starting scan
  TwelveData returned 1500 5m candles
  data source: twelvedata
  live quote: 4579.17
Evaluated state: NO_TRADE | spot: 4579.17392
No state change, no notification sent.
Fri Aug 28 04:10:26 UTC 2026: Scan finished OK, pinged healthcheck
Fri Aug 28 04:15:20 UTC 2026: Starting scan
  TwelveData returned 1500 5m candles
  data source: twelvedata
  live quote: 4580.01
Evaluated state: NO_TRADE | spot: 4580.01282
No state change, no notification sent.
Fri Aug 28 04:15:28 UTC 2026: Scan finished OK, pinged healthcheck
Fri Aug 28 04:20:20 UTC 2026: Starting scan
  TwelveData returned 1500 5m candles
  data source: twelvedata
  live quote: 4582.32
Evaluated state: NO_TRADE | spot: 4582.3214
No state change, no notification sent.
Fri Aug 28 04:20:26 UTC 2026: Scan finished OK, pinged healthcheck
Fri Aug 28 04:25:20 UTC 2026: Starting scan
  TwelveData returned 1500 5m candles
  data source: twelvedata
  live quote: 4583.37
Evaluated state: NO_TRADE | spot: 4583.37153
No state change, no notification sent.
Fri Aug 28 04:25:27 UTC 2026: Scan finished OK, pinged healthcheck
Fri Aug 28 04:30:20 UTC 2026: Starting scan
  TwelveData returned 1500 5m candles
  data source: twelvedata
  live quote: 4584.00
Evaluated state: NO_TRADE | spot: 4584.00183
No state change, no notification sent.
Fri Aug 28 04:30:28 UTC 2026: Scan finished OK, pinged healthcheck
Fri Aug 28 04:35:20 UTC 2026: Starting scan
  TwelveData returned 1500 5m candles
  data source: twelvedata
  live quote: 4582.11
Evaluated state: NO_TRADE | spot: 4582.11144
No state change, no notification sent.
Fri Aug 28 04:35:26 UTC 2026: Scan finished OK, pinged healthcheck
Fri Aug 28 04:40:20 UTC 2026: Starting scan
  TwelveData returned 1500 5m candles
  data source: twelvedata
  live quote: 4578.54
Evaluated state: NO_TRADE | spot: 4578.54494
No state change, no notification sent.
Fri Aug 28 04:40:26 UTC 2026: Scan finished OK, pinged healthcheck
Fri Aug 28 04:45:20 UTC 2026: Starting scan
  TwelveData returned 1500 5m candles
  data source: twelvedata
  live quote: 4580.01
Evaluated state: NO_TRADE | spot: 4580.01282
No state change, no notification sent.
Fri Aug 28 04:45:28 UTC 2026: Scan finished OK, pinged healthcheck
Fri Aug 28 04:50:20 UTC 2026: Starting scan
  TwelveData returned 1500 5m candles
  data source: twelvedata
  live quote: 4581.69
Evaluated state: NO_TRADE | spot: 4581.69156
No state change, no notification sent.
Fri Aug 28 04:50:26 UTC 2026: Scan finished OK, pinged healthcheck
Fri Aug 28 04:55:20 UTC 2026: Starting scan
  TwelveData returned 1500 5m candles
  data source: twelvedata
  live quote: 4582.11
Evaluated state: NO_TRADE | spot: 4582.11144
No state change, no notification sent.
Fri Aug 28 04:55:27 UTC 2026: Scan finished OK, pinged healthcheck
Fri Aug 28 05:00:20 UTC 2026: Starting scan
  TwelveData returned 1500 5m candles
  data source: twelvedata
  live quote: 4584.84
Evaluated state: NO_TRADE | spot: 4584.84251
No state change, no notification sent.
Fri Aug 28 05:00:29 UTC 2026: Scan finished OK, pinged healthcheck
Fri Aug 28 05:05:20 UTC 2026: Starting scan
  TwelveData returned 1500 5m candles
  data source: twelvedata
  live quote: 4582.95
Evaluated state: NO_TRADE | spot: 4582.95142
No state change, no notification sent.
Fri Aug 28 05:05:26 UTC 2026: Scan finished OK, pinged healthcheck
Fri Aug 28 05:10:20 UTC 2026: Starting scan
  TwelveData returned 1500 5m candles
  data source: twelvedata
  live quote: 4580.01
Evaluated state: NO_TRADE | spot: 4580.01282
No state change, no notification sent.
Fri Aug 28 05:10:27 UTC 2026: Scan finished OK, pinged healthcheck
Fri Aug 28 05:15:20 UTC 2026: Starting scan
  TwelveData returned 1500 5m candles
  data source: twelvedata
  live quote: 4580.01
Evaluated state: NO_TRADE | spot: 4580.01282
No state change, no notification sent.
Fri Aug 28 05:15:27 UTC 2026: Scan finished OK, pinged healthcheck
Fri Aug 28 05:20:20 UTC 2026: Starting scan
  TwelveData returned 1500 5m candles
  data source: twelvedata
  live quote: 4581.06
Evaluated state: NO_TRADE | spot: 4581.06189
No state change, no notification sent.
Fri Aug 28 05:20:26 UTC 2026: Scan finished OK, pinged healthcheck
Fri Aug 28 05:25:20 UTC 2026: Starting scan
  TwelveData returned 1500 5m candles
  data source: twelvedata
  live quote: 4584.42
Evaluated state: NO_TRADE | spot: 4584.42213
No state change, no notification sent.
Fri Aug 28 05:25:27 UTC 2026: Scan finished OK, pinged healthcheck
Fri Aug 28 05:30:20 UTC 2026: Starting scan
  TwelveData returned 1500 5m candles
  data source: twelvedata
  live quote: 4583.37
Evaluated state: NO_TRADE | spot: 4583.37153
No state change, no notification sent.
Fri Aug 28 05:30:28 UTC 2026: Scan finished OK, pinged healthcheck
Fri Aug 28 05:35:20 UTC 2026: Starting scan
  TwelveData returned 1500 5m candles
  data source: twelvedata
  live quote: 4578.96
Evaluated state: NO_TRADE | spot: 4578.96424
No state change, no notification sent.
Fri Aug 28 05:35:27 UTC 2026: Scan finished OK, pinged healthcheck
Fri Aug 28 05:40:20 UTC 2026: Starting scan
  TwelveData returned 1500 5m candles
  data source: twelvedata
  live quote: 4574.77
Evaluated state: PRE_SELL | spot: 4574.77469
  notified -> telegram:True discord:True
Fri Aug 28 05:40:29 UTC 2026: Scan finished OK, pinged healthcheck
Fri Aug 28 05:45:20 UTC 2026: Starting scan
  TwelveData returned 1500 5m candles
  data source: twelvedata
  live quote: 4572.68
Evaluated state: NO_TRADE | spot: 4572.68279
Fri Aug 28 05:45:28 UTC 2026: Scan finished OK, pinged healthcheck
Fri Aug 28 05:50:20 UTC 2026: Starting scan
  TwelveData returned 1500 5m candles
  data source: twelvedata
  live quote: 4573.94
Evaluated state: NO_TRADE | spot: 4573.9377
No state change, no notification sent.
Fri Aug 28 05:50:26 UTC 2026: Scan finished OK, pinged healthcheck
Fri Aug 28 05:55:20 UTC 2026: Starting scan
  TwelveData returned 1500 5m candles
  data source: twelvedata
  live quote: 4576.45
Evaluated state: NO_TRADE | spot: 4576.44959
No state change, no notification sent.
Fri Aug 28 05:55:27 UTC 2026: Scan finished OK, pinged healthcheck
Fri Aug 28 06:00:20 UTC 2026: Starting scan
  TwelveData returned 1500 5m candles
  data source: twelvedata
  live quote: 4575.61
Evaluated state: NO_TRADE | spot: 4575.61199
No state change, no notification sent.
Fri Aug 28 06:00:28 UTC 2026: Scan finished OK, pinged healthcheck
Fri Aug 28 06:05:20 UTC 2026: Starting scan
  TwelveData returned 1500 5m candles
  data source: twelvedata
  live quote: 4576.87
Evaluated state: NO_TRADE | spot: 4576.86851
No state change, no notification sent.
Fri Aug 28 06:05:28 UTC 2026: Scan finished OK, pinged healthcheck
Fri Aug 28 06:10:20 UTC 2026: Starting scan
  TwelveData returned 1500 5m candles
  data source: twelvedata
  live quote: 4579.59
Evaluated state: NO_TRADE | spot: 4579.59333
No state change, no notification sent.
Fri Aug 28 06:10:28 UTC 2026: Scan finished OK, pinged healthcheck
Fri Aug 28 06:15:20 UTC 2026: Starting scan
  TwelveData returned 1500 5m candles
  data source: twelvedata
  live quote: 4582.11
  notified -> telegram:True discord:True
Evaluated state: NO_TRADE | spot: 4582.11144
No state change, no notification sent.
Fri Aug 28 06:15:30 UTC 2026: Scan finished OK, pinged healthcheck
Fri Aug 28 06:20:20 UTC 2026: Starting scan
  TwelveData returned 1500 5m candles
  data source: twelvedata
  live quote: 4581.48
Evaluated state: NO_TRADE | spot: 4581.48165
No state change, no notification sent.
Fri Aug 28 06:20:27 UTC 2026: Scan finished OK, pinged healthcheck
Fri Aug 28 06:25:20 UTC 2026: Starting scan
  TwelveData returned 1500 5m candles
  data source: twelvedata
  live quote: 4584.00
Evaluated state: PRE_BUY | spot: 4584.00183
  notified -> telegram:True discord:True
Fri Aug 28 06:25:31 UTC 2026: Scan finished OK, pinged healthcheck
Fri Aug 28 06:30:20 UTC 2026: Starting scan
  TwelveData returned 1500 5m candles
  data source: twelvedata
  live quote: 4584.84
Evaluated state: PRE_BUY | spot: 4584.84251
No state change, no notification sent.
Fri Aug 28 06:30:32 UTC 2026: Scan finished OK, pinged healthcheck
Fri Aug 28 06:35:20 UTC 2026: Starting scan
  TwelveData returned 1500 5m candles
  data source: twelvedata
  live quote: 4584.00
Evaluated state: PRE_BUY | spot: 4584.00183
No state change, no notification sent.
Fri Aug 28 06:35:28 UTC 2026: Scan finished OK, pinged healthcheck
Fri Aug 28 06:40:20 UTC 2026: Starting scan
  TwelveData returned 1500 5m candles
  data source: twelvedata
  live quote: 4586.52
Evaluated state: PRE_BUY | spot: 4586.52479
No state change, no notification sent.
Fri Aug 28 06:40:28 UTC 2026: Scan finished OK, pinged healthcheck
Fri Aug 28 06:45:20 UTC 2026: Starting scan
  TwelveData returned 1500 5m candles
  data source: twelvedata
  live quote: 4587.16
Evaluated state: PRE_BUY | spot: 4587.15596
No state change, no notification sent.
Fri Aug 28 06:45:29 UTC 2026: Scan finished OK, pinged healthcheck
Fri Aug 28 06:50:20 UTC 2026: Starting scan
  TwelveData returned 1500 5m candles
  data source: twelvedata
  live quote: 4596.86
  notified -> telegram:True discord:True
Evaluated state: PRE_BUY | spot: 4596.85575
No state change, no notification sent.
Fri Aug 28 06:50:29 UTC 2026: Scan finished OK, pinged healthcheck
Fri Aug 28 06:55:20 UTC 2026: Starting scan
  TwelveData returned 1500 5m candles
  data source: twelvedata
  live quote: 4604.26
Evaluated state: PRE_BUY | spot: 4604.26355
No state change, no notification sent.
Fri Aug 28 06:55:28 UTC 2026: Scan finished OK, pinged healthcheck
Fri Aug 28 07:00:20 UTC 2026: Starting scan
  TwelveData returned 1500 5m candles
  data source: twelvedata
  live quote: 4611.27
Evaluated state: PRE_BUY | spot: 4611.26994
No state change, no notification sent.
Fri Aug 28 07:00:54 UTC 2026: Scan finished OK, pinged healthcheck
Fri Aug 28 07:05:20 UTC 2026: Starting scan
  TwelveData returned 1500 5m candles
  data source: twelvedata
  live quote: 4607.87
Evaluated state: PRE_BUY | spot: 4607.87024
No state change, no notification sent.
Fri Aug 28 07:05:28 UTC 2026: Scan finished OK, pinged healthcheck
Fri Aug 28 07:10:20 UTC 2026: Starting scan
  TwelveData returned 1500 5m candles
  data source: twelvedata
  live quote: 4600.45
Evaluated state: PRE_BUY | spot: 4600.45084
No state change, no notification sent.
Fri Aug 28 07:10:28 UTC 2026: Scan finished OK, pinged healthcheck
Fri Aug 28 07:15:20 UTC 2026: Starting scan
  TwelveData returned 1500 5m candles
  data source: twelvedata
  live quote: 4602.36
Evaluated state: PRE_BUY | spot: 4602.35641
No state change, no notification sent.
Fri Aug 28 07:15:30 UTC 2026: Scan finished OK, pinged healthcheck
Fri Aug 28 07:20:20 UTC 2026: Starting scan
  TwelveData returned 1500 5m candles
  data source: twelvedata
  live quote: 4605.11
Evaluated state: PRE_BUY | spot: 4605.11167
No state change, no notification sent.
Fri Aug 28 07:20:31 UTC 2026: Scan finished OK, pinged healthcheck
Fri Aug 28 07:25:20 UTC 2026: Starting scan
  TwelveData returned 1500 5m candles
  data source: twelvedata
  live quote: 4607.87
Evaluated state: PRE_BUY | spot: 4607.87024
No state change, no notification sent.
Fri Aug 28 07:25:28 UTC 2026: Scan finished OK, pinged healthcheck
Fri Aug 28 07:30:20 UTC 2026: Starting scan
  TwelveData returned 1500 5m candles
  data source: twelvedata
  live quote: 4607.66
Evaluated state: PRE_BUY | spot: 4607.65793
No state change, no notification sent.
Fri Aug 28 07:30:34 UTC 2026: Scan finished OK, pinged healthcheck
Fri Aug 28 07:35:20 UTC 2026: Starting scan
  TwelveData returned 1500 5m candles
  data source: twelvedata
  live quote: 4612.12
Evaluated state: PRE_BUY | spot: 4612.12065
No state change, no notification sent.
Fri Aug 28 07:35:28 UTC 2026: Scan finished OK, pinged healthcheck
Fri Aug 28 07:40:20 UTC 2026: Starting scan
  TwelveData returned 1500 5m candles
  data source: twelvedata
  live quote: 4610.63
Evaluated state: PRE_BUY | spot: 4610.63212
No state change, no notification sent.
Fri Aug 28 07:40:27 UTC 2026: Scan finished OK, pinged healthcheck
Fri Aug 28 07:45:20 UTC 2026: Starting scan
  TwelveData returned 1500 5m candles
  data source: twelvedata
  live quote: 4609.57
Evaluated state: NO_TRADE | spot: 4609.56947
Fri Aug 28 07:45:34 UTC 2026: Scan finished OK, pinged healthcheck
Fri Aug 28 07:50:20 UTC 2026: Starting scan
  TwelveData returned 1500 5m candles
  data source: twelvedata
  live quote: 4610.42
Evaluated state: NO_TRADE | spot: 4610.41955
No state change, no notification sent.
Fri Aug 28 07:50:30 UTC 2026: Scan finished OK, pinged healthcheck
Fri Aug 28 07:55:20 UTC 2026: Starting scan
  TwelveData returned 1500 5m candles
  data source: twelvedata
  live quote: 4611.70
Evaluated state: PRE_BUY | spot: 4611.69526
  notified -> telegram:True discord:True
Fri Aug 28 07:55:29 UTC 2026: Scan finished OK, pinged healthcheck
Fri Aug 28 08:00:20 UTC 2026: Starting scan
  TwelveData returned 1500 5m candles
  data source: twelvedata
  live quote: 4611.48
Evaluated state: PRE_BUY | spot: 4611.48259
No state change, no notification sent.
Fri Aug 28 08:00:31 UTC 2026: Scan finished OK, pinged healthcheck
Fri Aug 28 08:05:20 UTC 2026: Starting scan
  TwelveData returned 1500 5m candles
  data source: twelvedata
  live quote: 4613.18
Evaluated state: NO_TRADE | spot: 4613.18448
Fri Aug 28 08:05:29 UTC 2026: Scan finished OK, pinged healthcheck
Fri Aug 28 08:10:20 UTC 2026: Starting scan
  TwelveData returned 1500 5m candles
  data source: twelvedata
  live quote: 4612.12
Evaluated state: NO_TRADE | spot: 4612.12065
No state change, no notification sent.
Fri Aug 28 08:10:31 UTC 2026: Scan finished OK, pinged healthcheck
Fri Aug 28 08:15:20 UTC 2026: Starting scan
  TwelveData returned 1500 5m candles
  data source: twelvedata
  live quote: 4611.70
Evaluated state: NO_TRADE | spot: 4611.69526
No state change, no notification sent.
Fri Aug 28 08:15:29 UTC 2026: Scan finished OK, pinged healthcheck
Fri Aug 28 08:20:20 UTC 2026: Starting scan
  TwelveData returned 1500 5m candles
  data source: twelvedata
  live quote: 4609.57
Evaluated state: NO_TRADE | spot: 4609.56947
No state change, no notification sent.
Fri Aug 28 08:20:26 UTC 2026: Scan finished OK, pinged healthcheck
Fri Aug 28 08:25:20 UTC 2026: Starting scan
  TwelveData returned 1500 5m candles
  data source: twelvedata
  live quote: 4610.42
Evaluated state: NO_TRADE | spot: 4610.41955
No state change, no notification sent.
Fri Aug 28 08:25:26 UTC 2026: Scan finished OK, pinged healthcheck
Fri Aug 28 08:30:20 UTC 2026: Starting scan
  TwelveData returned 1500 5m candles
  data source: twelvedata
  live quote: 4610.21
Evaluated state: NO_TRADE | spot: 4610.207
No state change, no notification sent.
Fri Aug 28 08:30:28 UTC 2026: Scan finished OK, pinged healthcheck
Fri Aug 28 08:35:20 UTC 2026: Starting scan
  TwelveData returned 1500 5m candles
  data source: twelvedata
  live quote: 4609.78
Evaluated state: NO_TRADE | spot: 4609.78196
No state change, no notification sent.
Fri Aug 28 08:35:25 UTC 2026: Scan finished OK, pinged healthcheck
Fri Aug 28 08:40:20 UTC 2026: Starting scan
  TwelveData returned 1500 5m candles
  data source: twelvedata
  live quote: 4607.66
Evaluated state: PRE_BUY | spot: 4607.65793
  notified -> telegram:True discord:True
Fri Aug 28 08:40:27 UTC 2026: Scan finished OK, pinged healthcheck
Fri Aug 28 08:45:20 UTC 2026: Starting scan
  TwelveData returned 1500 5m candles
  data source: twelvedata
  live quote: 4604.26
Evaluated state: PRE_BUY | spot: 4604.26355
No state change, no notification sent.
Fri Aug 28 08:45:27 UTC 2026: Scan finished OK, pinged healthcheck
Fri Aug 28 08:50:20 UTC 2026: Starting scan
  TwelveData returned 1500 5m candles
  data source: twelvedata
  live quote: 4602.14
  notified -> telegram:True discord:True
Evaluated state: NO_TRADE | spot: 4602.1446
Fri Aug 28 08:50:26 UTC 2026: Scan finished OK, pinged healthcheck
Fri Aug 28 08:55:20 UTC 2026: Starting scan
  TwelveData returned 1500 5m candles
  data source: twelvedata
  live quote: 4605.11
Evaluated state: BUY | spot: 4605.11167
  notified -> telegram:True discord:True
Fri Aug 28 08:55:28 UTC 2026: Scan finished OK, pinged healthcheck
Fri Aug 28 09:00:20 UTC 2026: Starting scan
  TwelveData returned 1500 5m candles
  data source: twelvedata
  live quote: 4602.99
Evaluated state: PRE_BUY | spot: 4602.99194
  notified -> telegram:True discord:True
Fri Aug 28 09:00:36 UTC 2026: Scan finished OK, pinged healthcheck
Fri Aug 28 09:05:20 UTC 2026: Starting scan
  TwelveData returned 1500 5m candles
  data source: twelvedata
  live quote: 4603.20
Evaluated state: NO_TRADE | spot: 4603.20383
Fri Aug 28 09:05:28 UTC 2026: Scan finished OK, pinged healthcheck
Fri Aug 28 09:10:20 UTC 2026: Starting scan
  TwelveData returned 1500 5m candles
  data source: twelvedata
  live quote: 4603.20
Evaluated state: NO_TRADE | spot: 4603.20383
No state change, no notification sent.
Fri Aug 28 09:10:26 UTC 2026: Scan finished OK, pinged healthcheck
Fri Aug 28 09:15:20 UTC 2026: Starting scan
  TwelveData returned 1500 5m candles
  data source: twelvedata
  live quote: 4601.72
Evaluated state: NO_TRADE | spot: 4601.72104
No state change, no notification sent.
Fri Aug 28 09:15:27 UTC 2026: Scan finished OK, pinged healthcheck
Fri Aug 28 09:20:20 UTC 2026: Starting scan
  TwelveData returned 1500 5m candles
  data source: twelvedata
  live quote: 4601.93
Evaluated state: NO_TRADE | spot: 4601.93281
No state change, no notification sent.
Fri Aug 28 09:20:26 UTC 2026: Scan finished OK, pinged healthcheck
Fri Aug 28 09:25:20 UTC 2026: Starting scan
  TwelveData returned 1500 5m candles
  data source: twelvedata
  live quote: 4603.20
Evaluated state: PRE_BUY | spot: 4603.20383
  notified -> telegram:True discord:True
Fri Aug 28 09:25:27 UTC 2026: Scan finished OK, pinged healthcheck
Fri Aug 28 09:30:20 UTC 2026: Starting scan
  TwelveData returned 1500 5m candles
  data source: twelvedata
  live quote: 4601.93
Evaluated state: NO_TRADE | spot: 4601.93281
Fri Aug 28 09:30:30 UTC 2026: Scan finished OK, pinged healthcheck
Fri Aug 28 09:35:20 UTC 2026: Starting scan
  TwelveData returned 1500 5m candles
  data source: twelvedata
  live quote: 4602.57
Evaluated state: PRE_BUY | spot: 4602.56823
  notified -> telegram:True discord:True
Fri Aug 28 09:35:27 UTC 2026: Scan finished OK, pinged healthcheck
Fri Aug 28 09:40:20 UTC 2026: Starting scan
  TwelveData returned 1500 5m candles
  data source: twelvedata
  live quote: 4602.78
Evaluated state: NO_TRADE | spot: 4602.78008
Fri Aug 28 09:40:27 UTC 2026: Scan finished OK, pinged healthcheck
Fri Aug 28 09:45:20 UTC 2026: Starting scan
  TwelveData returned 1500 5m candles
  data source: twelvedata
  live quote: 4604.05
Evaluated state: PRE_BUY | spot: 4604.05157
  notified -> telegram:True discord:True
Fri Aug 28 09:45:29 UTC 2026: Scan finished OK, pinged healthcheck
Fri Aug 28 09:50:20 UTC 2026: Starting scan
  TwelveData returned 1500 5m candles
  data source: twelvedata
  live quote: 4604.48
Evaluated state: PRE_BUY | spot: 4604.47555
No state change, no notification sent.
Fri Aug 28 09:50:26 UTC 2026: Scan finished OK, pinged healthcheck
Fri Aug 28 09:55:20 UTC 2026: Starting scan
  TwelveData returned 1500 5m candles
  data source: twelvedata
  live quote: 4606.81
Evaluated state: PRE_BUY | spot: 4606.80886
No state change, no notification sent.
Fri Aug 28 09:55:26 UTC 2026: Scan finished OK, pinged healthcheck
Fri Aug 28 10:00:20 UTC 2026: Starting scan
  TwelveData returned 1500 5m candles
  data source: twelvedata
  live quote: 4605.32
Evaluated state: PRE_BUY | spot: 4605.32375
No state change, no notification sent.
Fri Aug 28 10:00:40 UTC 2026: Scan finished OK, pinged healthcheck
Fri Aug 28 10:05:20 UTC 2026: Starting scan
  TwelveData returned 1500 5m candles
  data source: twelvedata
  live quote: 4605.54
Evaluated state: PRE_BUY | spot: 4605.53585
No state change, no notification sent.
Fri Aug 28 10:05:26 UTC 2026: Scan finished OK, pinged healthcheck
Fri Aug 28 10:10:20 UTC 2026: Starting scan
  TwelveData returned 1500 5m candles
  data source: twelvedata
  live quote: 4607.02
Evaluated state: PRE_BUY | spot: 4607.0211
No state change, no notification sent.
Fri Aug 28 10:10:29 UTC 2026: Scan finished OK, pinged healthcheck
Fri Aug 28 10:15:20 UTC 2026: Starting scan
  TwelveData returned 1500 5m candles
  data source: twelvedata
  live quote: 4607.87
Evaluated state: NO_TRADE | spot: 4607.87024
Fri Aug 28 10:15:29 UTC 2026: Scan finished OK, pinged healthcheck
Fri Aug 28 10:20:20 UTC 2026: Starting scan
  TwelveData returned 1500 5m candles
  data source: twelvedata
  live quote: 4604.90
  notified -> telegram:True discord:True
  notified -> telegram:True discord:True
  notified -> telegram:True discord:True
Evaluated state: PRE_BUY | spot: 4604.89961
  notified -> telegram:True discord:True
Fri Aug 28 10:20:30 UTC 2026: Scan finished OK, pinged healthcheck
Fri Aug 28 10:25:20 UTC 2026: Starting scan
  TwelveData returned 1500 5m candles
  data source: twelvedata
  live quote: 4604.05
Evaluated state: PRE_BUY | spot: 4604.05157
No state change, no notification sent.
Fri Aug 28 10:25:26 UTC 2026: Scan finished OK, pinged healthcheck
Fri Aug 28 10:30:20 UTC 2026: Starting scan
  TwelveData returned 1500 5m candles
  data source: twelvedata
  live quote: 4604.05
Evaluated state: PRE_BUY | spot: 4604.05157
No state change, no notification sent.
Fri Aug 28 10:30:32 UTC 2026: Scan finished OK, pinged healthcheck
Fri Aug 28 10:35:20 UTC 2026: Starting scan
  TwelveData returned 1500 5m candles
  data source: twelvedata
  live quote: 4607.02
Evaluated state: PRE_BUY | spot: 4607.0211
No state change, no notification sent.
Fri Aug 28 10:35:27 UTC 2026: Scan finished OK, pinged healthcheck
Fri Aug 28 10:40:20 UTC 2026: Starting scan
  TwelveData returned 1500 5m candles
  data source: twelvedata
  live quote: 4604.05
Evaluated state: PRE_BUY | spot: 4604.05157
No state change, no notification sent.
Fri Aug 28 10:40:27 UTC 2026: Scan finished OK, pinged healthcheck
Fri Aug 28 10:45:20 UTC 2026: Starting scan
  TwelveData returned 1500 5m candles
  data source: twelvedata
  live quote: 4602.99
Evaluated state: PRE_BUY | spot: 4602.99194
No state change, no notification sent.
Fri Aug 28 10:45:27 UTC 2026: Scan finished OK, pinged healthcheck
Fri Aug 28 10:50:20 UTC 2026: Starting scan
  TwelveData returned 1500 5m candles
  data source: twelvedata
  live quote: 4601.09
Evaluated state: NO_TRADE | spot: 4601.08586
Fri Aug 28 10:50:27 UTC 2026: Scan finished OK, pinged healthcheck
Fri Aug 28 10:55:20 UTC 2026: Starting scan
  TwelveData returned 1500 5m candles
  data source: twelvedata
  live quote: 4598.34
  notified -> telegram:True discord:True
  notified -> telegram:True discord:True
Evaluated state: NO_TRADE | spot: 4598.3354
No state change, no notification sent.
Fri Aug 28 10:55:28 UTC 2026: Scan finished OK, pinged healthcheck
Fri Aug 28 11:00:20 UTC 2026: Starting scan
  TwelveData returned 1500 5m candles
  data source: twelvedata
  live quote: 4599.39
Evaluated state: NO_TRADE | spot: 4599.39288
No state change, no notification sent.
Fri Aug 28 11:00:47 UTC 2026: Scan finished OK, pinged healthcheck
Fri Aug 28 11:05:20 UTC 2026: Starting scan
  TwelveData returned 1500 5m candles
  data source: twelvedata
  live quote: 4597.70
  notified -> telegram:True discord:True
  notified -> telegram:True discord:True
Outside trading session window (PKT). Skipping evaluation.
Fri Aug 28 11:05:34 UTC 2026: Scan finished OK, pinged healthcheck
Fri Aug 28 11:10:20 UTC 2026: Starting scan
  TwelveData returned 1500 5m candles
  data source: twelvedata
  live quote: 4596.22
Outside trading session window (PKT). Skipping evaluation.
Fri Aug 28 11:10:32 UTC 2026: Scan finished OK, pinged healthcheck
Fri Aug 28 11:15:20 UTC 2026: Starting scan
  TwelveData returned 1500 5m candles
  data source: twelvedata
  live quote: 4597.28
Outside trading session window (PKT). Skipping evaluation.
Fri Aug 28 11:15:28 UTC 2026: Scan finished OK, pinged healthcheck
Fri Aug 28 11:20:20 UTC 2026: Starting scan
  TwelveData returned 1500 5m candles
  data source: twelvedata
  live quote: 4600.45
Outside trading session window (PKT). Skipping evaluation.
Fri Aug 28 11:20:27 UTC 2026: Scan finished OK, pinged healthcheck
Fri Aug 28 11:25:20 UTC 2026: Starting scan
  TwelveData returned 1500 5m candles
  data source: twelvedata
  live quote: 4600.03
Outside trading session window (PKT). Skipping evaluation.
Fri Aug 28 11:25:26 UTC 2026: Scan finished OK, pinged healthcheck
Fri Aug 28 11:30:20 UTC 2026: Starting scan
  TwelveData returned 1500 5m candles
  data source: twelvedata
  live quote: 4598.12
Outside trading session window (PKT). Skipping evaluation.
Fri Aug 28 11:30:30 UTC 2026: Scan finished OK, pinged healthcheck
Fri Aug 28 11:35:20 UTC 2026: Starting scan
  TwelveData returned 1500 5m candles
  data source: twelvedata
  live quote: 4598.55
Outside trading session window (PKT). Skipping evaluation.
Fri Aug 28 11:35:26 UTC 2026: Scan finished OK, pinged healthcheck
Fri Aug 28 11:40:20 UTC 2026: Starting scan
  TwelveData returned 1500 5m candles
  data source: twelvedata
  live quote: 4594.74
Outside trading session window (PKT). Skipping evaluation.
Fri Aug 28 11:40:27 UTC 2026: Scan finished OK, pinged healthcheck
Fri Aug 28 11:45:20 UTC 2026: Starting scan
  TwelveData returned 1500 5m candles
  data source: twelvedata
  live quote: 4594.11
Outside trading session window (PKT). Skipping evaluation.
Fri Aug 28 11:45:30 UTC 2026: Scan finished OK, pinged healthcheck
Fri Aug 28 11:50:20 UTC 2026: Starting scan
  TwelveData returned 1500 5m candles
  data source: twelvedata
  live quote: 4594.53
Outside trading session window (PKT). Skipping evaluation.
Fri Aug 28 11:50:28 UTC 2026: Scan finished OK, pinged healthcheck
Fri Aug 28 11:55:20 UTC 2026: Starting scan
  TwelveData returned 1500 5m candles
  data source: twelvedata
  live quote: 4594.53
Outside trading session window (PKT). Skipping evaluation.
Fri Aug 28 11:55:29 UTC 2026: Scan finished OK, pinged healthcheck
Fri Aug 28 12:00:20 UTC 2026: Starting scan
  TwelveData returned 1500 5m candles
  data source: twelvedata
  live quote: 4593.48
Outside trading session window (PKT). Skipping evaluation.
Fri Aug 28 12:00:27 UTC 2026: Scan finished OK, pinged healthcheck
Fri Aug 28 12:05:20 UTC 2026: Starting scan
  TwelveData returned 1500 5m candles
  data source: twelvedata
  live quote: 4596.22
Outside trading session window (PKT). Skipping evaluation.
Fri Aug 28 12:05:38 UTC 2026: Scan finished OK, pinged healthcheck
Fri Aug 28 12:10:20 UTC 2026: Starting scan
  TwelveData returned 1500 5m candles
  data source: twelvedata
  live quote: 4594.74
Outside trading session window (PKT). Skipping evaluation.
Fri Aug 28 12:10:38 UTC 2026: Scan finished OK, pinged healthcheck
Fri Aug 28 12:15:20 UTC 2026: Starting scan
  TwelveData returned 1500 5m candles
  data source: twelvedata
  live quote: 4595.59
Outside trading session window (PKT). Skipping evaluation.
Fri Aug 28 12:15:30 UTC 2026: Scan finished OK, pinged healthcheck
Fri Aug 28 12:20:20 UTC 2026: Starting scan
  TwelveData returned 1500 5m candles
  data source: twelvedata
  live quote: 4594.95
Outside trading session window (PKT). Skipping evaluation.
Fri Aug 28 12:20:29 UTC 2026: Scan finished OK, pinged healthcheck
Fri Aug 28 12:25:20 UTC 2026: Starting scan
  TwelveData returned 1500 5m candles
  data source: twelvedata
  live quote: 4600.87
Outside trading session window (PKT). Skipping evaluation.
Fri Aug 28 12:25:27 UTC 2026: Scan finished OK, pinged healthcheck
Fri Aug 28 12:30:20 UTC 2026: Starting scan
  TwelveData returned 1500 5m candles
  data source: twelvedata
  live quote: 4601.30
Outside trading session window (PKT). Skipping evaluation.
Fri Aug 28 12:30:30 UTC 2026: Scan finished OK, pinged healthcheck
Fri Aug 28 12:35:20 UTC 2026: Starting scan
  TwelveData returned 1500 5m candles
  data source: twelvedata
  live quote: 4593.06
Outside trading session window (PKT). Skipping evaluation.
Fri Aug 28 12:35:27 UTC 2026: Scan finished OK, pinged healthcheck
Fri Aug 28 12:40:20 UTC 2026: Starting scan
  TwelveData returned 1500 5m candles
  data source: twelvedata
  live quote: 4590.95
Outside trading session window (PKT). Skipping evaluation.
Fri Aug 28 12:40:28 UTC 2026: Scan finished OK, pinged healthcheck
Fri Aug 28 12:45:20 UTC 2026: Starting scan
  TwelveData returned 1500 5m candles
  data source: twelvedata
  live quote: 4591.58
Outside trading session window (PKT). Skipping evaluation.
Fri Aug 28 12:45:31 UTC 2026: Scan finished OK, pinged healthcheck
Fri Aug 28 12:50:20 UTC 2026: Starting scan
  TwelveData returned 1500 5m candles
  data source: twelvedata
  live quote: 4593.90
Outside trading session window (PKT). Skipping evaluation.
Fri Aug 28 12:50:27 UTC 2026: Scan finished OK, pinged healthcheck
Fri Aug 28 12:55:20 UTC 2026: Starting scan
  TwelveData returned 1500 5m candles
  data source: twelvedata
  live quote: 4595.80
Outside trading session window (PKT). Skipping evaluation.
Fri Aug 28 12:55:27 UTC 2026: Scan finished OK, pinged healthcheck
Fri Aug 28 13:00:20 UTC 2026: Starting scan
  TwelveData returned 1500 5m candles
  data source: twelvedata
  live quote: 4602.14
Outside trading session window (PKT). Skipping evaluation.
Fri Aug 28 13:00:38 UTC 2026: Scan finished OK, pinged healthcheck
Fri Aug 28 13:05:20 UTC 2026: Starting scan
  TwelveData returned 1500 5m candles
  data source: twelvedata
  live quote: 4599.18
Outside trading session window (PKT). Skipping evaluation.
Fri Aug 28 13:05:32 UTC 2026: Scan finished OK, pinged healthcheck
Fri Aug 28 13:10:20 UTC 2026: Starting scan
  TwelveData returned 1500 5m candles
  data source: twelvedata
  live quote: 4601.72
Outside trading session window (PKT). Skipping evaluation.
Fri Aug 28 13:10:32 UTC 2026: Scan finished OK, pinged healthcheck
Fri Aug 28 13:15:20 UTC 2026: Starting scan
  TwelveData returned 1500 5m candles
  data source: twelvedata
  live quote: 4599.60
Outside trading session window (PKT). Skipping evaluation.
Fri Aug 28 13:15:33 UTC 2026: Scan finished OK, pinged healthcheck
Fri Aug 28 13:20:20 UTC 2026: Starting scan
  TwelveData returned 1500 5m candles
  data source: twelvedata
  live quote: 4597.28
Outside trading session window (PKT). Skipping evaluation.
Fri Aug 28 13:20:32 UTC 2026: Scan finished OK, pinged healthcheck
Fri Aug 28 13:25:20 UTC 2026: Starting scan
  TwelveData returned 1500 5m candles
  data source: twelvedata
  live quote: 4598.12
Outside trading session window (PKT). Skipping evaluation.
Fri Aug 28 13:25:29 UTC 2026: Scan finished OK, pinged healthcheck
Fri Aug 28 13:30:20 UTC 2026: Starting scan
  TwelveData returned 1500 5m candles
  data source: twelvedata
  live quote: 4602.78
Outside trading session window (PKT). Skipping evaluation.
Fri Aug 28 13:30:33 UTC 2026: Scan finished OK, pinged healthcheck
Fri Aug 28 13:35:20 UTC 2026: Starting scan
  TwelveData returned 1500 5m candles
  data source: twelvedata
  live quote: 4601.72
Outside trading session window (PKT). Skipping evaluation.
Fri Aug 28 13:35:33 UTC 2026: Scan finished OK, pinged healthcheck
Fri Aug 28 13:40:20 UTC 2026: Starting scan
  TwelveData returned 1500 5m candles
  data source: twelvedata
  live quote: 4604.26
Outside trading session window (PKT). Skipping evaluation.
Fri Aug 28 13:40:30 UTC 2026: Scan finished OK, pinged healthcheck
Fri Aug 28 13:45:20 UTC 2026: Starting scan
  TwelveData returned 1500 5m candles
  data source: twelvedata
  live quote: 4604.48
Outside trading session window (PKT). Skipping evaluation.
Fri Aug 28 13:45:40 UTC 2026: Scan finished OK, pinged healthcheck
Fri Aug 28 13:50:20 UTC 2026: Starting scan
  TwelveData returned 1500 5m candles
  data source: twelvedata
  live quote: 4609.99
Outside trading session window (PKT). Skipping evaluation.
Fri Aug 28 13:50:34 UTC 2026: Scan finished OK, pinged healthcheck
Fri Aug 28 13:55:20 UTC 2026: Starting scan
  TwelveData returned 1500 5m candles
  data source: twelvedata
  live quote: 4610.84
Outside trading session window (PKT). Skipping evaluation.
Fri Aug 28 13:55:30 UTC 2026: Scan finished OK, pinged healthcheck
Fri Aug 28 14:00:20 UTC 2026: Starting scan
  TwelveData returned 1500 5m candles
  data source: twelvedata
  live quote: 4624.92
Outside trading session window (PKT). Skipping evaluation.
Fri Aug 28 14:00:41 UTC 2026: Scan finished OK, pinged healthcheck
Fri Aug 28 14:05:20 UTC 2026: Starting scan
  TwelveData returned 1500 5m candles
  data source: twelvedata
  live quote: 4581.27
Outside trading session window (PKT). Skipping evaluation.
Fri Aug 28 14:05:37 UTC 2026: Scan finished OK, pinged healthcheck
Fri Aug 28 14:10:20 UTC 2026: Starting scan
  TwelveData returned 1500 5m candles
  data source: twelvedata
  live quote: 4578.54
Outside trading session window (PKT). Skipping evaluation.
Fri Aug 28 14:10:38 UTC 2026: Scan finished OK, pinged healthcheck
Fri Aug 28 14:15:20 UTC 2026: Starting scan
  TwelveData returned 1500 5m candles
  data source: twelvedata
  live quote: 4547.73
Outside trading session window (PKT). Skipping evaluation.
Fri Aug 28 14:15:33 UTC 2026: Scan finished OK, pinged healthcheck
Fri Aug 28 14:20:20 UTC 2026: Starting scan
  TwelveData returned 1500 5m candles
  data source: twelvedata
  live quote: 4562.25
Outside trading session window (PKT). Skipping evaluation.
Fri Aug 28 14:20:37 UTC 2026: Scan finished OK, pinged healthcheck
Fri Aug 28 14:25:20 UTC 2026: Starting scan
  TwelveData returned 1500 5m candles
  data source: twelvedata
  live quote: 4551.66
Outside trading session window (PKT). Skipping evaluation.
Fri Aug 28 14:25:42 UTC 2026: Scan finished OK, pinged healthcheck
Fri Aug 28 14:30:20 UTC 2026: Starting scan
  fetch attempt 1/3 failed: HTTPSConnectionPool(host='api.twelvedata.com', port=443): Read timed out.
  TwelveData returned 1500 5m candles
  data source: twelvedata
  live quote: 4562.25
Outside trading session window (PKT). Skipping evaluation.
Fri Aug 28 14:32:04 UTC 2026: Scan finished OK, pinged healthcheck
Fri Aug 28 14:35:20 UTC 2026: Starting scan
  TwelveData returned 1500 5m candles
  data source: twelvedata
  live quote: 4568.50
Outside trading session window (PKT). Skipping evaluation.
Fri Aug 28 14:35:35 UTC 2026: Scan finished OK, pinged healthcheck
Fri Aug 28 14:40:20 UTC 2026: Starting scan
  TwelveData returned 1500 5m candles
  data source: twelvedata
  live quote: 4571.64
Outside trading session window (PKT). Skipping evaluation.
Fri Aug 28 14:40:39 UTC 2026: Scan finished OK, pinged healthcheck
Fri Aug 28 14:45:20 UTC 2026: Starting scan
  TwelveData returned 1500 5m candles
  data source: twelvedata
  live quote: 4564.54
Outside trading session window (PKT). Skipping evaluation.
Fri Aug 28 14:45:37 UTC 2026: Scan finished OK, pinged healthcheck
Fri Aug 28 14:50:20 UTC 2026: Starting scan
  TwelveData returned 1500 5m candles
  data source: twelvedata
  live quote: 4555.39
Outside trading session window (PKT). Skipping evaluation.
Fri Aug 28 14:50:39 UTC 2026: Scan finished OK, pinged healthcheck
Fri Aug 28 14:55:20 UTC 2026: Starting scan
  TwelveData returned 1500 5m candles
  data source: twelvedata
  live quote: 4567.46
Outside trading session window (PKT). Skipping evaluation.
Fri Aug 28 14:55:35 UTC 2026: Scan finished OK, pinged healthcheck
Fri Aug 28 15:00:20 UTC 2026: Starting scan
  TwelveData returned 1500 5m candles
  data source: twelvedata
  live quote: 4579.80
Evaluated state: NO_TRADE | spot: 4579.80307
No state change, no notification sent.
Fri Aug 28 15:00:44 UTC 2026: Scan finished OK, pinged healthcheck
Fri Aug 28 15:05:20 UTC 2026: Starting scan
  TwelveData returned 1500 5m candles
  data source: twelvedata
  live quote: 4579.17
Data warnings: feed disagrees with itself — spot $4579.17 vs candle $4574.14 ($5.03 apart)
Evaluated state: NO_TRADE | spot: 4579.17392
No state change, no notification sent.
Fri Aug 28 15:05:35 UTC 2026: Scan finished OK, pinged healthcheck
Fri Aug 28 15:10:20 UTC 2026: Starting scan
  TwelveData returned 1500 5m candles
  data source: twelvedata
  live quote: 4570.38
Evaluated state: PRE_SELL | spot: 4570.38391
  notified -> telegram:True discord:True
Fri Aug 28 15:11:29 UTC 2026: Scan finished OK, pinged healthcheck
Fri Aug 28 15:15:20 UTC 2026: Starting scan
  TwelveData returned 1500 5m candles
  data source: twelvedata
  live quote: 4560.80
Evaluated state: NO_TRADE | spot: 4560.7954
Fri Aug 28 15:15:33 UTC 2026: Scan finished OK, pinged healthcheck
Fri Aug 28 15:20:20 UTC 2026: Starting scan
  TwelveData returned 1500 5m candles
  data source: twelvedata
  live quote: 4556.22
Evaluated state: PRE_SELL | spot: 4556.2238
  notified -> telegram:True discord:True
Fri Aug 28 15:20:43 UTC 2026: Scan finished OK, pinged healthcheck
Fri Aug 28 15:25:20 UTC 2026: Starting scan
  TwelveData returned 1500 5m candles
  data source: twelvedata
  live quote: 4564.13
Evaluated state: PRE_SELL | spot: 4564.12597
No state change, no notification sent.
Fri Aug 28 15:25:32 UTC 2026: Scan finished OK, pinged healthcheck
Fri Aug 28 15:30:20 UTC 2026: Starting scan
  TwelveData returned 1500 5m candles
  data source: twelvedata
  live quote: 4564.54
Evaluated state: PRE_SELL | spot: 4564.54263
No state change, no notification sent.
Fri Aug 28 15:30:37 UTC 2026: Scan finished OK, pinged healthcheck
Fri Aug 28 15:35:20 UTC 2026: Starting scan
  TwelveData returned 1500 5m candles
  data source: twelvedata
  live quote: 4560.38
Evaluated state: PRE_SELL | spot: 4560.37942
No state change, no notification sent.
Fri Aug 28 15:35:38 UTC 2026: Scan finished OK, pinged healthcheck
Fri Aug 28 15:40:20 UTC 2026: Starting scan
  TwelveData returned 1500 5m candles
  data source: twelvedata
  live quote: 4548.35
Evaluated state: PRE_SELL | spot: 4548.34895
No state change, no notification sent.
Fri Aug 28 15:40:32 UTC 2026: Scan finished OK, pinged healthcheck
Fri Aug 28 15:45:20 UTC 2026: Starting scan
  TwelveData returned 1500 5m candles
  data source: twelvedata
  live quote: 4537.21
  notified -> telegram:True discord:True
Evaluated state: PRE_SELL | spot: 4537.20508
No state change, no notification sent.
Fri Aug 28 15:45:56 UTC 2026: Scan finished OK, pinged healthcheck
Fri Aug 28 15:50:20 UTC 2026: Starting scan
  TwelveData returned 1500 5m candles
  data source: twelvedata
  live quote: 4535.15
Evaluated state: PRE_SELL | spot: 4535.14739
No state change, no notification sent.
Fri Aug 28 15:50:37 UTC 2026: Scan finished OK, pinged healthcheck
Fri Aug 28 15:55:20 UTC 2026: Starting scan
  TwelveData returned 1500 5m candles
  data source: twelvedata
  live quote: 4540.71
Evaluated state: PRE_SELL | spot: 4540.70744
No state change, no notification sent.
Fri Aug 28 15:55:34 UTC 2026: Scan finished OK, pinged healthcheck
Fri Aug 28 16:00:20 UTC 2026: Starting scan
  TwelveData returned 1500 5m candles
  data source: twelvedata
  fetch attempt 1/2 failed: 502 Server Error: Bad Gateway for url: https://api.twelvedata.com/price?symbol=XAU/USD&apikey=c31c0cdced904fa3a0773f41bad78449
  live quote: 4525.50
  notified -> telegram:True discord:True
Evaluated state: NO_TRADE | spot: 4525.5012
Fri Aug 28 16:02:07 UTC 2026: Scan finished OK, pinged healthcheck
Fri Aug 28 16:05:20 UTC 2026: Starting scan
  TwelveData returned 1500 5m candles
  data source: twelvedata
  live quote: 4523.86
Evaluated state: NO_TRADE | spot: 4523.86338
No state change, no notification sent.
Fri Aug 28 16:05:31 UTC 2026: Scan finished OK, pinged healthcheck
Fri Aug 28 16:10:20 UTC 2026: Starting scan
  TwelveData returned 1500 5m candles
  data source: twelvedata
  live quote: 4511.41
Data warnings: feed disagrees with itself — spot $4511.41 vs candle $4518.57 ($7.16 apart)
Evaluated state: NO_TRADE | spot: 4511.41388
No state change, no notification sent.
Fri Aug 28 16:10:36 UTC 2026: Scan finished OK, pinged healthcheck
Fri Aug 28 16:15:20 UTC 2026: Starting scan
  TwelveData returned 1500 5m candles
  data source: twelvedata
  live quote: 4504.91
Evaluated state: NO_TRADE | spot: 4504.91035
No state change, no notification sent.
Fri Aug 28 16:15:33 UTC 2026: Scan finished OK, pinged healthcheck
Fri Aug 28 16:20:20 UTC 2026: Starting scan
  TwelveData returned 1500 5m candles
  data source: twelvedata
  live quote: 4486.12
Evaluated state: NO_TRADE | spot: 4486.11547
No state change, no notification sent.
Fri Aug 28 16:20:32 UTC 2026: Scan finished OK, pinged healthcheck
Fri Aug 28 16:25:20 UTC 2026: Starting scan
  TwelveData returned 1500 5m candles
  data source: twelvedata
  live quote: 4472.67
Evaluated state: NO_TRADE | spot: 4472.67197
No state change, no notification sent.
Fri Aug 28 16:25:31 UTC 2026: Scan finished OK, pinged healthcheck
Fri Aug 28 16:30:20 UTC 2026: Starting scan
  TwelveData returned 1500 5m candles
  data source: twelvedata
  live quote: 4480.09
Evaluated state: NO_TRADE | spot: 4480.08602
No state change, no notification sent.
Fri Aug 28 16:30:30 UTC 2026: Scan finished OK, pinged healthcheck
Fri Aug 28 16:35:20 UTC 2026: Starting scan
  TwelveData returned 1500 5m candles
  data source: twelvedata
  live quote: 4474.67
Data warnings: feed disagrees with itself — spot $4474.67 vs candle $4486.98 ($12.31 apart)
Evaluated state: NO_TRADE | spot: 4474.67335
No state change, no notification sent.
Fri Aug 28 16:35:31 UTC 2026: Scan finished OK, pinged healthcheck
Fri Aug 28 16:40:20 UTC 2026: Starting scan
  TwelveData returned 1500 5m candles
  data source: twelvedata
  live quote: 4484.10
Evaluated state: NO_TRADE | spot: 4484.10385
No state change, no notification sent.
Fri Aug 28 16:40:28 UTC 2026: Scan finished OK, pinged healthcheck
Fri Aug 28 16:45:20 UTC 2026: Starting scan
  TwelveData returned 1500 5m candles
  data source: twelvedata
  live quote: 4474.47
Evaluated state: NO_TRADE | spot: 4474.47313
No state change, no notification sent.
Fri Aug 28 16:46:20 UTC 2026: Scan finished OK, pinged healthcheck
Fri Aug 28 16:50:20 UTC 2026: Starting scan
  TwelveData returned 1500 5m candles
  data source: twelvedata
  live quote: 4478.88
Evaluated state: NO_TRADE | spot: 4478.88207
No state change, no notification sent.
Fri Aug 28 16:50:36 UTC 2026: Scan finished OK, pinged healthcheck
Fri Aug 28 16:55:20 UTC 2026: Starting scan
  TwelveData returned 1500 5m candles
  data source: twelvedata
  live quote: 4481.89
Evaluated state: NO_TRADE | spot: 4481.89315
No state change, no notification sent.
Fri Aug 28 16:55:30 UTC 2026: Scan finished OK, pinged healthcheck
Fri Aug 28 17:00:20 UTC 2026: Starting scan
  TwelveData returned 1500 5m candles
  data source: twelvedata
  live quote: 4478.28
Evaluated state: NO_TRADE | spot: 4478.28034
No state change, no notification sent.
Fri Aug 28 17:00:33 UTC 2026: Scan finished OK, pinged healthcheck
Fri Aug 28 17:05:20 UTC 2026: Starting scan
  TwelveData returned 1500 5m candles
  data source: twelvedata
  live quote: 4477.28
Evaluated state: NO_TRADE | spot: 4477.27782
No state change, no notification sent.
Fri Aug 28 17:05:31 UTC 2026: Scan finished OK, pinged healthcheck
Fri Aug 28 17:10:20 UTC 2026: Starting scan
  TwelveData returned 1500 5m candles
  data source: twelvedata
  live quote: 4480.89
Data warnings: feed disagrees with itself — spot $4480.89 vs candle $4475.59 ($5.30 apart)
Evaluated state: NO_TRADE | spot: 4480.88901
No state change, no notification sent.
Fri Aug 28 17:10:28 UTC 2026: Scan finished OK, pinged healthcheck
Fri Aug 28 17:15:20 UTC 2026: Starting scan
  TwelveData returned 1500 5m candles
  data source: twelvedata
  live quote: 4478.28
Evaluated state: NO_TRADE | spot: 4478.28034
No state change, no notification sent.
Fri Aug 28 17:15:34 UTC 2026: Scan finished OK, pinged healthcheck
Fri Aug 28 17:20:20 UTC 2026: Starting scan
  TwelveData returned 1500 5m candles
  data source: twelvedata
  live quote: 4479.48
Evaluated state: NO_TRADE | spot: 4479.48396
No state change, no notification sent.
Fri Aug 28 17:20:39 UTC 2026: Scan finished OK, pinged healthcheck
Fri Aug 28 17:25:20 UTC 2026: Starting scan
  TwelveData returned 1500 5m candles
  data source: twelvedata
  live quote: 4483.70
Evaluated state: NO_TRADE | spot: 4483.70174
No state change, no notification sent.
Fri Aug 28 17:25:39 UTC 2026: Scan finished OK, pinged healthcheck
Fri Aug 28 17:30:20 UTC 2026: Starting scan
  fetch attempt 1/3 failed: ("Connection broken: InvalidChunkLength(got length b'', 0 bytes read)", InvalidChunkLength(got length b'', 0 bytes read))
  TwelveData returned 1500 5m candles
  data source: twelvedata
  live quote: 4479.89
Evaluated state: NO_TRADE | spot: 4479.88531
No state change, no notification sent.
Fri Aug 28 17:31:02 UTC 2026: Scan finished OK, pinged healthcheck
Fri Aug 28 17:35:20 UTC 2026: Starting scan
  TwelveData returned 1500 5m candles
  data source: twelvedata
  live quote: 4479.08
Evaluated state: NO_TRADE | spot: 4479.08268
No state change, no notification sent.
Fri Aug 28 17:35:27 UTC 2026: Scan finished OK, pinged healthcheck
Fri Aug 28 17:40:20 UTC 2026: Starting scan
  TwelveData returned 1500 5m candles
  data source: twelvedata
  live quote: 4474.67
Evaluated state: NO_TRADE | spot: 4474.67335
No state change, no notification sent.
Fri Aug 28 17:40:29 UTC 2026: Scan finished OK, pinged healthcheck
Fri Aug 28 17:45:20 UTC 2026: Starting scan
  TwelveData returned 1500 5m candles
  data source: twelvedata
  live quote: 4467.48
Evaluated state: PRE_SELL | spot: 4467.47677
  notified -> telegram:True discord:True
Fri Aug 28 17:45:44 UTC 2026: Scan finished OK, pinged healthcheck
Fri Aug 28 17:50:20 UTC 2026: Starting scan
  TwelveData returned 1500 5m candles
  data source: twelvedata
  live quote: 4474.67
Evaluated state: NO_TRADE | spot: 4474.67335
Fri Aug 28 17:50:27 UTC 2026: Scan finished OK, pinged healthcheck
Fri Aug 28 17:55:20 UTC 2026: Starting scan
  TwelveData returned 1500 5m candles
  data source: twelvedata
  live quote: 4473.47
Evaluated state: NO_TRADE | spot: 4473.47231
No state change, no notification sent.
Fri Aug 28 17:55:26 UTC 2026: Scan finished OK, pinged healthcheck
Fri Aug 28 18:00:20 UTC 2026: Starting scan
  TwelveData returned 1500 5m candles
  data source: twelvedata
  live quote: 4471.47
  notified -> telegram:True discord:True
Evaluated state: PRE_SELL | spot: 4471.47201
  notified -> telegram:True discord:True
Fri Aug 28 18:00:35 UTC 2026: Scan finished OK, pinged healthcheck
Fri Aug 28 18:05:20 UTC 2026: Starting scan
  TwelveData returned 1500 5m candles
  data source: twelvedata
  live quote: 4461.30
Outside trading session window (PKT). Skipping evaluation.
Fri Aug 28 18:05:41 UTC 2026: Scan finished OK, pinged healthcheck
Fri Aug 28 18:10:20 UTC 2026: Starting scan
  TwelveData returned 1500 5m candles
  data source: twelvedata
  live quote: 4462.29
Outside trading session window (PKT). Skipping evaluation.
Fri Aug 28 18:10:37 UTC 2026: Scan finished OK, pinged healthcheck
Fri Aug 28 18:15:20 UTC 2026: Starting scan
  TwelveData returned 1500 5m candles
  data source: twelvedata
  live quote: 4460.50
Outside trading session window (PKT). Skipping evaluation.
Fri Aug 28 18:15:32 UTC 2026: Scan finished OK, pinged healthcheck
Fri Aug 28 18:20:20 UTC 2026: Starting scan
  TwelveData returned 1500 5m candles
  data source: twelvedata
  live quote: 4459.31
Outside trading session window (PKT). Skipping evaluation.
Fri Aug 28 18:20:34 UTC 2026: Scan finished OK, pinged healthcheck
Fri Aug 28 18:25:20 UTC 2026: Starting scan
  TwelveData returned 1500 5m candles
  data source: twelvedata
  live quote: 4455.34
Outside trading session window (PKT). Skipping evaluation.
Fri Aug 28 18:25:30 UTC 2026: Scan finished OK, pinged healthcheck
Fri Aug 28 18:30:20 UTC 2026: Starting scan
  TwelveData returned 1500 5m candles
  data source: twelvedata
  live quote: 4456.92
Outside trading session window (PKT). Skipping evaluation.
Fri Aug 28 18:30:30 UTC 2026: Scan finished OK, pinged healthcheck
Fri Aug 28 18:35:20 UTC 2026: Starting scan
  TwelveData returned 1500 5m candles
  data source: twelvedata
  live quote: 4455.53
Outside trading session window (PKT). Skipping evaluation.
Fri Aug 28 18:35:28 UTC 2026: Scan finished OK, pinged healthcheck
Fri Aug 28 18:40:20 UTC 2026: Starting scan
  TwelveData returned 1500 5m candles
  data source: twelvedata
  live quote: 4453.35
Outside trading session window (PKT). Skipping evaluation.
Fri Aug 28 18:40:27 UTC 2026: Scan finished OK, pinged healthcheck
Fri Aug 28 18:45:20 UTC 2026: Starting scan
  TwelveData returned 1500 5m candles
  data source: twelvedata
  live quote: 4448.79
Outside trading session window (PKT). Skipping evaluation.
Fri Aug 28 18:45:32 UTC 2026: Scan finished OK, pinged healthcheck
Fri Aug 28 18:50:20 UTC 2026: Starting scan
  TwelveData returned 1500 5m candles
  data source: twelvedata
  live quote: 4453.55
  notified -> telegram:True discord:True
Outside trading session window (PKT). Skipping evaluation.
Fri Aug 28 18:50:27 UTC 2026: Scan finished OK, pinged healthcheck
Fri Aug 28 18:55:20 UTC 2026: Starting scan
  TwelveData returned 1500 5m candles
  data source: twelvedata
  live quote: 4454.94
Outside trading session window (PKT). Skipping evaluation.
Fri Aug 28 18:55:26 UTC 2026: Scan finished OK, pinged healthcheck
Fri Aug 28 19:00:20 UTC 2026: Starting scan
  TwelveData returned 1500 5m candles
  data source: twelvedata
  live quote: 4456.92
Outside trading session window (PKT). Skipping evaluation.
Fri Aug 28 19:00:34 UTC 2026: Scan finished OK, pinged healthcheck
Fri Aug 28 19:05:20 UTC 2026: Starting scan
  TwelveData returned 1500 5m candles
  data source: twelvedata
  live quote: 4460.90
Outside trading session window (PKT). Skipping evaluation.
Fri Aug 28 19:05:28 UTC 2026: Scan finished OK, pinged healthcheck
Fri Aug 28 19:10:20 UTC 2026: Starting scan
  TwelveData returned 1500 5m candles
  data source: twelvedata
  live quote: 4461.50
Outside trading session window (PKT). Skipping evaluation.
Fri Aug 28 19:10:26 UTC 2026: Scan finished OK, pinged healthcheck
Fri Aug 28 19:15:20 UTC 2026: Starting scan
  TwelveData returned 1500 5m candles
  data source: twelvedata
  live quote: 4456.73
Outside trading session window (PKT). Skipping evaluation.
Fri Aug 28 19:15:29 UTC 2026: Scan finished OK, pinged healthcheck
Fri Aug 28 19:20:20 UTC 2026: Starting scan
  TwelveData returned 1500 5m candles
  data source: twelvedata
  live quote: 4457.92
Outside trading session window (PKT). Skipping evaluation.
Fri Aug 28 19:20:26 UTC 2026: Scan finished OK, pinged healthcheck
Fri Aug 28 19:25:20 UTC 2026: Starting scan
  TwelveData returned 1500 5m candles
  data source: twelvedata
  live quote: 4458.91
Outside trading session window (PKT). Skipping evaluation.
Fri Aug 28 19:25:25 UTC 2026: Scan finished OK, pinged healthcheck
Fri Aug 28 19:30:20 UTC 2026: Starting scan
  TwelveData returned 1500 5m candles
  data source: twelvedata
  live quote: 4462.29
Outside trading session window (PKT). Skipping evaluation.
Fri Aug 28 19:30:28 UTC 2026: Scan finished OK, pinged healthcheck
Fri Aug 28 19:35:20 UTC 2026: Starting scan
  TwelveData returned 1500 5m candles
  data source: twelvedata
  live quote: 4463.69
Outside trading session window (PKT). Skipping evaluation.
Fri Aug 28 19:35:29 UTC 2026: Scan finished OK, pinged healthcheck
Fri Aug 28 19:40:20 UTC 2026: Starting scan
  TwelveData returned 1500 5m candles
  data source: twelvedata
  live quote: 4465.88
Outside trading session window (PKT). Skipping evaluation.
Fri Aug 28 19:40:26 UTC 2026: Scan finished OK, pinged healthcheck
Fri Aug 28 19:45:20 UTC 2026: Starting scan
  TwelveData returned 1500 5m candles
  data source: twelvedata
  live quote: 4465.28
Outside trading session window (PKT). Skipping evaluation.
Fri Aug 28 19:45:28 UTC 2026: Scan finished OK, pinged healthcheck
Fri Aug 28 19:50:20 UTC 2026: Starting scan
  TwelveData returned 1500 5m candles
  data source: twelvedata
  live quote: 4457.12
Outside trading session window (PKT). Skipping evaluation.
Fri Aug 28 19:50:28 UTC 2026: Scan finished OK, pinged healthcheck
Fri Aug 28 19:55:20 UTC 2026: Starting scan
  TwelveData returned 1500 5m candles
  data source: twelvedata
  live quote: 4457.12
Outside trading session window (PKT). Skipping evaluation.
Fri Aug 28 19:55:26 UTC 2026: Scan finished OK, pinged healthcheck
Fri Aug 28 20:00:20 UTC 2026: Starting scan
  fetch attempt 1/3 failed: HTTPSConnectionPool(host='api.twelvedata.com', port=443): Read timed out.
  fetch attempt 2/3 failed: HTTPSConnectionPool(host='api.twelvedata.com', port=443): Read timed out.
  TwelveData returned 1500 5m candles
  data source: twelvedata
  live quote: 4457.32
Outside trading session window (PKT). Skipping evaluation.
Fri Aug 28 20:02:28 UTC 2026: Scan finished OK, pinged healthcheck
Fri Aug 28 20:05:20 UTC 2026: Starting scan
  TwelveData returned 1500 5m candles
  data source: twelvedata
  live quote: 4461.70
Outside trading session window (PKT). Skipping evaluation.
Fri Aug 28 20:05:28 UTC 2026: Scan finished OK, pinged healthcheck
Fri Aug 28 20:10:21 UTC 2026: Starting scan
  TwelveData returned 1500 5m candles
  data source: twelvedata
  live quote: 4460.70
Outside trading session window (PKT). Skipping evaluation.
Fri Aug 28 20:10:34 UTC 2026: Scan finished OK, pinged healthcheck
Fri Aug 28 20:15:20 UTC 2026: Starting scan
  TwelveData returned 1500 5m candles
  data source: twelvedata
  live quote: 4458.91
Outside trading session window (PKT). Skipping evaluation.
Fri Aug 28 20:15:26 UTC 2026: Scan finished OK, pinged healthcheck
Fri Aug 28 20:20:20 UTC 2026: Starting scan
  TwelveData returned 1500 5m candles
  data source: twelvedata
  live quote: 4459.51
Outside trading session window (PKT). Skipping evaluation.
Fri Aug 28 20:20:25 UTC 2026: Scan finished OK, pinged healthcheck
Fri Aug 28 20:25:20 UTC 2026: Starting scan
  TwelveData returned 1500 5m candles
  data source: twelvedata
  live quote: 4454.94
Outside trading session window (PKT). Skipping evaluation.
Fri Aug 28 20:25:26 UTC 2026: Scan finished OK, pinged healthcheck
Fri Aug 28 20:30:20 UTC 2026: Starting scan
  TwelveData returned 1500 5m candles
  data source: twelvedata
  live quote: 4456.92
Outside trading session window (PKT). Skipping evaluation.
Fri Aug 28 20:30:29 UTC 2026: Scan finished OK, pinged healthcheck
Fri Aug 28 20:35:20 UTC 2026: Starting scan
  TwelveData returned 1500 5m candles
  data source: twelvedata
  live quote: 4456.33
Outside trading session window (PKT). Skipping evaluation.
Fri Aug 28 20:35:25 UTC 2026: Scan finished OK, pinged healthcheck
Fri Aug 28 20:40:20 UTC 2026: Starting scan
  TwelveData returned 1500 5m candles
  data source: twelvedata
  live quote: 4455.93
Outside trading session window (PKT). Skipping evaluation.
Fri Aug 28 20:40:25 UTC 2026: Scan finished OK, pinged healthcheck
Fri Aug 28 20:45:20 UTC 2026: Starting scan
  TwelveData returned 1500 5m candles
  data source: twelvedata
  live quote: 4456.73
Outside trading session window (PKT). Skipping evaluation.
Fri Aug 28 20:45:26 UTC 2026: Scan finished OK, pinged healthcheck
Fri Aug 28 20:50:20 UTC 2026: Starting scan
  TwelveData returned 1500 5m candles
  data source: twelvedata
  live quote: 4459.51
Outside trading session window (PKT). Skipping evaluation.
Fri Aug 28 20:50:26 UTC 2026: Scan finished OK, pinged healthcheck
Fri Aug 28 20:55:20 UTC 2026: Starting scan
  TwelveData returned 1500 5m candles
  data source: twelvedata
  live quote: 4454.94
Outside trading session window (PKT). Skipping evaluation.
Fri Aug 28 20:55:25 UTC 2026: Scan finished OK, pinged healthcheck
Fri Aug 28 21:00:20 UTC 2026: Starting scan
  TwelveData returned 1500 5m candles
  data source: twelvedata
  live quote: 4454.74
Outside trading session window (PKT). Skipping evaluation.
Fri Aug 28 21:00:27 UTC 2026: Scan finished OK, pinged healthcheck
Fri Aug 28 21:05:20 UTC 2026: Starting scan
  TwelveData returned 1500 5m candles
  data source: twelvedata
  live quote: 4458.71
Outside trading session window (PKT). Skipping evaluation.
Fri Aug 28 21:05:25 UTC 2026: Scan finished OK, pinged healthcheck
Fri Aug 28 21:10:20 UTC 2026: Starting scan
  TwelveData returned 1500 5m candles
  data source: twelvedata
  live quote: 4458.71
Outside trading session window (PKT). Skipping evaluation.
Fri Aug 28 21:10:25 UTC 2026: Scan finished OK, pinged healthcheck
Fri Aug 28 21:15:20 UTC 2026: Starting scan
  TwelveData returned 1500 5m candles
  data source: twelvedata
  live quote: 4458.71
Outside trading session window (PKT). Skipping evaluation.
Fri Aug 28 21:15:25 UTC 2026: Scan finished OK, pinged healthcheck
Fri Aug 28 21:20:20 UTC 2026: Starting scan
  TwelveData returned 1500 5m candles
  data source: twelvedata
  live quote: 4458.71
Outside trading session window (PKT). Skipping evaluation.
Fri Aug 28 21:20:24 UTC 2026: Scan finished OK, pinged healthcheck
Fri Aug 28 21:25:20 UTC 2026: Starting scan
  TwelveData returned 1500 5m candles
  data source: twelvedata
  live quote: 4458.71
Outside trading session window (PKT). Skipping evaluation.
Fri Aug 28 21:25:25 UTC 2026: Scan finished OK, pinged healthcheck
Fri Aug 28 21:30:20 UTC 2026: Starting scan
  TwelveData returned 1500 5m candles
  data source: twelvedata
  live quote: 4458.71
Outside trading session window (PKT). Skipping evaluation.
Fri Aug 28 21:30:26 UTC 2026: Scan finished OK, pinged healthcheck
Fri Aug 28 21:35:20 UTC 2026: Starting scan
  TwelveData returned 1500 5m candles
  data source: twelvedata
  live quote: 4458.71
Outside trading session window (PKT). Skipping evaluation.
Fri Aug 28 21:35:24 UTC 2026: Scan finished OK, pinged healthcheck
Fri Aug 28 21:40:20 UTC 2026: Starting scan
  TwelveData returned 1500 5m candles
  data source: twelvedata
  live quote: 4458.71
Outside trading session window (PKT). Skipping evaluation.
Fri Aug 28 21:40:25 UTC 2026: Scan finished OK, pinged healthcheck
Fri Aug 28 21:45:20 UTC 2026: Starting scan
  TwelveData returned 1500 5m candles
  data source: twelvedata
  live quote: 4458.71
Outside trading session window (PKT). Skipping evaluation.
Fri Aug 28 21:45:26 UTC 2026: Scan finished OK, pinged healthcheck
Fri Aug 28 21:50:20 UTC 2026: Starting scan
  TwelveData returned 1500 5m candles
  data source: twelvedata
  live quote: 4458.71
Outside trading session window (PKT). Skipping evaluation.
Fri Aug 28 21:50:24 UTC 2026: Scan finished OK, pinged healthcheck
Fri Aug 28 21:55:20 UTC 2026: Starting scan
  TwelveData returned 1500 5m candles
  data source: twelvedata
  live quote: 4458.71
Outside trading session window (PKT). Skipping evaluation.
Fri Aug 28 21:55:24 UTC 2026: Scan finished OK, pinged healthcheck
Fri Aug 28 22:00:20 UTC 2026: Starting scan
  TwelveData returned 1500 5m candles
  data source: twelvedata
  live quote: 4458.77
Outside trading session window (PKT). Skipping evaluation.
Fri Aug 28 22:00:28 UTC 2026: Scan finished OK, pinged healthcheck
Fri Aug 28 22:05:20 UTC 2026: Starting scan
  TwelveData returned 1500 5m candles
  data source: twelvedata
  live quote: 4458.71
Outside trading session window (PKT). Skipping evaluation.
Fri Aug 28 22:05:25 UTC 2026: Scan finished OK, pinged healthcheck
Fri Aug 28 22:10:20 UTC 2026: Starting scan
  TwelveData returned 1500 5m candles
  data source: twelvedata
  live quote: 4458.71
Outside trading session window (PKT). Skipping evaluation.
Fri Aug 28 22:10:25 UTC 2026: Scan finished OK, pinged healthcheck
Fri Aug 28 22:15:20 UTC 2026: Starting scan
  TwelveData returned 1500 5m candles
  data source: twelvedata
  live quote: 4458.71
Outside trading session window (PKT). Skipping evaluation.
Fri Aug 28 22:15:25 UTC 2026: Scan finished OK, pinged healthcheck
Fri Aug 28 22:20:20 UTC 2026: Starting scan
  TwelveData returned 1500 5m candles
  data source: twelvedata
  live quote: 4458.71
Outside trading session window (PKT). Skipping evaluation.
Fri Aug 28 22:20:24 UTC 2026: Scan finished OK, pinged healthcheck
Fri Aug 28 22:25:20 UTC 2026: Starting scan
  TwelveData returned 1500 5m candles
  data source: twelvedata
  live quote: 4458.71
Outside trading session window (PKT). Skipping evaluation.
Fri Aug 28 22:25:24 UTC 2026: Scan finished OK, pinged healthcheck
Fri Aug 28 22:30:20 UTC 2026: Starting scan
  TwelveData returned 1500 5m candles
  data source: twelvedata
  live quote: 4458.71
Outside trading session window (PKT). Skipping evaluation.
Fri Aug 28 22:30:24 UTC 2026: Scan finished OK, pinged healthcheck
Fri Aug 28 22:35:20 UTC 2026: Starting scan
  TwelveData returned 1500 5m candles
  data source: twelvedata
  live quote: 4458.71
Outside trading session window (PKT). Skipping evaluation.
Fri Aug 28 22:35:24 UTC 2026: Scan finished OK, pinged healthcheck
Fri Aug 28 22:40:20 UTC 2026: Starting scan
  TwelveData returned 1500 5m candles
  data source: twelvedata
  live quote: 4458.71
Outside trading session window (PKT). Skipping evaluation.
Fri Aug 28 22:40:24 UTC 2026: Scan finished OK, pinged healthcheck
Fri Aug 28 22:45:20 UTC 2026: Starting scan
  TwelveData returned 1500 5m candles
  data source: twelvedata
  live quote: 4458.71
Outside trading session window (PKT). Skipping evaluation.
Fri Aug 28 22:45:24 UTC 2026: Scan finished OK, pinged healthcheck
Fri Aug 28 22:50:20 UTC 2026: Starting scan
  TwelveData returned 1500 5m candles
  data source: twelvedata
  live quote: 4458.71
Outside trading session window (PKT). Skipping evaluation.
Fri Aug 28 22:50:23 UTC 2026: Scan finished OK, pinged healthcheck
Fri Aug 28 22:55:20 UTC 2026: Starting scan
  TwelveData returned 1500 5m candles
  data source: twelvedata
  live quote: 4458.71
Outside trading session window (PKT). Skipping evaluation.
Fri Aug 28 22:55:25 UTC 2026: Scan finished OK, pinged healthcheck
Fri Aug 28 23:00:20 UTC 2026: Starting scan
  TwelveData returned 1500 5m candles
  data source: twelvedata
  live quote: 4458.71
Outside trading session window (PKT). Skipping evaluation.
Fri Aug 28 23:00:26 UTC 2026: Scan finished OK, pinged healthcheck
Fri Aug 28 23:05:20 UTC 2026: Starting scan
  TwelveData returned 1500 5m candles
  data source: twelvedata
  live quote: 4458.71
Outside trading session window (PKT). Skipping evaluation.
Fri Aug 28 23:05:24 UTC 2026: Scan finished OK, pinged healthcheck
Fri Aug 28 23:10:20 UTC 2026: Starting scan
  TwelveData returned 1500 5m candles
  data source: twelvedata
  live quote: 4458.71
Outside trading session window (PKT). Skipping evaluation.
Fri Aug 28 23:10:24 UTC 2026: Scan finished OK, pinged healthcheck
Fri Aug 28 23:15:20 UTC 2026: Starting scan
  TwelveData returned 1500 5m candles
  data source: twelvedata
  live quote: 4458.71
Outside trading session window (PKT). Skipping evaluation.
Fri Aug 28 23:15:24 UTC 2026: Scan finished OK, pinged healthcheck
Fri Aug 28 23:20:20 UTC 2026: Starting scan
  TwelveData returned 1500 5m candles
  data source: twelvedata
  live quote: 4458.71
Outside trading session window (PKT). Skipping evaluation.
Fri Aug 28 23:20:25 UTC 2026: Scan finished OK, pinged healthcheck
Fri Aug 28 23:25:20 UTC 2026: Starting scan
  TwelveData returned 1500 5m candles
  data source: twelvedata
  live quote: 4458.71
Outside trading session window (PKT). Skipping evaluation.
Fri Aug 28 23:25:23 UTC 2026: Scan finished OK, pinged healthcheck
Fri Aug 28 23:30:20 UTC 2026: Starting scan
  TwelveData returned 1500 5m candles
  data source: twelvedata
  live quote: 4458.71
Outside trading session window (PKT). Skipping evaluation.
Fri Aug 28 23:30:23 UTC 2026: Scan finished OK, pinged healthcheck
Fri Aug 28 23:35:20 UTC 2026: Starting scan
  TwelveData returned 1500 5m candles
  data source: twelvedata
  live quote: 4458.71
Outside trading session window (PKT). Skipping evaluation.
Fri Aug 28 23:35:24 UTC 2026: Scan finished OK, pinged healthcheck
Fri Aug 28 23:40:20 UTC 2026: Starting scan
  TwelveData returned 1500 5m candles
  data source: twelvedata
  live quote: 4458.71
Outside trading session window (PKT). Skipping evaluation.
Fri Aug 28 23:40:24 UTC 2026: Scan finished OK, pinged healthcheck
Fri Aug 28 23:45:20 UTC 2026: Starting scan
  TwelveData returned 1500 5m candles
  data source: twelvedata
  live quote: 4458.71
Outside trading session window (PKT). Skipping evaluation.
Fri Aug 28 23:45:24 UTC 2026: Scan finished OK, pinged healthcheck
Fri Aug 28 23:50:20 UTC 2026: Starting scan
  TwelveData returned 1500 5m candles
  data source: twelvedata
  live quote: 4458.71
Outside trading session window (PKT). Skipping evaluation.
Fri Aug 28 23:50:24 UTC 2026: Scan finished OK, pinged healthcheck
Fri Aug 28 23:55:20 UTC 2026: Starting scan
  TwelveData returned 1500 5m candles
  data source: twelvedata
  live quote: 4458.71
Outside trading session window (PKT). Skipping evaluation.
Fri Aug 28 23:55:24 UTC 2026: Scan finished OK, pinged healthcheck
Sat Aug 29 00:00:20 UTC 2026: Starting scan
  TwelveData returned 1500 5m candles
  data source: twelvedata
  live quote: 4458.71
Outside trading session window (PKT). Skipping evaluation.
Sat Aug 29 00:00:29 UTC 2026: Scan finished OK, pinged healthcheck
Sat Aug 29 00:05:20 UTC 2026: Starting scan
  TwelveData returned 1500 5m candles
  data source: twelvedata
  live quote: 4458.71
Outside trading session window (PKT). Skipping evaluation.
Sat Aug 29 00:05:25 UTC 2026: Scan finished OK, pinged healthcheck
Sat Aug 29 00:10:20 UTC 2026: Starting scan
  TwelveData returned 1500 5m candles
  data source: twelvedata
  live quote: 4458.71
Outside trading session window (PKT). Skipping evaluation.
Sat Aug 29 00:10:24 UTC 2026: Scan finished OK, pinged healthcheck
Sat Aug 29 00:15:20 UTC 2026: Starting scan
  TwelveData returned 1500 5m candles
  data source: twelvedata
  live quote: 4458.71
Outside trading session window (PKT). Skipping evaluation.
Sat Aug 29 00:15:25 UTC 2026: Scan finished OK, pinged healthcheck
Sat Aug 29 00:20:20 UTC 2026: Starting scan
  TwelveData returned 1500 5m candles
  data source: twelvedata
  live quote: 4458.71
Outside trading session window (PKT). Skipping evaluation.
Sat Aug 29 00:20:23 UTC 2026: Scan finished OK, pinged healthcheck
Sat Aug 29 00:25:20 UTC 2026: Starting scan
  TwelveData returned 1500 5m candles
  data source: twelvedata
  live quote: 4458.71
Outside trading session window (PKT). Skipping evaluation.
Sat Aug 29 00:25:24 UTC 2026: Scan finished OK, pinged healthcheck
Sat Aug 29 00:30:20 UTC 2026: Starting scan
  TwelveData returned 1500 5m candles
  data source: twelvedata
  live quote: 4458.71
Outside trading session window (PKT). Skipping evaluation.
Sat Aug 29 00:30:25 UTC 2026: Scan finished OK, pinged healthcheck
Sat Aug 29 00:35:20 UTC 2026: Starting scan
  TwelveData returned 1500 5m candles
  data source: twelvedata
  live quote: 4458.71
Outside trading session window (PKT). Skipping evaluation.
Sat Aug 29 00:35:24 UTC 2026: Scan finished OK, pinged healthcheck
Sat Aug 29 00:40:20 UTC 2026: Starting scan
  TwelveData returned 1500 5m candles
  data source: twelvedata
  live quote: 4458.71
Outside trading session window (PKT). Skipping evaluation.
Sat Aug 29 00:40:24 UTC 2026: Scan finished OK, pinged healthcheck
Sat Aug 29 00:45:20 UTC 2026: Starting scan
  TwelveData returned 1500 5m candles
  data source: twelvedata
  live quote: 4458.71
Outside trading session window (PKT). Skipping evaluation.
Sat Aug 29 00:45:24 UTC 2026: Scan finished OK, pinged healthcheck
Sat Aug 29 00:50:20 UTC 2026: Starting scan
  TwelveData returned 1500 5m candles
  data source: twelvedata
  live quote: 4458.71
Outside trading session window (PKT). Skipping evaluation.
Sat Aug 29 00:50:24 UTC 2026: Scan finished OK, pinged healthcheck
Sat Aug 29 00:55:20 UTC 2026: Starting scan
  TwelveData returned 1500 5m candles
  data source: twelvedata
  live quote: 4458.71
Outside trading session window (PKT). Skipping evaluation.
Sat Aug 29 00:55:24 UTC 2026: Scan finished OK, pinged healthcheck
Sat Aug 29 01:00:20 UTC 2026: Starting scan
  TwelveData returned 1500 5m candles
  data source: twelvedata
  live quote: 4458.71
Outside trading session window (PKT). Skipping evaluation.
Sat Aug 29 01:00:25 UTC 2026: Scan finished OK, pinged healthcheck
Sat Aug 29 01:05:20 UTC 2026: Starting scan
  TwelveData returned 1500 5m candles
  data source: twelvedata
  live quote: 4458.71
Outside trading session window (PKT). Skipping evaluation.
Sat Aug 29 01:05:23 UTC 2026: Scan finished OK, pinged healthcheck
Sat Aug 29 01:10:20 UTC 2026: Starting scan
  TwelveData returned 1500 5m candles
  data source: twelvedata
  live quote: 4458.71
Outside trading session window (PKT). Skipping evaluation.
Sat Aug 29 01:10:24 UTC 2026: Scan finished OK, pinged healthcheck
Sat Aug 29 01:15:20 UTC 2026: Starting scan
  TwelveData returned 1500 5m candles
  data source: twelvedata
  live quote: 4458.71
Outside trading session window (PKT). Skipping evaluation.
Sat Aug 29 01:15:24 UTC 2026: Scan finished OK, pinged healthcheck
Sat Aug 29 01:20:20 UTC 2026: Starting scan
  TwelveData returned 1500 5m candles
  data source: twelvedata
  live quote: 4458.71
Outside trading session window (PKT). Skipping evaluation.
Sat Aug 29 01:20:24 UTC 2026: Scan finished OK, pinged healthcheck
Sat Aug 29 01:25:20 UTC 2026: Starting scan
  TwelveData returned 1500 5m candles
  data source: twelvedata
  live quote: 4458.71
Outside trading session window (PKT). Skipping evaluation.
Sat Aug 29 01:25:24 UTC 2026: Scan finished OK, pinged healthcheck
Sat Aug 29 01:30:20 UTC 2026: Starting scan
  TwelveData returned 1500 5m candles
  data source: twelvedata
  live quote: 4458.71
Outside trading session window (PKT). Skipping evaluation.
Sat Aug 29 01:30:25 UTC 2026: Scan finished OK, pinged healthcheck
Sat Aug 29 01:35:20 UTC 2026: Starting scan
  TwelveData returned 1500 5m candles
  data source: twelvedata
  live quote: 4458.71
Outside trading session window (PKT). Skipping evaluation.
Sat Aug 29 01:35:24 UTC 2026: Scan finished OK, pinged healthcheck
Sat Aug 29 01:40:20 UTC 2026: Starting scan
  TwelveData returned 1500 5m candles
  data source: twelvedata
  live quote: 4458.71
Outside trading session window (PKT). Skipping evaluation.
Sat Aug 29 01:40:24 UTC 2026: Scan finished OK, pinged healthcheck
Sat Aug 29 01:45:20 UTC 2026: Starting scan
  TwelveData returned 1500 5m candles
  data source: twelvedata
  live quote: 4458.71
Outside trading session window (PKT). Skipping evaluation.
Sat Aug 29 01:45:24 UTC 2026: Scan finished OK, pinged healthcheck
Sat Aug 29 01:50:20 UTC 2026: Starting scan
  TwelveData returned 1500 5m candles
  data source: twelvedata
  live quote: 4458.71
Outside trading session window (PKT). Skipping evaluation.
Sat Aug 29 01:50:23 UTC 2026: Scan finished OK, pinged healthcheck
Sat Aug 29 01:55:20 UTC 2026: Starting scan
  TwelveData returned 1500 5m candles
  data source: twelvedata
  live quote: 4458.71
Outside trading session window (PKT). Skipping evaluation.
Sat Aug 29 01:55:24 UTC 2026: Scan finished OK, pinged healthcheck
Sat Aug 29 02:00:20 UTC 2026: Starting scan
  TwelveData returned 1500 5m candles
  data source: twelvedata
  live quote: 4458.71
Evaluated state: PRE_SELL | spot: 4458.71232
No state change, no notification sent.
Sat Aug 29 02:00:26 UTC 2026: Scan finished OK, pinged healthcheck
Sat Aug 29 02:05:20 UTC 2026: Starting scan
  TwelveData returned 1500 5m candles
  data source: twelvedata
  live quote: 4458.71
Evaluated state: NO_TRADE | spot: 4458.71232
Sat Aug 29 02:05:24 UTC 2026: Scan finished OK, pinged healthcheck
Sat Aug 29 02:10:20 UTC 2026: Starting scan
  TwelveData returned 1500 5m candles
  data source: twelvedata
  live quote: 4458.71
Evaluated state: NO_TRADE | spot: 4458.71232
No state change, no notification sent.
Sat Aug 29 02:10:25 UTC 2026: Scan finished OK, pinged healthcheck
Sat Aug 29 02:15:20 UTC 2026: Starting scan
  TwelveData returned 1500 5m candles
  data source: twelvedata
  live quote: 4458.71
Evaluated state: NO_TRADE | spot: 4458.71232
No state change, no notification sent.
Sat Aug 29 02:15:24 UTC 2026: Scan finished OK, pinged healthcheck
Sat Aug 29 02:20:20 UTC 2026: Starting scan
  TwelveData returned 1500 5m candles
  data source: twelvedata
  live quote: 4458.71
Evaluated state: NO_TRADE | spot: 4458.71232
No state change, no notification sent.
Sat Aug 29 02:20:24 UTC 2026: Scan finished OK, pinged healthcheck
Sat Aug 29 02:25:20 UTC 2026: Starting scan
  TwelveData returned 1500 5m candles
  data source: twelvedata
  live quote: 4458.71
Evaluated state: NO_TRADE | spot: 4458.71232
No state change, no notification sent.
Sat Aug 29 02:25:24 UTC 2026: Scan finished OK, pinged healthcheck
Sat Aug 29 02:30:20 UTC 2026: Starting scan
  TwelveData returned 1500 5m candles
  data source: twelvedata
  live quote: 4458.71
Evaluated state: NO_TRADE | spot: 4458.71232
No state change, no notification sent.
Sat Aug 29 02:30:25 UTC 2026: Scan finished OK, pinged healthcheck
Sat Aug 29 02:35:20 UTC 2026: Starting scan
  TwelveData returned 1500 5m candles
  data source: twelvedata
  live quote: 4458.71
Evaluated state: NO_TRADE | spot: 4458.71232
No state change, no notification sent.
Sat Aug 29 02:35:24 UTC 2026: Scan finished OK, pinged healthcheck
Sat Aug 29 02:40:20 UTC 2026: Starting scan
  TwelveData returned 1500 5m candles
  data source: twelvedata
  live quote: 4458.71
Evaluated state: NO_TRADE | spot: 4458.71232
No state change, no notification sent.
Sat Aug 29 02:40:24 UTC 2026: Scan finished OK, pinged healthcheck
Sat Aug 29 02:45:20 UTC 2026: Starting scan
  TwelveData returned 1500 5m candles
  data source: twelvedata
  live quote: 4458.71
Evaluated state: NO_TRADE | spot: 4458.71232
No state change, no notification sent.
Sat Aug 29 02:45:24 UTC 2026: Scan finished OK, pinged healthcheck
Sat Aug 29 02:50:20 UTC 2026: Starting scan
  TwelveData returned 1500 5m candles
  data source: twelvedata
  live quote: 4458.71
Evaluated state: NO_TRADE | spot: 4458.71232
No state change, no notification sent.
Sat Aug 29 02:50:24 UTC 2026: Scan finished OK, pinged healthcheck
Sat Aug 29 02:55:20 UTC 2026: Starting scan
  TwelveData returned 1500 5m candles
  data source: twelvedata
  live quote: 4458.71
Evaluated state: NO_TRADE | spot: 4458.71232
No state change, no notification sent.
Sat Aug 29 02:55:24 UTC 2026: Scan finished OK, pinged healthcheck
Sat Aug 29 03:00:20 UTC 2026: Starting scan
  TwelveData returned 1500 5m candles
  data source: twelvedata
  live quote: 4458.71
Evaluated state: PRE_SELL | spot: 4458.71232
  notified -> telegram:True discord:True
Sat Aug 29 03:00:27 UTC 2026: Scan finished OK, pinged healthcheck
Sat Aug 29 03:05:20 UTC 2026: Starting scan
  TwelveData returned 1500 5m candles
  data source: twelvedata
  live quote: 4458.71
Evaluated state: NO_TRADE | spot: 4458.71232
Sat Aug 29 03:05:25 UTC 2026: Scan finished OK, pinged healthcheck
Sat Aug 29 03:10:20 UTC 2026: Starting scan
  TwelveData returned 1500 5m candles
  data source: twelvedata
  live quote: 4458.71
Evaluated state: NO_TRADE | spot: 4458.71232
No state change, no notification sent.
Sat Aug 29 03:10:24 UTC 2026: Scan finished OK, pinged healthcheck
Sat Aug 29 03:15:20 UTC 2026: Starting scan
  TwelveData returned 1500 5m candles
  data source: twelvedata
  live quote: 4458.71
Evaluated state: NO_TRADE | spot: 4458.71232
No state change, no notification sent.
Sat Aug 29 03:15:24 UTC 2026: Scan finished OK, pinged healthcheck
Sat Aug 29 03:20:20 UTC 2026: Starting scan
  TwelveData returned 1500 5m candles
  data source: twelvedata
  live quote: 4458.71
Evaluated state: NO_TRADE | spot: 4458.71232
No state change, no notification sent.
Sat Aug 29 03:20:25 UTC 2026: Scan finished OK, pinged healthcheck
Sat Aug 29 03:25:20 UTC 2026: Starting scan
  TwelveData returned 1500 5m candles
  data source: twelvedata
  live quote: 4458.78
Evaluated state: NO_TRADE | spot: 4458.77992
No state change, no notification sent.
Sat Aug 29 03:25:24 UTC 2026: Scan finished OK, pinged healthcheck
Sat Aug 29 03:30:20 UTC 2026: Starting scan
  TwelveData returned 1500 5m candles
  data source: twelvedata
  live quote: 4458.71
Evaluated state: NO_TRADE | spot: 4458.71232
No state change, no notification sent.
Sat Aug 29 03:30:24 UTC 2026: Scan finished OK, pinged healthcheck
Sat Aug 29 03:35:20 UTC 2026: Starting scan
  TwelveData returned 1500 5m candles
  data source: twelvedata
  live quote: 4458.71
Evaluated state: NO_TRADE | spot: 4458.71232
No state change, no notification sent.
Sat Aug 29 03:35:24 UTC 2026: Scan finished OK, pinged healthcheck
Sat Aug 29 03:40:20 UTC 2026: Starting scan
  TwelveData returned 1500 5m candles
  data source: twelvedata
  live quote: 4458.71
Evaluated state: NO_TRADE | spot: 4458.71232
No state change, no notification sent.
Sat Aug 29 03:40:25 UTC 2026: Scan finished OK, pinged healthcheck
Sat Aug 29 03:45:20 UTC 2026: Starting scan
  TwelveData returned 1500 5m candles
  data source: twelvedata
  live quote: 4458.71
Evaluated state: NO_TRADE | spot: 4458.71232
No state change, no notification sent.
Sat Aug 29 03:45:24 UTC 2026: Scan finished OK, pinged healthcheck
Sat Aug 29 03:50:20 UTC 2026: Starting scan
  TwelveData returned 1500 5m candles
  data source: twelvedata
  live quote: 4458.71
Evaluated state: NO_TRADE | spot: 4458.71232
No state change, no notification sent.
Sat Aug 29 03:50:24 UTC 2026: Scan finished OK, pinged healthcheck
Sat Aug 29 03:55:20 UTC 2026: Starting scan
  TwelveData returned 1500 5m candles
  data source: twelvedata
  live quote: 4458.71
Evaluated state: NO_TRADE | spot: 4458.71232
No state change, no notification sent.
Sat Aug 29 03:55:25 UTC 2026: Scan finished OK, pinged healthcheck
Sat Aug 29 04:00:20 UTC 2026: Starting scan
  TwelveData returned 1500 5m candles
  data source: twelvedata
  live quote: 4458.71
Evaluated state: NO_TRADE | spot: 4458.71232
No state change, no notification sent.
Sat Aug 29 04:00:25 UTC 2026: Scan finished OK, pinged healthcheck
Sat Aug 29 04:05:20 UTC 2026: Starting scan
  TwelveData returned 1500 5m candles
  data source: twelvedata
  live quote: 4458.71
Evaluated state: NO_TRADE | spot: 4458.71232
No state change, no notification sent.
Sat Aug 29 04:05:25 UTC 2026: Scan finished OK, pinged healthcheck
Sat Aug 29 04:10:20 UTC 2026: Starting scan
  TwelveData returned 1500 5m candles
  data source: twelvedata
  live quote: 4458.71
Evaluated state: NO_TRADE | spot: 4458.71232
No state change, no notification sent.
Sat Aug 29 04:10:24 UTC 2026: Scan finished OK, pinged healthcheck
Sat Aug 29 04:15:20 UTC 2026: Starting scan
  TwelveData returned 1500 5m candles
  data source: twelvedata
  live quote: 4458.71
Evaluated state: NO_TRADE | spot: 4458.71232
No state change, no notification sent.
Sat Aug 29 04:15:25 UTC 2026: Scan finished OK, pinged healthcheck
Sat Aug 29 04:20:20 UTC 2026: Starting scan
  TwelveData returned 1500 5m candles
  data source: twelvedata
  live quote: 4458.71
Evaluated state: NO_TRADE | spot: 4458.71232
No state change, no notification sent.
Sat Aug 29 04:20:25 UTC 2026: Scan finished OK, pinged healthcheck
Sat Aug 29 04:25:20 UTC 2026: Starting scan
  TwelveData returned 1500 5m candles
  data source: twelvedata
  live quote: 4458.71
Evaluated state: NO_TRADE | spot: 4458.71232
No state change, no notification sent.
Sat Aug 29 04:25:25 UTC 2026: Scan finished OK, pinged healthcheck
Sat Aug 29 04:30:20 UTC 2026: Starting scan
  TwelveData returned 1500 5m candles
  data source: twelvedata
  live quote: 4458.71
Evaluated state: NO_TRADE | spot: 4458.71232
No state change, no notification sent.
Sat Aug 29 04:30:25 UTC 2026: Scan finished OK, pinged healthcheck
Sat Aug 29 04:35:20 UTC 2026: Starting scan
  TwelveData returned 1500 5m candles
  data source: twelvedata
  live quote: 4458.71
Evaluated state: NO_TRADE | spot: 4458.71232
No state change, no notification sent.
Sat Aug 29 04:35:24 UTC 2026: Scan finished OK, pinged healthcheck
Sat Aug 29 04:40:20 UTC 2026: Starting scan
  TwelveData returned 1500 5m candles
  data source: twelvedata
  live quote: 4458.71
Evaluated state: NO_TRADE | spot: 4458.71232
No state change, no notification sent.
Sat Aug 29 04:40:25 UTC 2026: Scan finished OK, pinged healthcheck
Sat Aug 29 04:45:20 UTC 2026: Starting scan
  TwelveData returned 1500 5m candles
  data source: twelvedata
  live quote: 4458.71
Evaluated state: NO_TRADE | spot: 4458.71232
No state change, no notification sent.
Sat Aug 29 04:45:24 UTC 2026: Scan finished OK, pinged healthcheck
Sat Aug 29 04:50:20 UTC 2026: Starting scan
  TwelveData returned 1500 5m candles
  data source: twelvedata
  live quote: 4458.71
Evaluated state: NO_TRADE | spot: 4458.71232
No state change, no notification sent.
Sat Aug 29 04:50:25 UTC 2026: Scan finished OK, pinged healthcheck
Sat Aug 29 04:55:20 UTC 2026: Starting scan
  TwelveData returned 1500 5m candles
  data source: twelvedata
  live quote: 4458.79
Evaluated state: NO_TRADE | spot: 4458.78588
No state change, no notification sent.
Sat Aug 29 04:55:25 UTC 2026: Scan finished OK, pinged healthcheck
Sat Aug 29 05:00:20 UTC 2026: Starting scan
  TwelveData returned 1500 5m candles
  data source: twelvedata
  live quote: 4458.71
Evaluated state: NO_TRADE | spot: 4458.71232
No state change, no notification sent.
Sat Aug 29 05:00:25 UTC 2026: Scan finished OK, pinged healthcheck
Sat Aug 29 05:05:20 UTC 2026: Starting scan
  TwelveData returned 1500 5m candles
  data source: twelvedata
  live quote: 4458.71
Evaluated state: NO_TRADE | spot: 4458.71232
No state change, no notification sent.
Sat Aug 29 05:05:25 UTC 2026: Scan finished OK, pinged healthcheck
Sat Aug 29 05:10:20 UTC 2026: Starting scan
  TwelveData returned 1500 5m candles
  data source: twelvedata
  live quote: 4458.71
Evaluated state: NO_TRADE | spot: 4458.71232
No state change, no notification sent.
Sat Aug 29 05:10:25 UTC 2026: Scan finished OK, pinged healthcheck
Sat Aug 29 05:15:20 UTC 2026: Starting scan
  TwelveData returned 1500 5m candles
  data source: twelvedata
  live quote: 4458.71
Evaluated state: NO_TRADE | spot: 4458.71232
No state change, no notification sent.
Sat Aug 29 05:15:25 UTC 2026: Scan finished OK, pinged healthcheck
Sat Aug 29 05:20:20 UTC 2026: Starting scan
  TwelveData returned 1500 5m candles
  data source: twelvedata
  live quote: 4458.71
Evaluated state: NO_TRADE | spot: 4458.71232
No state change, no notification sent.
Sat Aug 29 05:20:25 UTC 2026: Scan finished OK, pinged healthcheck
Sat Aug 29 05:25:20 UTC 2026: Starting scan
  TwelveData returned 1500 5m candles
  data source: twelvedata
  live quote: 4458.71
Evaluated state: NO_TRADE | spot: 4458.71232
No state change, no notification sent.
Sat Aug 29 05:25:24 UTC 2026: Scan finished OK, pinged healthcheck
Sat Aug 29 05:30:20 UTC 2026: Starting scan
  TwelveData returned 1500 5m candles
  data source: twelvedata
  live quote: 4458.71
Evaluated state: NO_TRADE | spot: 4458.71232
No state change, no notification sent.
Sat Aug 29 05:30:25 UTC 2026: Scan finished OK, pinged healthcheck
Sat Aug 29 05:35:20 UTC 2026: Starting scan
  TwelveData returned 1500 5m candles
  data source: twelvedata
  live quote: 4458.71
Evaluated state: NO_TRADE | spot: 4458.71232
No state change, no notification sent.
Sat Aug 29 05:35:25 UTC 2026: Scan finished OK, pinged healthcheck
Sat Aug 29 05:40:20 UTC 2026: Starting scan
  TwelveData returned 1500 5m candles
  data source: twelvedata
  live quote: 4458.71
Evaluated state: NO_TRADE | spot: 4458.71232
No state change, no notification sent.
Sat Aug 29 05:40:25 UTC 2026: Scan finished OK, pinged healthcheck
Sat Aug 29 05:45:20 UTC 2026: Starting scan
  TwelveData returned 1500 5m candles
  data source: twelvedata
  live quote: 4458.71
Evaluated state: NO_TRADE | spot: 4458.71232
No state change, no notification sent.
Sat Aug 29 05:45:25 UTC 2026: Scan finished OK, pinged healthcheck
Sat Aug 29 05:50:20 UTC 2026: Starting scan
  TwelveData returned 1500 5m candles
  data source: twelvedata
  live quote: 4458.71
Evaluated state: NO_TRADE | spot: 4458.71232
No state change, no notification sent.
Sat Aug 29 05:50:25 UTC 2026: Scan finished OK, pinged healthcheck
Sat Aug 29 05:55:20 UTC 2026: Starting scan
  TwelveData returned 1500 5m candles
  data source: twelvedata
  live quote: 4458.71
Evaluated state: NO_TRADE | spot: 4458.71232
No state change, no notification sent.
Sat Aug 29 05:55:25 UTC 2026: Scan finished OK, pinged healthcheck
Sat Aug 29 06:00:20 UTC 2026: Starting scan
  TwelveData returned 1500 5m candles
  data source: twelvedata
  live quote: 4458.71
Evaluated state: NO_TRADE | spot: 4458.71232
No state change, no notification sent.
Sat Aug 29 06:00:27 UTC 2026: Scan finished OK, pinged healthcheck
Sat Aug 29 06:05:20 UTC 2026: Starting scan
  TwelveData returned 1500 5m candles
  data source: twelvedata
  live quote: 4458.71
Evaluated state: NO_TRADE | spot: 4458.71232
No state change, no notification sent.
Sat Aug 29 06:05:25 UTC 2026: Scan finished OK, pinged healthcheck
Sat Aug 29 06:10:20 UTC 2026: Starting scan
  TwelveData returned 1500 5m candles
  data source: twelvedata
  live quote: 4458.71
Evaluated state: NO_TRADE | spot: 4458.71232
No state change, no notification sent.
Sat Aug 29 06:10:25 UTC 2026: Scan finished OK, pinged healthcheck
Sat Aug 29 06:15:20 UTC 2026: Starting scan
  TwelveData returned 1500 5m candles
  data source: twelvedata
  live quote: 4458.71
Evaluated state: NO_TRADE | spot: 4458.71232
No state change, no notification sent.
Sat Aug 29 06:15:26 UTC 2026: Scan finished OK, pinged healthcheck
Sat Aug 29 06:20:20 UTC 2026: Starting scan
  TwelveData returned 1500 5m candles
  data source: twelvedata
  live quote: 4458.71
Evaluated state: NO_TRADE | spot: 4458.71232
No state change, no notification sent.
Sat Aug 29 06:20:26 UTC 2026: Scan finished OK, pinged healthcheck
Sat Aug 29 06:25:20 UTC 2026: Starting scan
  TwelveData returned 1500 5m candles
  data source: twelvedata
  live quote: 4458.71
Evaluated state: NO_TRADE | spot: 4458.71232
No state change, no notification sent.
Sat Aug 29 06:25:25 UTC 2026: Scan finished OK, pinged healthcheck
Sat Aug 29 06:30:20 UTC 2026: Starting scan
  TwelveData returned 1500 5m candles
  data source: twelvedata
  live quote: 4458.78
Evaluated state: NO_TRADE | spot: 4458.77793
No state change, no notification sent.
Sat Aug 29 06:30:25 UTC 2026: Scan finished OK, pinged healthcheck
Sat Aug 29 06:35:20 UTC 2026: Starting scan
  TwelveData returned 1500 5m candles
  data source: twelvedata
  live quote: 4458.71
Evaluated state: NO_TRADE | spot: 4458.71232
No state change, no notification sent.
Sat Aug 29 06:35:26 UTC 2026: Scan finished OK, pinged healthcheck
Sat Aug 29 06:40:20 UTC 2026: Starting scan
  TwelveData returned 1500 5m candles
  data source: twelvedata
  live quote: 4458.76
Evaluated state: NO_TRADE | spot: 4458.75805
No state change, no notification sent.
Sat Aug 29 06:40:25 UTC 2026: Scan finished OK, pinged healthcheck
Sat Aug 29 06:45:20 UTC 2026: Starting scan
  TwelveData returned 1500 5m candles
  data source: twelvedata
  live quote: 4458.76
Evaluated state: NO_TRADE | spot: 4458.75606
No state change, no notification sent.
Sat Aug 29 06:45:25 UTC 2026: Scan finished OK, pinged healthcheck
Sat Aug 29 06:50:20 UTC 2026: Starting scan
  TwelveData returned 1500 5m candles
  data source: twelvedata
  live quote: 4458.76
Evaluated state: NO_TRADE | spot: 4458.75606
No state change, no notification sent.
Sat Aug 29 06:50:25 UTC 2026: Scan finished OK, pinged healthcheck
Sat Aug 29 06:55:20 UTC 2026: Starting scan
  TwelveData returned 1500 5m candles
  data source: twelvedata
  live quote: 4458.76
Evaluated state: NO_TRADE | spot: 4458.76202
No state change, no notification sent.
Sat Aug 29 06:55:26 UTC 2026: Scan finished OK, pinged healthcheck
Sat Aug 29 07:00:20 UTC 2026: Starting scan
  TwelveData returned 1500 5m candles
  data source: twelvedata
  live quote: 4458.77
Evaluated state: NO_TRADE | spot: 4458.766
No state change, no notification sent.
Sat Aug 29 07:00:26 UTC 2026: Scan finished OK, pinged healthcheck
Sat Aug 29 07:05:20 UTC 2026: Starting scan
  TwelveData returned 1500 5m candles
  data source: twelvedata
  live quote: 4458.77
Evaluated state: NO_TRADE | spot: 4458.766
No state change, no notification sent.
Sat Aug 29 07:05:25 UTC 2026: Scan finished OK, pinged healthcheck
Sat Aug 29 07:10:20 UTC 2026: Starting scan
  TwelveData returned 1500 5m candles
  data source: twelvedata
  live quote: 4458.76
Evaluated state: NO_TRADE | spot: 4458.76004
No state change, no notification sent.
Sat Aug 29 07:10:25 UTC 2026: Scan finished OK, pinged healthcheck
Sat Aug 29 07:15:20 UTC 2026: Starting scan
  TwelveData returned 1500 5m candles
  data source: twelvedata
  live quote: 4458.71
Evaluated state: NO_TRADE | spot: 4458.71232
No state change, no notification sent.
Sat Aug 29 07:15:26 UTC 2026: Scan finished OK, pinged healthcheck
Sat Aug 29 07:20:20 UTC 2026: Starting scan
  TwelveData returned 1500 5m candles
  data source: twelvedata
  live quote: 4458.75
Evaluated state: NO_TRADE | spot: 4458.75407
No state change, no notification sent.
Sat Aug 29 07:20:25 UTC 2026: Scan finished OK, pinged healthcheck
Sat Aug 29 07:25:20 UTC 2026: Starting scan
  TwelveData returned 1500 5m candles
  data source: twelvedata
  live quote: 4458.75
Evaluated state: NO_TRADE | spot: 4458.75407
No state change, no notification sent.
Sat Aug 29 07:25:26 UTC 2026: Scan finished OK, pinged healthcheck
Sat Aug 29 07:30:20 UTC 2026: Starting scan
  TwelveData returned 1500 5m candles
  data source: twelvedata
  live quote: 4458.76
Evaluated state: NO_TRADE | spot: 4458.76004
No state change, no notification sent.
Sat Aug 29 07:30:26 UTC 2026: Scan finished OK, pinged healthcheck
Sat Aug 29 07:35:20 UTC 2026: Starting scan
  TwelveData returned 1500 5m candles
  data source: twelvedata
  live quote: 4458.76
Evaluated state: NO_TRADE | spot: 4458.76004
No state change, no notification sent.
Sat Aug 29 07:35:26 UTC 2026: Scan finished OK, pinged healthcheck
Sat Aug 29 07:40:20 UTC 2026: Starting scan
  TwelveData returned 1500 5m candles
  data source: twelvedata
  live quote: 4458.76
Evaluated state: NO_TRADE | spot: 4458.75606
No state change, no notification sent.
Sat Aug 29 07:40:25 UTC 2026: Scan finished OK, pinged healthcheck
Sat Aug 29 07:45:20 UTC 2026: Starting scan
  TwelveData returned 1500 5m candles
  data source: twelvedata
  live quote: 4458.75
Evaluated state: NO_TRADE | spot: 4458.75407
No state change, no notification sent.
Sat Aug 29 07:45:26 UTC 2026: Scan finished OK, pinged healthcheck
Sat Aug 29 07:50:20 UTC 2026: Starting scan
  TwelveData returned 1500 5m candles
  data source: twelvedata
  live quote: 4458.75
Evaluated state: NO_TRADE | spot: 4458.75407
No state change, no notification sent.
Sat Aug 29 07:50:26 UTC 2026: Scan finished OK, pinged healthcheck
Sat Aug 29 07:55:20 UTC 2026: Starting scan
  TwelveData returned 1500 5m candles
  data source: twelvedata
  live quote: 4458.75
Evaluated state: NO_TRADE | spot: 4458.75407
No state change, no notification sent.
Sat Aug 29 07:55:25 UTC 2026: Scan finished OK, pinged healthcheck
Sat Aug 29 08:00:20 UTC 2026: Starting scan
  fetch attempt 1/3 failed: HTTPSConnectionPool(host='api.twelvedata.com', port=443): Read timed out.
  fetch attempt 2/3 failed: 522 Server Error: <none> for url: https://api.twelvedata.com/time_series?symbol=XAU/USD&interval=5min&outputsize=1500&timezone=UTC&order=ASC&apikey=c31c0cdced904fa3a0773f41bad78449
  TwelveData returned 1500 5m candles
  data source: twelvedata
  live quote: 4458.71
Evaluated state: NO_TRADE | spot: 4458.71232
No state change, no notification sent.
Sat Aug 29 08:01:33 UTC 2026: Scan finished OK, pinged healthcheck
Sat Aug 29 08:05:20 UTC 2026: Starting scan
  TwelveData returned 1500 5m candles
  data source: twelvedata
  live quote: 4458.71
Evaluated state: NO_TRADE | spot: 4458.71232
No state change, no notification sent.
Sat Aug 29 08:05:25 UTC 2026: Scan finished OK, pinged healthcheck
Sat Aug 29 08:10:20 UTC 2026: Starting scan
  TwelveData returned 1500 5m candles
  data source: twelvedata
  live quote: 4458.71
Evaluated state: NO_TRADE | spot: 4458.71232
No state change, no notification sent.
Sat Aug 29 08:10:26 UTC 2026: Scan finished OK, pinged healthcheck
Sat Aug 29 08:15:20 UTC 2026: Starting scan
  TwelveData returned 1500 5m candles
  data source: twelvedata
  live quote: 4458.71
Evaluated state: NO_TRADE | spot: 4458.71232
No state change, no notification sent.
Sat Aug 29 08:15:25 UTC 2026: Scan finished OK, pinged healthcheck
Sat Aug 29 08:20:20 UTC 2026: Starting scan
  TwelveData returned 1500 5m candles
  data source: twelvedata
  live quote: 4458.71
Evaluated state: NO_TRADE | spot: 4458.71232
No state change, no notification sent.
Sat Aug 29 08:20:26 UTC 2026: Scan finished OK, pinged healthcheck
Sat Aug 29 08:25:20 UTC 2026: Starting scan
  TwelveData returned 1500 5m candles
  data source: twelvedata
  live quote: 4458.71
Evaluated state: NO_TRADE | spot: 4458.71232
No state change, no notification sent.
Sat Aug 29 08:25:26 UTC 2026: Scan finished OK, pinged healthcheck
Sat Aug 29 08:30:20 UTC 2026: Starting scan
  TwelveData returned 1500 5m candles
  data source: twelvedata
  live quote: 4458.71
Evaluated state: NO_TRADE | spot: 4458.71232
No state change, no notification sent.
Sat Aug 29 08:30:26 UTC 2026: Scan finished OK, pinged healthcheck
Sat Aug 29 08:35:20 UTC 2026: Starting scan
  TwelveData returned 1500 5m candles
  data source: twelvedata
  live quote: 4458.71
Evaluated state: NO_TRADE | spot: 4458.71232
No state change, no notification sent.
Sat Aug 29 08:35:25 UTC 2026: Scan finished OK, pinged healthcheck
Sat Aug 29 08:40:20 UTC 2026: Starting scan
  TwelveData returned 1500 5m candles
  data source: twelvedata
  live quote: 4458.71
Evaluated state: NO_TRADE | spot: 4458.71232
No state change, no notification sent.
Sat Aug 29 08:40:26 UTC 2026: Scan finished OK, pinged healthcheck
Sat Aug 29 08:45:20 UTC 2026: Starting scan
  TwelveData returned 1500 5m candles
  data source: twelvedata
  live quote: 4458.71
Evaluated state: NO_TRADE | spot: 4458.71232
No state change, no notification sent.
Sat Aug 29 08:45:26 UTC 2026: Scan finished OK, pinged healthcheck
Sat Aug 29 08:50:20 UTC 2026: Starting scan
  TwelveData returned 1500 5m candles
  data source: twelvedata
  live quote: 4458.71
Evaluated state: NO_TRADE | spot: 4458.71232
No state change, no notification sent.
Sat Aug 29 08:50:25 UTC 2026: Scan finished OK, pinged healthcheck
Sat Aug 29 08:55:20 UTC 2026: Starting scan
  TwelveData returned 1500 5m candles
  data source: twelvedata
  live quote: 4458.71
Evaluated state: NO_TRADE | spot: 4458.71232
No state change, no notification sent.
Sat Aug 29 08:55:26 UTC 2026: Scan finished OK, pinged healthcheck
Sat Aug 29 09:00:20 UTC 2026: Starting scan
  TwelveData returned 1500 5m candles
  data source: twelvedata
  live quote: 4458.71
Evaluated state: NO_TRADE | spot: 4458.71232
No state change, no notification sent.
Sat Aug 29 09:00:27 UTC 2026: Scan finished OK, pinged healthcheck
Sat Aug 29 09:05:20 UTC 2026: Starting scan
  TwelveData returned 1500 5m candles
  data source: twelvedata
  live quote: 4458.71
Evaluated state: NO_TRADE | spot: 4458.71232
No state change, no notification sent.
Sat Aug 29 09:05:26 UTC 2026: Scan finished OK, pinged healthcheck
Sat Aug 29 09:10:20 UTC 2026: Starting scan
  TwelveData returned 1500 5m candles
  data source: twelvedata
  live quote: 4458.71
Evaluated state: NO_TRADE | spot: 4458.71232
No state change, no notification sent.
Sat Aug 29 09:10:26 UTC 2026: Scan finished OK, pinged healthcheck
Sat Aug 29 09:15:20 UTC 2026: Starting scan
  TwelveData returned 1500 5m candles
  data source: twelvedata
  live quote: 4458.71
Evaluated state: NO_TRADE | spot: 4458.71232
No state change, no notification sent.
Sat Aug 29 09:15:25 UTC 2026: Scan finished OK, pinged healthcheck
Sat Aug 29 09:20:20 UTC 2026: Starting scan
  TwelveData returned 1500 5m candles
  data source: twelvedata
  live quote: 4458.71
Evaluated state: NO_TRADE | spot: 4458.71232
No state change, no notification sent.
Sat Aug 29 09:20:26 UTC 2026: Scan finished OK, pinged healthcheck
Sat Aug 29 09:25:20 UTC 2026: Starting scan
  TwelveData returned 1500 5m candles
  data source: twelvedata
  live quote: 4458.71
Evaluated state: NO_TRADE | spot: 4458.71232
No state change, no notification sent.
Sat Aug 29 09:25:26 UTC 2026: Scan finished OK, pinged healthcheck
Sat Aug 29 09:30:20 UTC 2026: Starting scan
  TwelveData returned 1500 5m candles
  data source: twelvedata
  live quote: 4458.71
Evaluated state: NO_TRADE | spot: 4458.71232
No state change, no notification sent.
Sat Aug 29 09:30:25 UTC 2026: Scan finished OK, pinged healthcheck
Sat Aug 29 09:35:20 UTC 2026: Starting scan
  TwelveData returned 1500 5m candles
  data source: twelvedata
  live quote: 4458.71
Evaluated state: PRE_SELL | spot: 4458.71232
  notified -> telegram:True discord:True
Sat Aug 29 09:35:28 UTC 2026: Scan finished OK, pinged healthcheck
Sat Aug 29 09:40:20 UTC 2026: Starting scan
  TwelveData returned 1500 5m candles
  data source: twelvedata
  live quote: 4458.71
Evaluated state: NO_TRADE | spot: 4458.71232
Sat Aug 29 09:40:26 UTC 2026: Scan finished OK, pinged healthcheck
Sat Aug 29 09:45:20 UTC 2026: Starting scan
  TwelveData returned 1500 5m candles
  data source: twelvedata
  live quote: 4458.71
Evaluated state: NO_TRADE | spot: 4458.71232
No state change, no notification sent.
Sat Aug 29 09:45:26 UTC 2026: Scan finished OK, pinged healthcheck
Sat Aug 29 09:50:20 UTC 2026: Starting scan
  TwelveData returned 1500 5m candles
  data source: twelvedata
  live quote: 4458.71
Evaluated state: NO_TRADE | spot: 4458.71232
No state change, no notification sent.
Sat Aug 29 09:50:26 UTC 2026: Scan finished OK, pinged healthcheck
Sat Aug 29 09:55:20 UTC 2026: Starting scan
  TwelveData returned 1500 5m candles
  data source: twelvedata
  live quote: 4458.71
Evaluated state: NO_TRADE | spot: 4458.71232
No state change, no notification sent.
Sat Aug 29 09:55:26 UTC 2026: Scan finished OK, pinged healthcheck
Sat Aug 29 10:00:20 UTC 2026: Starting scan
  TwelveData returned 1500 5m candles
  data source: twelvedata
  live quote: 4458.71
Evaluated state: NO_TRADE | spot: 4458.71232
No state change, no notification sent.
Sat Aug 29 10:00:27 UTC 2026: Scan finished OK, pinged healthcheck
Sat Aug 29 10:05:20 UTC 2026: Starting scan
  TwelveData returned 1500 5m candles
  data source: twelvedata
  live quote: 4458.71
Evaluated state: NO_TRADE | spot: 4458.71232
No state change, no notification sent.
Sat Aug 29 10:05:27 UTC 2026: Scan finished OK, pinged healthcheck
Sat Aug 29 10:10:20 UTC 2026: Starting scan
  TwelveData returned 1500 5m candles
  data source: twelvedata
  live quote: 4458.71
Evaluated state: NO_TRADE | spot: 4458.71232
No state change, no notification sent.
Sat Aug 29 10:10:26 UTC 2026: Scan finished OK, pinged healthcheck
Sat Aug 29 10:15:20 UTC 2026: Starting scan
  TwelveData returned 1500 5m candles
  data source: twelvedata
  live quote: 4458.71
Evaluated state: NO_TRADE | spot: 4458.71232
No state change, no notification sent.
Sat Aug 29 10:15:26 UTC 2026: Scan finished OK, pinged healthcheck
Sat Aug 29 10:20:20 UTC 2026: Starting scan
  TwelveData returned 1500 5m candles
  data source: twelvedata
  live quote: 4458.71
Evaluated state: NO_TRADE | spot: 4458.71232
No state change, no notification sent.
Sat Aug 29 10:20:25 UTC 2026: Scan finished OK, pinged healthcheck
Sat Aug 29 10:25:20 UTC 2026: Starting scan
  TwelveData returned 1500 5m candles
  data source: twelvedata
  live quote: 4458.71
Evaluated state: NO_TRADE | spot: 4458.71232
No state change, no notification sent.
Sat Aug 29 10:25:26 UTC 2026: Scan finished OK, pinged healthcheck
Sat Aug 29 10:30:20 UTC 2026: Starting scan
  TwelveData returned 1500 5m candles
  data source: twelvedata
  live quote: 4458.71
Evaluated state: NO_TRADE | spot: 4458.71232
No state change, no notification sent.
Sat Aug 29 10:30:26 UTC 2026: Scan finished OK, pinged healthcheck
Sat Aug 29 10:35:20 UTC 2026: Starting scan
  TwelveData returned 1500 5m candles
  data source: twelvedata
  live quote: 4458.71
Evaluated state: NO_TRADE | spot: 4458.71232
No state change, no notification sent.
Sat Aug 29 10:35:26 UTC 2026: Scan finished OK, pinged healthcheck
Sat Aug 29 10:40:20 UTC 2026: Starting scan
  TwelveData returned 1500 5m candles
  data source: twelvedata
  live quote: 4458.71
Evaluated state: NO_TRADE | spot: 4458.71232
No state change, no notification sent.
Sat Aug 29 10:40:26 UTC 2026: Scan finished OK, pinged healthcheck
Sat Aug 29 10:45:20 UTC 2026: Starting scan
  TwelveData returned 1500 5m candles
  data source: twelvedata
  live quote: 4458.71
Evaluated state: NO_TRADE | spot: 4458.71232
No state change, no notification sent.
Sat Aug 29 10:45:26 UTC 2026: Scan finished OK, pinged healthcheck
Sat Aug 29 10:50:20 UTC 2026: Starting scan
  TwelveData returned 1500 5m candles
  data source: twelvedata
  live quote: 4458.71
Evaluated state: NO_TRADE | spot: 4458.71232
No state change, no notification sent.
Sat Aug 29 10:50:26 UTC 2026: Scan finished OK, pinged healthcheck
Sat Aug 29 10:55:20 UTC 2026: Starting scan
  TwelveData returned 1500 5m candles
  data source: twelvedata
  live quote: 4458.71
Evaluated state: NO_TRADE | spot: 4458.71232
No state change, no notification sent.
Sat Aug 29 10:55:26 UTC 2026: Scan finished OK, pinged healthcheck
Sat Aug 29 11:00:20 UTC 2026: Starting scan
  TwelveData returned 1500 5m candles
  data source: twelvedata
  live quote: 4458.71
Evaluated state: NO_TRADE | spot: 4458.71232
No state change, no notification sent.
Sat Aug 29 11:00:27 UTC 2026: Scan finished OK, pinged healthcheck
Sat Aug 29 11:05:20 UTC 2026: Starting scan
  TwelveData returned 1500 5m candles
  data source: twelvedata
  live quote: 4458.71
Outside trading session window (PKT). Skipping evaluation.
Sat Aug 29 11:05:26 UTC 2026: Scan finished OK, pinged healthcheck
Sat Aug 29 11:10:20 UTC 2026: Starting scan
  TwelveData returned 1500 5m candles
  data source: twelvedata
  live quote: 4458.71
Outside trading session window (PKT). Skipping evaluation.
Sat Aug 29 11:10:26 UTC 2026: Scan finished OK, pinged healthcheck
Sat Aug 29 11:15:20 UTC 2026: Starting scan
  TwelveData returned 1500 5m candles
  data source: twelvedata
  live quote: 4458.71
Outside trading session window (PKT). Skipping evaluation.
Sat Aug 29 11:15:26 UTC 2026: Scan finished OK, pinged healthcheck
Sat Aug 29 11:20:20 UTC 2026: Starting scan
  TwelveData returned 1500 5m candles
  data source: twelvedata
  live quote: 4458.71
Outside trading session window (PKT). Skipping evaluation.
Sat Aug 29 11:20:26 UTC 2026: Scan finished OK, pinged healthcheck
Sat Aug 29 11:25:20 UTC 2026: Starting scan
  TwelveData returned 1500 5m candles
  data source: twelvedata
  live quote: 4458.71
Outside trading session window (PKT). Skipping evaluation.
Sat Aug 29 11:25:26 UTC 2026: Scan finished OK, pinged healthcheck
Sat Aug 29 11:30:20 UTC 2026: Starting scan
  TwelveData returned 1500 5m candles
  data source: twelvedata
  live quote: 4458.71
Outside trading session window (PKT). Skipping evaluation.
Sat Aug 29 11:30:26 UTC 2026: Scan finished OK, pinged healthcheck
Sat Aug 29 11:35:20 UTC 2026: Starting scan
  TwelveData returned 1500 5m candles
  data source: twelvedata
  live quote: 4458.78
Outside trading session window (PKT). Skipping evaluation.
Sat Aug 29 11:35:26 UTC 2026: Scan finished OK, pinged healthcheck
Sat Aug 29 11:40:20 UTC 2026: Starting scan
  TwelveData returned 1500 5m candles
  data source: twelvedata
  live quote: 4458.78
Outside trading session window (PKT). Skipping evaluation.
Sat Aug 29 11:40:26 UTC 2026: Scan finished OK, pinged healthcheck
Sat Aug 29 11:45:20 UTC 2026: Starting scan
  TwelveData returned 1500 5m candles
  data source: twelvedata
  live quote: 4458.78
Outside trading session window (PKT). Skipping evaluation.
Sat Aug 29 11:45:26 UTC 2026: Scan finished OK, pinged healthcheck
Sat Aug 29 11:50:20 UTC 2026: Starting scan
  TwelveData returned 1500 5m candles
  data source: twelvedata
  live quote: 4458.78
Outside trading session window (PKT). Skipping evaluation.
Sat Aug 29 11:50:27 UTC 2026: Scan finished OK, pinged healthcheck
Sat Aug 29 11:55:20 UTC 2026: Starting scan
  TwelveData returned 1500 5m candles
  data source: twelvedata
  live quote: 4458.78
Outside trading session window (PKT). Skipping evaluation.
Sat Aug 29 11:55:26 UTC 2026: Scan finished OK, pinged healthcheck
Sat Aug 29 12:00:20 UTC 2026: Starting scan
  TwelveData returned 1500 5m candles
  data source: twelvedata
  live quote: 4458.78
Outside trading session window (PKT). Skipping evaluation.
Sat Aug 29 12:00:27 UTC 2026: Scan finished OK, pinged healthcheck
Sat Aug 29 12:05:20 UTC 2026: Starting scan
  TwelveData returned 1500 5m candles
  data source: twelvedata
  live quote: 4458.78
Outside trading session window (PKT). Skipping evaluation.
Sat Aug 29 12:05:26 UTC 2026: Scan finished OK, pinged healthcheck
Sat Aug 29 12:10:20 UTC 2026: Starting scan
  TwelveData returned 1500 5m candles
  data source: twelvedata
  live quote: 4458.78
Outside trading session window (PKT). Skipping evaluation.
Sat Aug 29 12:10:26 UTC 2026: Scan finished OK, pinged healthcheck
Sat Aug 29 12:15:20 UTC 2026: Starting scan
  TwelveData returned 1500 5m candles
  data source: twelvedata
  live quote: 4458.78
Outside trading session window (PKT). Skipping evaluation.
Sat Aug 29 12:15:27 UTC 2026: Scan finished OK, pinged healthcheck
Sat Aug 29 12:20:20 UTC 2026: Starting scan
  TwelveData returned 1500 5m candles
  data source: twelvedata
  live quote: 4458.78
Outside trading session window (PKT). Skipping evaluation.
Sat Aug 29 12:20:26 UTC 2026: Scan finished OK, pinged healthcheck
Sat Aug 29 12:25:20 UTC 2026: Starting scan
  TwelveData returned 1500 5m candles
  data source: twelvedata
  live quote: 4458.78
Outside trading session window (PKT). Skipping evaluation.
Sat Aug 29 12:25:26 UTC 2026: Scan finished OK, pinged healthcheck
Sat Aug 29 12:30:20 UTC 2026: Starting scan
  TwelveData returned 1500 5m candles
  data source: twelvedata
  live quote: 4458.78
Outside trading session window (PKT). Skipping evaluation.
Sat Aug 29 12:30:29 UTC 2026: Scan finished OK, pinged healthcheck
Sat Aug 29 12:35:20 UTC 2026: Starting scan
  TwelveData returned 1500 5m candles
  data source: twelvedata
  live quote: 4458.78
Outside trading session window (PKT). Skipping evaluation.
Sat Aug 29 12:35:26 UTC 2026: Scan finished OK, pinged healthcheck
Sat Aug 29 12:40:20 UTC 2026: Starting scan
  TwelveData returned 1500 5m candles
  data source: twelvedata
  live quote: 4458.78
Outside trading session window (PKT). Skipping evaluation.
Sat Aug 29 12:40:26 UTC 2026: Scan finished OK, pinged healthcheck
Sat Aug 29 12:45:20 UTC 2026: Starting scan
  TwelveData returned 1500 5m candles
  data source: twelvedata
  live quote: 4458.78
Outside trading session window (PKT). Skipping evaluation.
Sat Aug 29 12:45:26 UTC 2026: Scan finished OK, pinged healthcheck
Sat Aug 29 12:50:20 UTC 2026: Starting scan
  TwelveData returned 1500 5m candles
  data source: twelvedata
  live quote: 4458.78
Outside trading session window (PKT). Skipping evaluation.
Sat Aug 29 12:50:26 UTC 2026: Scan finished OK, pinged healthcheck
Sat Aug 29 12:55:20 UTC 2026: Starting scan
  TwelveData returned 1500 5m candles
  data source: twelvedata
  live quote: 4458.78
Outside trading session window (PKT). Skipping evaluation.
Sat Aug 29 12:55:26 UTC 2026: Scan finished OK, pinged healthcheck
Sat Aug 29 13:00:20 UTC 2026: Starting scan
  TwelveData returned 1500 5m candles
  data source: twelvedata
  live quote: 4458.78
Outside trading session window (PKT). Skipping evaluation.
Sat Aug 29 13:00:27 UTC 2026: Scan finished OK, pinged healthcheck
Sat Aug 29 13:05:20 UTC 2026: Starting scan
  TwelveData returned 1500 5m candles
  data source: twelvedata
  live quote: 4458.78
Outside trading session window (PKT). Skipping evaluation.
Sat Aug 29 13:05:27 UTC 2026: Scan finished OK, pinged healthcheck
Sat Aug 29 13:10:20 UTC 2026: Starting scan
  TwelveData returned 1500 5m candles
  data source: twelvedata
  live quote: 4458.78
Outside trading session window (PKT). Skipping evaluation.
Sat Aug 29 13:10:26 UTC 2026: Scan finished OK, pinged healthcheck
Sat Aug 29 13:15:20 UTC 2026: Starting scan
  TwelveData returned 1500 5m candles
  data source: twelvedata
  live quote: 4458.78
Outside trading session window (PKT). Skipping evaluation.
Sat Aug 29 13:15:26 UTC 2026: Scan finished OK, pinged healthcheck
Sat Aug 29 13:20:20 UTC 2026: Starting scan
  TwelveData returned 1500 5m candles
  data source: twelvedata
  live quote: 4458.78
Outside trading session window (PKT). Skipping evaluation.
Sat Aug 29 13:20:26 UTC 2026: Scan finished OK, pinged healthcheck
Sat Aug 29 13:25:20 UTC 2026: Starting scan
  TwelveData returned 1500 5m candles
  data source: twelvedata
  live quote: 4458.78
Outside trading session window (PKT). Skipping evaluation.
Sat Aug 29 13:25:26 UTC 2026: Scan finished OK, pinged healthcheck
Sat Aug 29 13:30:20 UTC 2026: Starting scan
  TwelveData returned 1500 5m candles
  data source: twelvedata
  live quote: 4458.78
Outside trading session window (PKT). Skipping evaluation.
Sat Aug 29 13:30:27 UTC 2026: Scan finished OK, pinged healthcheck
Sat Aug 29 13:35:20 UTC 2026: Starting scan
  TwelveData returned 1500 5m candles
  data source: twelvedata
  live quote: 4458.78
Outside trading session window (PKT). Skipping evaluation.
Sat Aug 29 13:35:26 UTC 2026: Scan finished OK, pinged healthcheck
Sat Aug 29 13:40:20 UTC 2026: Starting scan
  TwelveData returned 1500 5m candles
  data source: twelvedata
  live quote: 4458.78
Outside trading session window (PKT). Skipping evaluation.
Sat Aug 29 13:40:27 UTC 2026: Scan finished OK, pinged healthcheck
Sat Aug 29 13:45:20 UTC 2026: Starting scan
  TwelveData returned 1500 5m candles
  data source: twelvedata
  live quote: 4458.78
Outside trading session window (PKT). Skipping evaluation.
Sat Aug 29 13:45:27 UTC 2026: Scan finished OK, pinged healthcheck
Sat Aug 29 13:50:20 UTC 2026: Starting scan
  TwelveData returned 1500 5m candles
  data source: twelvedata
  live quote: 4458.78
Outside trading session window (PKT). Skipping evaluation.
Sat Aug 29 13:50:26 UTC 2026: Scan finished OK, pinged healthcheck
Sat Aug 29 13:55:20 UTC 2026: Starting scan
  TwelveData returned 1500 5m candles
  data source: twelvedata
  live quote: 4458.78
Outside trading session window (PKT). Skipping evaluation.
Sat Aug 29 13:55:27 UTC 2026: Scan finished OK, pinged healthcheck
Sat Aug 29 14:00:20 UTC 2026: Starting scan
  TwelveData returned 1500 5m candles
  data source: twelvedata
  live quote: 4458.78
Outside trading session window (PKT). Skipping evaluation.
Sat Aug 29 14:00:27 UTC 2026: Scan finished OK, pinged healthcheck
Sat Aug 29 14:05:21 UTC 2026: Starting scan
  TwelveData returned 1500 5m candles
  data source: twelvedata
  live quote: 4458.78
Outside trading session window (PKT). Skipping evaluation.
Sat Aug 29 14:05:27 UTC 2026: Scan finished OK, pinged healthcheck
Sat Aug 29 14:10:20 UTC 2026: Starting scan
  TwelveData returned 1500 5m candles
  data source: twelvedata
  live quote: 4458.78
Outside trading session window (PKT). Skipping evaluation.
Sat Aug 29 14:10:26 UTC 2026: Scan finished OK, pinged healthcheck
Sat Aug 29 14:15:20 UTC 2026: Starting scan
  TwelveData returned 1500 5m candles
  data source: twelvedata
  live quote: 4458.78
Outside trading session window (PKT). Skipping evaluation.
Sat Aug 29 14:15:26 UTC 2026: Scan finished OK, pinged healthcheck
Sat Aug 29 14:20:20 UTC 2026: Starting scan
  TwelveData returned 1500 5m candles
  data source: twelvedata
  live quote: 4458.78
Outside trading session window (PKT). Skipping evaluation.
Sat Aug 29 14:20:26 UTC 2026: Scan finished OK, pinged healthcheck
Sat Aug 29 14:25:20 UTC 2026: Starting scan
  TwelveData returned 1500 5m candles
  data source: twelvedata
  live quote: 4458.78
Outside trading session window (PKT). Skipping evaluation.
Sat Aug 29 14:25:27 UTC 2026: Scan finished OK, pinged healthcheck
Sat Aug 29 14:30:20 UTC 2026: Starting scan
  TwelveData returned 1500 5m candles
  data source: twelvedata
  live quote: 4458.78
Outside trading session window (PKT). Skipping evaluation.
Sat Aug 29 14:30:27 UTC 2026: Scan finished OK, pinged healthcheck
Sat Aug 29 14:35:20 UTC 2026: Starting scan
  TwelveData returned 1500 5m candles
  data source: twelvedata
  live quote: 4458.78
Outside trading session window (PKT). Skipping evaluation.
Sat Aug 29 14:35:29 UTC 2026: Scan finished OK, pinged healthcheck
Sat Aug 29 14:40:20 UTC 2026: Starting scan
  TwelveData returned 1500 5m candles
  data source: twelvedata
  live quote: 4458.78
Outside trading session window (PKT). Skipping evaluation.
Sat Aug 29 14:40:30 UTC 2026: Scan finished OK, pinged healthcheck
Sat Aug 29 14:45:20 UTC 2026: Starting scan
  TwelveData returned 1500 5m candles
  data source: twelvedata
  live quote: 4458.78
Outside trading session window (PKT). Skipping evaluation.
Sat Aug 29 14:45:27 UTC 2026: Scan finished OK, pinged healthcheck
Sat Aug 29 14:50:20 UTC 2026: Starting scan
  TwelveData returned 1500 5m candles
  data source: twelvedata
  live quote: 4458.78
Outside trading session window (PKT). Skipping evaluation.
Sat Aug 29 14:50:27 UTC 2026: Scan finished OK, pinged healthcheck
Sat Aug 29 14:55:20 UTC 2026: Starting scan
  TwelveData returned 1500 5m candles
  data source: twelvedata
  live quote: 4458.78
Outside trading session window (PKT). Skipping evaluation.
Sat Aug 29 14:55:28 UTC 2026: Scan finished OK, pinged healthcheck
Sat Aug 29 15:00:20 UTC 2026: Starting scan
  TwelveData returned 1500 5m candles
  data source: twelvedata
  live quote: 4458.78
Evaluated state: NO_TRADE | spot: 4458.78191
No state change, no notification sent.
Sat Aug 29 15:00:32 UTC 2026: Scan finished OK, pinged healthcheck
Sat Aug 29 15:05:20 UTC 2026: Starting scan
  TwelveData returned 1500 5m candles
  data source: twelvedata
  live quote: 4458.78
Evaluated state: NO_TRADE | spot: 4458.78191
No state change, no notification sent.
Sat Aug 29 15:05:29 UTC 2026: Scan finished OK, pinged healthcheck
Sat Aug 29 15:10:20 UTC 2026: Starting scan
  TwelveData returned 1500 5m candles
  data source: twelvedata
  live quote: 4458.78
Evaluated state: NO_TRADE | spot: 4458.78191
No state change, no notification sent.
Sat Aug 29 15:10:30 UTC 2026: Scan finished OK, pinged healthcheck
Sat Aug 29 15:15:20 UTC 2026: Starting scan
  TwelveData returned 1500 5m candles
  data source: twelvedata
  live quote: 4458.78
Evaluated state: NO_TRADE | spot: 4458.78191
No state change, no notification sent.
Sat Aug 29 15:15:26 UTC 2026: Scan finished OK, pinged healthcheck
Sat Aug 29 15:20:20 UTC 2026: Starting scan
  TwelveData returned 1500 5m candles
  data source: twelvedata
  live quote: 4458.78
Evaluated state: NO_TRADE | spot: 4458.78191
No state change, no notification sent.
Sat Aug 29 15:20:26 UTC 2026: Scan finished OK, pinged healthcheck
Sat Aug 29 15:25:20 UTC 2026: Starting scan
  TwelveData returned 1500 5m candles
  data source: twelvedata
  live quote: 4458.78
Evaluated state: NO_TRADE | spot: 4458.78191
No state change, no notification sent.
Sat Aug 29 15:25:27 UTC 2026: Scan finished OK, pinged healthcheck
Sat Aug 29 15:30:20 UTC 2026: Starting scan
  TwelveData returned 1500 5m candles
  data source: twelvedata
  live quote: 4458.78
Evaluated state: NO_TRADE | spot: 4458.78191
No state change, no notification sent.
Sat Aug 29 15:30:26 UTC 2026: Scan finished OK, pinged healthcheck
Sat Aug 29 15:35:20 UTC 2026: Starting scan
  TwelveData returned 1500 5m candles
  data source: twelvedata
  live quote: 4458.78
Evaluated state: NO_TRADE | spot: 4458.78191
No state change, no notification sent.
Sat Aug 29 15:35:26 UTC 2026: Scan finished OK, pinged healthcheck
Sat Aug 29 15:40:20 UTC 2026: Starting scan
  TwelveData returned 1500 5m candles
  data source: twelvedata
  live quote: 4458.78
Evaluated state: NO_TRADE | spot: 4458.78191
No state change, no notification sent.
Sat Aug 29 15:40:26 UTC 2026: Scan finished OK, pinged healthcheck
Sat Aug 29 15:45:20 UTC 2026: Starting scan
  TwelveData returned 1500 5m candles
  data source: twelvedata
  live quote: 4458.78
Evaluated state: NO_TRADE | spot: 4458.78191
No state change, no notification sent.
Sat Aug 29 15:45:26 UTC 2026: Scan finished OK, pinged healthcheck
Sat Aug 29 15:50:20 UTC 2026: Starting scan
  TwelveData returned 1500 5m candles
  data source: twelvedata
  live quote: 4458.78
Evaluated state: NO_TRADE | spot: 4458.78191
No state change, no notification sent.
Sat Aug 29 15:50:26 UTC 2026: Scan finished OK, pinged healthcheck
Sat Aug 29 15:55:20 UTC 2026: Starting scan
  TwelveData returned 1500 5m candles
  data source: twelvedata
  live quote: 4458.78
Evaluated state: NO_TRADE | spot: 4458.78191
No state change, no notification sent.
Sat Aug 29 15:55:26 UTC 2026: Scan finished OK, pinged healthcheck
Sat Aug 29 16:00:20 UTC 2026: Starting scan
  fetch attempt 1/3 failed: HTTPSConnectionPool(host='api.twelvedata.com', port=443): Read timed out. (read timeout=30)
  fetch attempt 2/3 failed: HTTPSConnectionPool(host='api.twelvedata.com', port=443): Read timed out. (read timeout=30)
  TwelveData returned 1500 5m candles
  data source: twelvedata
  live quote: 4458.78
Evaluated state: NO_TRADE | spot: 4458.78191
No state change, no notification sent.
Sat Aug 29 16:01:39 UTC 2026: Scan finished OK, pinged healthcheck
Sat Aug 29 16:05:20 UTC 2026: Starting scan
  TwelveData returned 1500 5m candles
  data source: twelvedata
  live quote: 4458.78
Evaluated state: NO_TRADE | spot: 4458.78191
No state change, no notification sent.
Sat Aug 29 16:05:26 UTC 2026: Scan finished OK, pinged healthcheck
Sat Aug 29 16:10:20 UTC 2026: Starting scan
  TwelveData returned 1500 5m candles
  data source: twelvedata
  live quote: 4458.78
Evaluated state: NO_TRADE | spot: 4458.78191
No state change, no notification sent.
Sat Aug 29 16:10:26 UTC 2026: Scan finished OK, pinged healthcheck
Sat Aug 29 16:15:20 UTC 2026: Starting scan
  TwelveData returned 1500 5m candles
  data source: twelvedata
  live quote: 4458.78
Evaluated state: NO_TRADE | spot: 4458.78191
No state change, no notification sent.
Sat Aug 29 16:15:26 UTC 2026: Scan finished OK, pinged healthcheck
Sat Aug 29 16:20:20 UTC 2026: Starting scan
  TwelveData returned 1500 5m candles
  data source: twelvedata
  live quote: 4458.78
Evaluated state: NO_TRADE | spot: 4458.78191
No state change, no notification sent.
Sat Aug 29 16:20:26 UTC 2026: Scan finished OK, pinged healthcheck
Sat Aug 29 16:25:20 UTC 2026: Starting scan
  TwelveData returned 1500 5m candles
  data source: twelvedata
  live quote: 4458.78
Evaluated state: NO_TRADE | spot: 4458.78191
No state change, no notification sent.
Sat Aug 29 16:25:26 UTC 2026: Scan finished OK, pinged healthcheck
Sat Aug 29 16:30:20 UTC 2026: Starting scan
  TwelveData returned 1500 5m candles
  data source: twelvedata
  live quote: 4458.78
Evaluated state: NO_TRADE | spot: 4458.78191
No state change, no notification sent.
Sat Aug 29 16:30:26 UTC 2026: Scan finished OK, pinged healthcheck
Sat Aug 29 16:35:20 UTC 2026: Starting scan
  TwelveData returned 1500 5m candles
  data source: twelvedata
  fetch attempt 1/2 failed: 429 Client Error: Too Many Requests for url: https://api.twelvedata.com/price?symbol=XAU/USD&apikey=c31c0cdced904fa3a0773f41bad78449
  fetch attempt 2/2 failed: 429 Client Error: Too Many Requests for url: https://api.twelvedata.com/price?symbol=XAU/USD&apikey=c31c0cdced904fa3a0773f41bad78449
  live price fetch failed: 429 Client Error: Too Many Requests for url: https://api.twelvedata.com/price?symbol=XAU/USD&apikey=c31c0cdced904fa3a0773f41bad78449
Evaluated state: NO_TRADE | spot: 4458.7581
No state change, no notification sent.
Sat Aug 29 16:35:29 UTC 2026: Scan finished OK, pinged healthcheck
Sat Aug 29 16:40:20 UTC 2026: Starting scan
  fetch attempt 1/3 failed: 429 Client Error: Too Many Requests for url: https://api.twelvedata.com/time_series?symbol=XAU/USD&interval=5min&outputsize=1500&timezone=UTC&order=ASC&apikey=c31c0cdced904fa3a0773f41bad78449
  fetch attempt 2/3 failed: 429 Client Error: Too Many Requests for url: https://api.twelvedata.com/time_series?symbol=XAU/USD&interval=5min&outputsize=1500&timezone=UTC&order=ASC&apikey=c31c0cdced904fa3a0773f41bad78449
  fetch attempt 3/3 failed: 429 Client Error: Too Many Requests for url: https://api.twelvedata.com/time_series?symbol=XAU/USD&interval=5min&outputsize=1500&timezone=UTC&order=ASC&apikey=c31c0cdced904fa3a0773f41bad78449
TwelveData unavailable, falling back to tick feed: 429 Client Error: Too Many Requests for url: https://api.twelvedata.com/time_series?symbol=XAU/USD&interval=5min&outputsize=1500&timezone=UTC&order=ASC&apikey=c31c0cdced904fa3a0773f41bad78449
  feed returned 878 ticks
  data source: fallback
Data warnings: feed looks stale — newest candle is 1125 min old
Evaluated state: NO_TRADE | spot: 4456.399902
No state change, no notification sent.
Sat Aug 29 16:40:32 UTC 2026: Scan finished OK, pinged healthcheck
Sat Aug 29 16:45:20 UTC 2026: Starting scan
  fetch attempt 1/3 failed: 429 Client Error: Too Many Requests for url: https://api.twelvedata.com/time_series?symbol=XAU/USD&interval=5min&outputsize=1500&timezone=UTC&order=ASC&apikey=c31c0cdced904fa3a0773f41bad78449
  fetch attempt 2/3 failed: 429 Client Error: Too Many Requests for url: https://api.twelvedata.com/time_series?symbol=XAU/USD&interval=5min&outputsize=1500&timezone=UTC&order=ASC&apikey=c31c0cdced904fa3a0773f41bad78449
  fetch attempt 3/3 failed: 429 Client Error: Too Many Requests for url: https://api.twelvedata.com/time_series?symbol=XAU/USD&interval=5min&outputsize=1500&timezone=UTC&order=ASC&apikey=c31c0cdced904fa3a0773f41bad78449
TwelveData unavailable, falling back to tick feed: 429 Client Error: Too Many Requests for url: https://api.twelvedata.com/time_series?symbol=XAU/USD&interval=5min&outputsize=1500&timezone=UTC&order=ASC&apikey=c31c0cdced904fa3a0773f41bad78449
  feed returned 876 ticks
  data source: fallback
Data warnings: feed looks stale — newest candle is 1130 min old
Evaluated state: NO_TRADE | spot: 4456.399902
No state change, no notification sent.
Sat Aug 29 16:45:32 UTC 2026: Scan finished OK, pinged healthcheck
Sat Aug 29 16:50:20 UTC 2026: Starting scan
  fetch attempt 1/3 failed: 429 Client Error: Too Many Requests for url: https://api.twelvedata.com/time_series?symbol=XAU/USD&interval=5min&outputsize=1500&timezone=UTC&order=ASC&apikey=c31c0cdced904fa3a0773f41bad78449
  fetch attempt 2/3 failed: 429 Client Error: Too Many Requests for url: https://api.twelvedata.com/time_series?symbol=XAU/USD&interval=5min&outputsize=1500&timezone=UTC&order=ASC&apikey=c31c0cdced904fa3a0773f41bad78449
  fetch attempt 3/3 failed: 429 Client Error: Too Many Requests for url: https://api.twelvedata.com/time_series?symbol=XAU/USD&interval=5min&outputsize=1500&timezone=UTC&order=ASC&apikey=c31c0cdced904fa3a0773f41bad78449
TwelveData unavailable, falling back to tick feed: 429 Client Error: Too Many Requests for url: https://api.twelvedata.com/time_series?symbol=XAU/USD&interval=5min&outputsize=1500&timezone=UTC&order=ASC&apikey=c31c0cdced904fa3a0773f41bad78449
  feed returned 873 ticks
  data source: fallback
Data warnings: feed looks stale — newest candle is 1135 min old
Evaluated state: NO_TRADE | spot: 4456.399902
No state change, no notification sent.
Sat Aug 29 16:50:32 UTC 2026: Scan finished OK, pinged healthcheck
Sat Aug 29 16:55:20 UTC 2026: Starting scan
  fetch attempt 1/3 failed: 429 Client Error: Too Many Requests for url: https://api.twelvedata.com/time_series?symbol=XAU/USD&interval=5min&outputsize=1500&timezone=UTC&order=ASC&apikey=c31c0cdced904fa3a0773f41bad78449
  fetch attempt 2/3 failed: 429 Client Error: Too Many Requests for url: https://api.twelvedata.com/time_series?symbol=XAU/USD&interval=5min&outputsize=1500&timezone=UTC&order=ASC&apikey=c31c0cdced904fa3a0773f41bad78449
  fetch attempt 3/3 failed: 429 Client Error: Too Many Requests for url: https://api.twelvedata.com/time_series?symbol=XAU/USD&interval=5min&outputsize=1500&timezone=UTC&order=ASC&apikey=c31c0cdced904fa3a0773f41bad78449
TwelveData unavailable, falling back to tick feed: 429 Client Error: Too Many Requests for url: https://api.twelvedata.com/time_series?symbol=XAU/USD&interval=5min&outputsize=1500&timezone=UTC&order=ASC&apikey=c31c0cdced904fa3a0773f41bad78449
  feed returned 871 ticks
  data source: fallback
Data warnings: feed looks stale — newest candle is 1140 min old
Evaluated state: NO_TRADE | spot: 4456.399902
No state change, no notification sent.
Sat Aug 29 16:55:31 UTC 2026: Scan finished OK, pinged healthcheck
Sat Aug 29 17:00:20 UTC 2026: Starting scan
  fetch attempt 1/3 failed: 429 Client Error: Too Many Requests for url: https://api.twelvedata.com/time_series?symbol=XAU/USD&interval=5min&outputsize=1500&timezone=UTC&order=ASC&apikey=c31c0cdced904fa3a0773f41bad78449
  fetch attempt 2/3 failed: 429 Client Error: Too Many Requests for url: https://api.twelvedata.com/time_series?symbol=XAU/USD&interval=5min&outputsize=1500&timezone=UTC&order=ASC&apikey=c31c0cdced904fa3a0773f41bad78449
  fetch attempt 3/3 failed: 429 Client Error: Too Many Requests for url: https://api.twelvedata.com/time_series?symbol=XAU/USD&interval=5min&outputsize=1500&timezone=UTC&order=ASC&apikey=c31c0cdced904fa3a0773f41bad78449
TwelveData unavailable, falling back to tick feed: 429 Client Error: Too Many Requests for url: https://api.twelvedata.com/time_series?symbol=XAU/USD&interval=5min&outputsize=1500&timezone=UTC&order=ASC&apikey=c31c0cdced904fa3a0773f41bad78449
  feed returned 869 ticks
  data source: fallback
Data warnings: feed looks stale — newest candle is 1145 min old
Evaluated state: NO_TRADE | spot: 4456.399902
No state change, no notification sent.
Sat Aug 29 17:00:34 UTC 2026: Scan finished OK, pinged healthcheck
Sat Aug 29 17:05:20 UTC 2026: Starting scan
  fetch attempt 1/3 failed: 429 Client Error: Too Many Requests for url: https://api.twelvedata.com/time_series?symbol=XAU/USD&interval=5min&outputsize=1500&timezone=UTC&order=ASC&apikey=c31c0cdced904fa3a0773f41bad78449
  fetch attempt 2/3 failed: 429 Client Error: Too Many Requests for url: https://api.twelvedata.com/time_series?symbol=XAU/USD&interval=5min&outputsize=1500&timezone=UTC&order=ASC&apikey=c31c0cdced904fa3a0773f41bad78449
  fetch attempt 3/3 failed: 429 Client Error: Too Many Requests for url: https://api.twelvedata.com/time_series?symbol=XAU/USD&interval=5min&outputsize=1500&timezone=UTC&order=ASC&apikey=c31c0cdced904fa3a0773f41bad78449
TwelveData unavailable, falling back to tick feed: 429 Client Error: Too Many Requests for url: https://api.twelvedata.com/time_series?symbol=XAU/USD&interval=5min&outputsize=1500&timezone=UTC&order=ASC&apikey=c31c0cdced904fa3a0773f41bad78449
  feed returned 866 ticks
  data source: fallback
Data warnings: feed looks stale — newest candle is 1150 min old
Evaluated state: NO_TRADE | spot: 4456.399902
No state change, no notification sent.
Sat Aug 29 17:05:31 UTC 2026: Scan finished OK, pinged healthcheck
Sat Aug 29 17:10:20 UTC 2026: Starting scan
  fetch attempt 1/3 failed: 429 Client Error: Too Many Requests for url: https://api.twelvedata.com/time_series?symbol=XAU/USD&interval=5min&outputsize=1500&timezone=UTC&order=ASC&apikey=c31c0cdced904fa3a0773f41bad78449
  fetch attempt 2/3 failed: 429 Client Error: Too Many Requests for url: https://api.twelvedata.com/time_series?symbol=XAU/USD&interval=5min&outputsize=1500&timezone=UTC&order=ASC&apikey=c31c0cdced904fa3a0773f41bad78449
  fetch attempt 3/3 failed: 429 Client Error: Too Many Requests for url: https://api.twelvedata.com/time_series?symbol=XAU/USD&interval=5min&outputsize=1500&timezone=UTC&order=ASC&apikey=c31c0cdced904fa3a0773f41bad78449
TwelveData unavailable, falling back to tick feed: 429 Client Error: Too Many Requests for url: https://api.twelvedata.com/time_series?symbol=XAU/USD&interval=5min&outputsize=1500&timezone=UTC&order=ASC&apikey=c31c0cdced904fa3a0773f41bad78449
  feed returned 863 ticks
  data source: fallback
Data warnings: feed looks stale — newest candle is 1155 min old
Evaluated state: NO_TRADE | spot: 4456.399902
No state change, no notification sent.
Sat Aug 29 17:10:32 UTC 2026: Scan finished OK, pinged healthcheck
Sat Aug 29 17:15:20 UTC 2026: Starting scan
  fetch attempt 1/3 failed: 429 Client Error: Too Many Requests for url: https://api.twelvedata.com/time_series?symbol=XAU/USD&interval=5min&outputsize=1500&timezone=UTC&order=ASC&apikey=c31c0cdced904fa3a0773f41bad78449
  fetch attempt 2/3 failed: 429 Client Error: Too Many Requests for url: https://api.twelvedata.com/time_series?symbol=XAU/USD&interval=5min&outputsize=1500&timezone=UTC&order=ASC&apikey=c31c0cdced904fa3a0773f41bad78449
  fetch attempt 3/3 failed: 429 Client Error: Too Many Requests for url: https://api.twelvedata.com/time_series?symbol=XAU/USD&interval=5min&outputsize=1500&timezone=UTC&order=ASC&apikey=c31c0cdced904fa3a0773f41bad78449
TwelveData unavailable, falling back to tick feed: 429 Client Error: Too Many Requests for url: https://api.twelvedata.com/time_series?symbol=XAU/USD&interval=5min&outputsize=1500&timezone=UTC&order=ASC&apikey=c31c0cdced904fa3a0773f41bad78449
  feed returned 861 ticks
  data source: fallback
Data warnings: feed looks stale — newest candle is 1160 min old
Evaluated state: NO_TRADE | spot: 4456.399902
No state change, no notification sent.
Sat Aug 29 17:15:32 UTC 2026: Scan finished OK, pinged healthcheck
Sat Aug 29 17:20:20 UTC 2026: Starting scan
  fetch attempt 1/3 failed: 429 Client Error: Too Many Requests for url: https://api.twelvedata.com/time_series?symbol=XAU/USD&interval=5min&outputsize=1500&timezone=UTC&order=ASC&apikey=c31c0cdced904fa3a0773f41bad78449
  fetch attempt 2/3 failed: 429 Client Error: Too Many Requests for url: https://api.twelvedata.com/time_series?symbol=XAU/USD&interval=5min&outputsize=1500&timezone=UTC&order=ASC&apikey=c31c0cdced904fa3a0773f41bad78449
  fetch attempt 3/3 failed: 429 Client Error: Too Many Requests for url: https://api.twelvedata.com/time_series?symbol=XAU/USD&interval=5min&outputsize=1500&timezone=UTC&order=ASC&apikey=c31c0cdced904fa3a0773f41bad78449
TwelveData unavailable, falling back to tick feed: 429 Client Error: Too Many Requests for url: https://api.twelvedata.com/time_series?symbol=XAU/USD&interval=5min&outputsize=1500&timezone=UTC&order=ASC&apikey=c31c0cdced904fa3a0773f41bad78449
  feed returned 858 ticks
  data source: fallback
Data warnings: feed looks stale — newest candle is 1165 min old
Evaluated state: NO_TRADE | spot: 4456.399902
No state change, no notification sent.
Sat Aug 29 17:20:32 UTC 2026: Scan finished OK, pinged healthcheck
Sat Aug 29 17:25:20 UTC 2026: Starting scan
  fetch attempt 1/3 failed: 429 Client Error: Too Many Requests for url: https://api.twelvedata.com/time_series?symbol=XAU/USD&interval=5min&outputsize=1500&timezone=UTC&order=ASC&apikey=c31c0cdced904fa3a0773f41bad78449
  fetch attempt 2/3 failed: 429 Client Error: Too Many Requests for url: https://api.twelvedata.com/time_series?symbol=XAU/USD&interval=5min&outputsize=1500&timezone=UTC&order=ASC&apikey=c31c0cdced904fa3a0773f41bad78449
  fetch attempt 3/3 failed: 429 Client Error: Too Many Requests for url: https://api.twelvedata.com/time_series?symbol=XAU/USD&interval=5min&outputsize=1500&timezone=UTC&order=ASC&apikey=c31c0cdced904fa3a0773f41bad78449
TwelveData unavailable, falling back to tick feed: 429 Client Error: Too Many Requests for url: https://api.twelvedata.com/time_series?symbol=XAU/USD&interval=5min&outputsize=1500&timezone=UTC&order=ASC&apikey=c31c0cdced904fa3a0773f41bad78449
  feed returned 856 ticks
  data source: fallback
Data warnings: feed looks stale — newest candle is 1170 min old
Evaluated state: NO_TRADE | spot: 4456.399902
No state change, no notification sent.
Sat Aug 29 17:25:32 UTC 2026: Scan finished OK, pinged healthcheck
Sat Aug 29 17:30:20 UTC 2026: Starting scan
  fetch attempt 1/3 failed: 429 Client Error: Too Many Requests for url: https://api.twelvedata.com/time_series?symbol=XAU/USD&interval=5min&outputsize=1500&timezone=UTC&order=ASC&apikey=c31c0cdced904fa3a0773f41bad78449
  fetch attempt 2/3 failed: 429 Client Error: Too Many Requests for url: https://api.twelvedata.com/time_series?symbol=XAU/USD&interval=5min&outputsize=1500&timezone=UTC&order=ASC&apikey=c31c0cdced904fa3a0773f41bad78449
  fetch attempt 3/3 failed: 429 Client Error: Too Many Requests for url: https://api.twelvedata.com/time_series?symbol=XAU/USD&interval=5min&outputsize=1500&timezone=UTC&order=ASC&apikey=c31c0cdced904fa3a0773f41bad78449
TwelveData unavailable, falling back to tick feed: 429 Client Error: Too Many Requests for url: https://api.twelvedata.com/time_series?symbol=XAU/USD&interval=5min&outputsize=1500&timezone=UTC&order=ASC&apikey=c31c0cdced904fa3a0773f41bad78449
  feed returned 853 ticks
  data source: fallback
Data warnings: feed looks stale — newest candle is 1175 min old
Evaluated state: NO_TRADE | spot: 4456.399902
No state change, no notification sent.
Sat Aug 29 17:30:39 UTC 2026: Scan finished OK, pinged healthcheck
Sat Aug 29 17:35:20 UTC 2026: Starting scan
  fetch attempt 1/3 failed: 429 Client Error: Too Many Requests for url: https://api.twelvedata.com/time_series?symbol=XAU/USD&interval=5min&outputsize=1500&timezone=UTC&order=ASC&apikey=c31c0cdced904fa3a0773f41bad78449
  fetch attempt 2/3 failed: 429 Client Error: Too Many Requests for url: https://api.twelvedata.com/time_series?symbol=XAU/USD&interval=5min&outputsize=1500&timezone=UTC&order=ASC&apikey=c31c0cdced904fa3a0773f41bad78449
  fetch attempt 3/3 failed: 429 Client Error: Too Many Requests for url: https://api.twelvedata.com/time_series?symbol=XAU/USD&interval=5min&outputsize=1500&timezone=UTC&order=ASC&apikey=c31c0cdced904fa3a0773f41bad78449
TwelveData unavailable, falling back to tick feed: 429 Client Error: Too Many Requests for url: https://api.twelvedata.com/time_series?symbol=XAU/USD&interval=5min&outputsize=1500&timezone=UTC&order=ASC&apikey=c31c0cdced904fa3a0773f41bad78449
  feed returned 851 ticks
  data source: fallback
Data warnings: feed looks stale — newest candle is 1180 min old
Evaluated state: NO_TRADE | spot: 4456.399902
No state change, no notification sent.
Sat Aug 29 17:35:32 UTC 2026: Scan finished OK, pinged healthcheck
Sat Aug 29 17:40:20 UTC 2026: Starting scan
  fetch attempt 1/3 failed: 429 Client Error: Too Many Requests for url: https://api.twelvedata.com/time_series?symbol=XAU/USD&interval=5min&outputsize=1500&timezone=UTC&order=ASC&apikey=c31c0cdced904fa3a0773f41bad78449
  fetch attempt 2/3 failed: 429 Client Error: Too Many Requests for url: https://api.twelvedata.com/time_series?symbol=XAU/USD&interval=5min&outputsize=1500&timezone=UTC&order=ASC&apikey=c31c0cdced904fa3a0773f41bad78449
  fetch attempt 3/3 failed: 429 Client Error: Too Many Requests for url: https://api.twelvedata.com/time_series?symbol=XAU/USD&interval=5min&outputsize=1500&timezone=UTC&order=ASC&apikey=c31c0cdced904fa3a0773f41bad78449
TwelveData unavailable, falling back to tick feed: 429 Client Error: Too Many Requests for url: https://api.twelvedata.com/time_series?symbol=XAU/USD&interval=5min&outputsize=1500&timezone=UTC&order=ASC&apikey=c31c0cdced904fa3a0773f41bad78449
  feed returned 848 ticks
  data source: fallback
Data warnings: feed looks stale — newest candle is 1185 min old
Evaluated state: NO_TRADE | spot: 4456.399902
No state change, no notification sent.
Sat Aug 29 17:40:31 UTC 2026: Scan finished OK, pinged healthcheck
Sat Aug 29 17:45:20 UTC 2026: Starting scan
  fetch attempt 1/3 failed: 429 Client Error: Too Many Requests for url: https://api.twelvedata.com/time_series?symbol=XAU/USD&interval=5min&outputsize=1500&timezone=UTC&order=ASC&apikey=c31c0cdced904fa3a0773f41bad78449
  fetch attempt 2/3 failed: 429 Client Error: Too Many Requests for url: https://api.twelvedata.com/time_series?symbol=XAU/USD&interval=5min&outputsize=1500&timezone=UTC&order=ASC&apikey=c31c0cdced904fa3a0773f41bad78449
  fetch attempt 3/3 failed: 429 Client Error: Too Many Requests for url: https://api.twelvedata.com/time_series?symbol=XAU/USD&interval=5min&outputsize=1500&timezone=UTC&order=ASC&apikey=c31c0cdced904fa3a0773f41bad78449
TwelveData unavailable, falling back to tick feed: 429 Client Error: Too Many Requests for url: https://api.twelvedata.com/time_series?symbol=XAU/USD&interval=5min&outputsize=1500&timezone=UTC&order=ASC&apikey=c31c0cdced904fa3a0773f41bad78449
  feed returned 846 ticks
  data source: fallback
Data warnings: feed looks stale — newest candle is 1190 min old
Evaluated state: NO_TRADE | spot: 4456.399902
No state change, no notification sent.
Sat Aug 29 17:45:32 UTC 2026: Scan finished OK, pinged healthcheck
Sat Aug 29 17:50:20 UTC 2026: Starting scan
  fetch attempt 1/3 failed: 429 Client Error: Too Many Requests for url: https://api.twelvedata.com/time_series?symbol=XAU/USD&interval=5min&outputsize=1500&timezone=UTC&order=ASC&apikey=c31c0cdced904fa3a0773f41bad78449
  fetch attempt 2/3 failed: 429 Client Error: Too Many Requests for url: https://api.twelvedata.com/time_series?symbol=XAU/USD&interval=5min&outputsize=1500&timezone=UTC&order=ASC&apikey=c31c0cdced904fa3a0773f41bad78449
  fetch attempt 3/3 failed: 429 Client Error: Too Many Requests for url: https://api.twelvedata.com/time_series?symbol=XAU/USD&interval=5min&outputsize=1500&timezone=UTC&order=ASC&apikey=c31c0cdced904fa3a0773f41bad78449
TwelveData unavailable, falling back to tick feed: 429 Client Error: Too Many Requests for url: https://api.twelvedata.com/time_series?symbol=XAU/USD&interval=5min&outputsize=1500&timezone=UTC&order=ASC&apikey=c31c0cdced904fa3a0773f41bad78449
  feed returned 843 ticks
  data source: fallback
Data warnings: feed looks stale — newest candle is 1195 min old
Evaluated state: NO_TRADE | spot: 4456.399902
No state change, no notification sent.
Sat Aug 29 17:50:32 UTC 2026: Scan finished OK, pinged healthcheck
Sat Aug 29 17:55:20 UTC 2026: Starting scan
  fetch attempt 1/3 failed: 429 Client Error: Too Many Requests for url: https://api.twelvedata.com/time_series?symbol=XAU/USD&interval=5min&outputsize=1500&timezone=UTC&order=ASC&apikey=c31c0cdced904fa3a0773f41bad78449
  fetch attempt 2/3 failed: 429 Client Error: Too Many Requests for url: https://api.twelvedata.com/time_series?symbol=XAU/USD&interval=5min&outputsize=1500&timezone=UTC&order=ASC&apikey=c31c0cdced904fa3a0773f41bad78449
  fetch attempt 3/3 failed: 429 Client Error: Too Many Requests for url: https://api.twelvedata.com/time_series?symbol=XAU/USD&interval=5min&outputsize=1500&timezone=UTC&order=ASC&apikey=c31c0cdced904fa3a0773f41bad78449
TwelveData unavailable, falling back to tick feed: 429 Client Error: Too Many Requests for url: https://api.twelvedata.com/time_series?symbol=XAU/USD&interval=5min&outputsize=1500&timezone=UTC&order=ASC&apikey=c31c0cdced904fa3a0773f41bad78449
  feed returned 841 ticks
  data source: fallback
Data warnings: feed looks stale — newest candle is 1200 min old
Evaluated state: NO_TRADE | spot: 4456.399902
No state change, no notification sent.
Sat Aug 29 17:55:32 UTC 2026: Scan finished OK, pinged healthcheck
Sat Aug 29 18:00:20 UTC 2026: Starting scan
  fetch attempt 1/3 failed: 429 Client Error: Too Many Requests for url: https://api.twelvedata.com/time_series?symbol=XAU/USD&interval=5min&outputsize=1500&timezone=UTC&order=ASC&apikey=c31c0cdced904fa3a0773f41bad78449
  fetch attempt 2/3 failed: 429 Client Error: Too Many Requests for url: https://api.twelvedata.com/time_series?symbol=XAU/USD&interval=5min&outputsize=1500&timezone=UTC&order=ASC&apikey=c31c0cdced904fa3a0773f41bad78449
  fetch attempt 3/3 failed: 429 Client Error: Too Many Requests for url: https://api.twelvedata.com/time_series?symbol=XAU/USD&interval=5min&outputsize=1500&timezone=UTC&order=ASC&apikey=c31c0cdced904fa3a0773f41bad78449
TwelveData unavailable, falling back to tick feed: 429 Client Error: Too Many Requests for url: https://api.twelvedata.com/time_series?symbol=XAU/USD&interval=5min&outputsize=1500&timezone=UTC&order=ASC&apikey=c31c0cdced904fa3a0773f41bad78449
  feed returned 839 ticks
  data source: fallback
  notified -> telegram:True discord:True
Data warnings: feed looks stale — newest candle is 1205 min old
Evaluated state: NO_TRADE | spot: 4456.399902
No state change, no notification sent.
Sat Aug 29 18:00:33 UTC 2026: Scan finished OK, pinged healthcheck
Sat Aug 29 18:05:20 UTC 2026: Starting scan
  fetch attempt 1/3 failed: 429 Client Error: Too Many Requests for url: https://api.twelvedata.com/time_series?symbol=XAU/USD&interval=5min&outputsize=1500&timezone=UTC&order=ASC&apikey=c31c0cdced904fa3a0773f41bad78449
  fetch attempt 2/3 failed: 429 Client Error: Too Many Requests for url: https://api.twelvedata.com/time_series?symbol=XAU/USD&interval=5min&outputsize=1500&timezone=UTC&order=ASC&apikey=c31c0cdced904fa3a0773f41bad78449
  fetch attempt 3/3 failed: 429 Client Error: Too Many Requests for url: https://api.twelvedata.com/time_series?symbol=XAU/USD&interval=5min&outputsize=1500&timezone=UTC&order=ASC&apikey=c31c0cdced904fa3a0773f41bad78449
TwelveData unavailable, falling back to tick feed: 429 Client Error: Too Many Requests for url: https://api.twelvedata.com/time_series?symbol=XAU/USD&interval=5min&outputsize=1500&timezone=UTC&order=ASC&apikey=c31c0cdced904fa3a0773f41bad78449
  feed returned 836 ticks
  data source: fallback
Outside trading session window (PKT). Skipping evaluation.
Sat Aug 29 18:05:32 UTC 2026: Scan finished OK, pinged healthcheck
Sat Aug 29 18:10:20 UTC 2026: Starting scan
  fetch attempt 1/3 failed: 429 Client Error: Too Many Requests for url: https://api.twelvedata.com/time_series?symbol=XAU/USD&interval=5min&outputsize=1500&timezone=UTC&order=ASC&apikey=c31c0cdced904fa3a0773f41bad78449
  fetch attempt 2/3 failed: 429 Client Error: Too Many Requests for url: https://api.twelvedata.com/time_series?symbol=XAU/USD&interval=5min&outputsize=1500&timezone=UTC&order=ASC&apikey=c31c0cdced904fa3a0773f41bad78449
  fetch attempt 3/3 failed: 429 Client Error: Too Many Requests for url: https://api.twelvedata.com/time_series?symbol=XAU/USD&interval=5min&outputsize=1500&timezone=UTC&order=ASC&apikey=c31c0cdced904fa3a0773f41bad78449
TwelveData unavailable, falling back to tick feed: 429 Client Error: Too Many Requests for url: https://api.twelvedata.com/time_series?symbol=XAU/USD&interval=5min&outputsize=1500&timezone=UTC&order=ASC&apikey=c31c0cdced904fa3a0773f41bad78449
  feed returned 833 ticks
  data source: fallback
Outside trading session window (PKT). Skipping evaluation.
Sat Aug 29 18:10:32 UTC 2026: Scan finished OK, pinged healthcheck
Sat Aug 29 18:15:20 UTC 2026: Starting scan
  fetch attempt 1/3 failed: 429 Client Error: Too Many Requests for url: https://api.twelvedata.com/time_series?symbol=XAU/USD&interval=5min&outputsize=1500&timezone=UTC&order=ASC&apikey=c31c0cdced904fa3a0773f41bad78449
  fetch attempt 2/3 failed: 429 Client Error: Too Many Requests for url: https://api.twelvedata.com/time_series?symbol=XAU/USD&interval=5min&outputsize=1500&timezone=UTC&order=ASC&apikey=c31c0cdced904fa3a0773f41bad78449
  fetch attempt 3/3 failed: 429 Client Error: Too Many Requests for url: https://api.twelvedata.com/time_series?symbol=XAU/USD&interval=5min&outputsize=1500&timezone=UTC&order=ASC&apikey=c31c0cdced904fa3a0773f41bad78449
TwelveData unavailable, falling back to tick feed: 429 Client Error: Too Many Requests for url: https://api.twelvedata.com/time_series?symbol=XAU/USD&interval=5min&outputsize=1500&timezone=UTC&order=ASC&apikey=c31c0cdced904fa3a0773f41bad78449
  feed returned 831 ticks
  data source: fallback
Outside trading session window (PKT). Skipping evaluation.
Sat Aug 29 18:15:32 UTC 2026: Scan finished OK, pinged healthcheck
Sat Aug 29 18:20:20 UTC 2026: Starting scan
  fetch attempt 1/3 failed: 429 Client Error: Too Many Requests for url: https://api.twelvedata.com/time_series?symbol=XAU/USD&interval=5min&outputsize=1500&timezone=UTC&order=ASC&apikey=c31c0cdced904fa3a0773f41bad78449
  fetch attempt 2/3 failed: 429 Client Error: Too Many Requests for url: https://api.twelvedata.com/time_series?symbol=XAU/USD&interval=5min&outputsize=1500&timezone=UTC&order=ASC&apikey=c31c0cdced904fa3a0773f41bad78449
  fetch attempt 3/3 failed: 429 Client Error: Too Many Requests for url: https://api.twelvedata.com/time_series?symbol=XAU/USD&interval=5min&outputsize=1500&timezone=UTC&order=ASC&apikey=c31c0cdced904fa3a0773f41bad78449
TwelveData unavailable, falling back to tick feed: 429 Client Error: Too Many Requests for url: https://api.twelvedata.com/time_series?symbol=XAU/USD&interval=5min&outputsize=1500&timezone=UTC&order=ASC&apikey=c31c0cdced904fa3a0773f41bad78449
  feed returned 828 ticks
  data source: fallback
Outside trading session window (PKT). Skipping evaluation.
Sat Aug 29 18:20:32 UTC 2026: Scan finished OK, pinged healthcheck
Sat Aug 29 18:25:20 UTC 2026: Starting scan
  fetch attempt 1/3 failed: 429 Client Error: Too Many Requests for url: https://api.twelvedata.com/time_series?symbol=XAU/USD&interval=5min&outputsize=1500&timezone=UTC&order=ASC&apikey=c31c0cdced904fa3a0773f41bad78449
  fetch attempt 2/3 failed: 429 Client Error: Too Many Requests for url: https://api.twelvedata.com/time_series?symbol=XAU/USD&interval=5min&outputsize=1500&timezone=UTC&order=ASC&apikey=c31c0cdced904fa3a0773f41bad78449
  fetch attempt 3/3 failed: 429 Client Error: Too Many Requests for url: https://api.twelvedata.com/time_series?symbol=XAU/USD&interval=5min&outputsize=1500&timezone=UTC&order=ASC&apikey=c31c0cdced904fa3a0773f41bad78449
TwelveData unavailable, falling back to tick feed: 429 Client Error: Too Many Requests for url: https://api.twelvedata.com/time_series?symbol=XAU/USD&interval=5min&outputsize=1500&timezone=UTC&order=ASC&apikey=c31c0cdced904fa3a0773f41bad78449
  feed returned 826 ticks
  data source: fallback
Outside trading session window (PKT). Skipping evaluation.
Sat Aug 29 18:25:31 UTC 2026: Scan finished OK, pinged healthcheck
Sat Aug 29 18:30:20 UTC 2026: Starting scan
  fetch attempt 1/3 failed: 429 Client Error: Too Many Requests for url: https://api.twelvedata.com/time_series?symbol=XAU/USD&interval=5min&outputsize=1500&timezone=UTC&order=ASC&apikey=c31c0cdced904fa3a0773f41bad78449
  fetch attempt 2/3 failed: 429 Client Error: Too Many Requests for url: https://api.twelvedata.com/time_series?symbol=XAU/USD&interval=5min&outputsize=1500&timezone=UTC&order=ASC&apikey=c31c0cdced904fa3a0773f41bad78449
  fetch attempt 3/3 failed: 429 Client Error: Too Many Requests for url: https://api.twelvedata.com/time_series?symbol=XAU/USD&interval=5min&outputsize=1500&timezone=UTC&order=ASC&apikey=c31c0cdced904fa3a0773f41bad78449
TwelveData unavailable, falling back to tick feed: 429 Client Error: Too Many Requests for url: https://api.twelvedata.com/time_series?symbol=XAU/USD&interval=5min&outputsize=1500&timezone=UTC&order=ASC&apikey=c31c0cdced904fa3a0773f41bad78449
  feed returned 823 ticks
  data source: fallback
Outside trading session window (PKT). Skipping evaluation.
Sat Aug 29 18:30:34 UTC 2026: Scan finished OK, pinged healthcheck
Sat Aug 29 18:35:20 UTC 2026: Starting scan
  fetch attempt 1/3 failed: 429 Client Error: Too Many Requests for url: https://api.twelvedata.com/time_series?symbol=XAU/USD&interval=5min&outputsize=1500&timezone=UTC&order=ASC&apikey=c31c0cdced904fa3a0773f41bad78449
  fetch attempt 2/3 failed: 429 Client Error: Too Many Requests for url: https://api.twelvedata.com/time_series?symbol=XAU/USD&interval=5min&outputsize=1500&timezone=UTC&order=ASC&apikey=c31c0cdced904fa3a0773f41bad78449
  fetch attempt 3/3 failed: 429 Client Error: Too Many Requests for url: https://api.twelvedata.com/time_series?symbol=XAU/USD&interval=5min&outputsize=1500&timezone=UTC&order=ASC&apikey=c31c0cdced904fa3a0773f41bad78449
TwelveData unavailable, falling back to tick feed: 429 Client Error: Too Many Requests for url: https://api.twelvedata.com/time_series?symbol=XAU/USD&interval=5min&outputsize=1500&timezone=UTC&order=ASC&apikey=c31c0cdced904fa3a0773f41bad78449
  feed returned 821 ticks
  data source: fallback
Outside trading session window (PKT). Skipping evaluation.
Sat Aug 29 18:35:32 UTC 2026: Scan finished OK, pinged healthcheck
Sat Aug 29 18:40:20 UTC 2026: Starting scan
  fetch attempt 1/3 failed: 429 Client Error: Too Many Requests for url: https://api.twelvedata.com/time_series?symbol=XAU/USD&interval=5min&outputsize=1500&timezone=UTC&order=ASC&apikey=c31c0cdced904fa3a0773f41bad78449
  fetch attempt 2/3 failed: 429 Client Error: Too Many Requests for url: https://api.twelvedata.com/time_series?symbol=XAU/USD&interval=5min&outputsize=1500&timezone=UTC&order=ASC&apikey=c31c0cdced904fa3a0773f41bad78449
  fetch attempt 3/3 failed: 429 Client Error: Too Many Requests for url: https://api.twelvedata.com/time_series?symbol=XAU/USD&interval=5min&outputsize=1500&timezone=UTC&order=ASC&apikey=c31c0cdced904fa3a0773f41bad78449
TwelveData unavailable, falling back to tick feed: 429 Client Error: Too Many Requests for url: https://api.twelvedata.com/time_series?symbol=XAU/USD&interval=5min&outputsize=1500&timezone=UTC&order=ASC&apikey=c31c0cdced904fa3a0773f41bad78449
  feed returned 818 ticks
  data source: fallback
Outside trading session window (PKT). Skipping evaluation.
Sat Aug 29 18:40:31 UTC 2026: Scan finished OK, pinged healthcheck
Sat Aug 29 18:45:20 UTC 2026: Starting scan
  fetch attempt 1/3 failed: 429 Client Error: Too Many Requests for url: https://api.twelvedata.com/time_series?symbol=XAU/USD&interval=5min&outputsize=1500&timezone=UTC&order=ASC&apikey=c31c0cdced904fa3a0773f41bad78449
  fetch attempt 2/3 failed: 429 Client Error: Too Many Requests for url: https://api.twelvedata.com/time_series?symbol=XAU/USD&interval=5min&outputsize=1500&timezone=UTC&order=ASC&apikey=c31c0cdced904fa3a0773f41bad78449
  fetch attempt 3/3 failed: 429 Client Error: Too Many Requests for url: https://api.twelvedata.com/time_series?symbol=XAU/USD&interval=5min&outputsize=1500&timezone=UTC&order=ASC&apikey=c31c0cdced904fa3a0773f41bad78449
TwelveData unavailable, falling back to tick feed: 429 Client Error: Too Many Requests for url: https://api.twelvedata.com/time_series?symbol=XAU/USD&interval=5min&outputsize=1500&timezone=UTC&order=ASC&apikey=c31c0cdced904fa3a0773f41bad78449
  feed returned 816 ticks
  data source: fallback
Outside trading session window (PKT). Skipping evaluation.
Sat Aug 29 18:45:32 UTC 2026: Scan finished OK, pinged healthcheck
Sat Aug 29 18:50:20 UTC 2026: Starting scan
  fetch attempt 1/3 failed: 429 Client Error: Too Many Requests for url: https://api.twelvedata.com/time_series?symbol=XAU/USD&interval=5min&outputsize=1500&timezone=UTC&order=ASC&apikey=c31c0cdced904fa3a0773f41bad78449
  fetch attempt 2/3 failed: 429 Client Error: Too Many Requests for url: https://api.twelvedata.com/time_series?symbol=XAU/USD&interval=5min&outputsize=1500&timezone=UTC&order=ASC&apikey=c31c0cdced904fa3a0773f41bad78449
  fetch attempt 3/3 failed: 429 Client Error: Too Many Requests for url: https://api.twelvedata.com/time_series?symbol=XAU/USD&interval=5min&outputsize=1500&timezone=UTC&order=ASC&apikey=c31c0cdced904fa3a0773f41bad78449
TwelveData unavailable, falling back to tick feed: 429 Client Error: Too Many Requests for url: https://api.twelvedata.com/time_series?symbol=XAU/USD&interval=5min&outputsize=1500&timezone=UTC&order=ASC&apikey=c31c0cdced904fa3a0773f41bad78449
  feed returned 813 ticks
  data source: fallback
Outside trading session window (PKT). Skipping evaluation.
Sat Aug 29 18:50:32 UTC 2026: Scan finished OK, pinged healthcheck
Sat Aug 29 18:55:20 UTC 2026: Starting scan
  fetch attempt 1/3 failed: 429 Client Error: Too Many Requests for url: https://api.twelvedata.com/time_series?symbol=XAU/USD&interval=5min&outputsize=1500&timezone=UTC&order=ASC&apikey=c31c0cdced904fa3a0773f41bad78449
  fetch attempt 2/3 failed: 429 Client Error: Too Many Requests for url: https://api.twelvedata.com/time_series?symbol=XAU/USD&interval=5min&outputsize=1500&timezone=UTC&order=ASC&apikey=c31c0cdced904fa3a0773f41bad78449
  fetch attempt 3/3 failed: 429 Client Error: Too Many Requests for url: https://api.twelvedata.com/time_series?symbol=XAU/USD&interval=5min&outputsize=1500&timezone=UTC&order=ASC&apikey=c31c0cdced904fa3a0773f41bad78449
TwelveData unavailable, falling back to tick feed: 429 Client Error: Too Many Requests for url: https://api.twelvedata.com/time_series?symbol=XAU/USD&interval=5min&outputsize=1500&timezone=UTC&order=ASC&apikey=c31c0cdced904fa3a0773f41bad78449
  feed returned 811 ticks
  data source: fallback
Outside trading session window (PKT). Skipping evaluation.
Sat Aug 29 18:55:32 UTC 2026: Scan finished OK, pinged healthcheck
Sat Aug 29 19:00:20 UTC 2026: Starting scan
  fetch attempt 1/3 failed: 429 Client Error: Too Many Requests for url: https://api.twelvedata.com/time_series?symbol=XAU/USD&interval=5min&outputsize=1500&timezone=UTC&order=ASC&apikey=c31c0cdced904fa3a0773f41bad78449
  fetch attempt 2/3 failed: 429 Client Error: Too Many Requests for url: https://api.twelvedata.com/time_series?symbol=XAU/USD&interval=5min&outputsize=1500&timezone=UTC&order=ASC&apikey=c31c0cdced904fa3a0773f41bad78449
  fetch attempt 3/3 failed: 429 Client Error: Too Many Requests for url: https://api.twelvedata.com/time_series?symbol=XAU/USD&interval=5min&outputsize=1500&timezone=UTC&order=ASC&apikey=c31c0cdced904fa3a0773f41bad78449
TwelveData unavailable, falling back to tick feed: 429 Client Error: Too Many Requests for url: https://api.twelvedata.com/time_series?symbol=XAU/USD&interval=5min&outputsize=1500&timezone=UTC&order=ASC&apikey=c31c0cdced904fa3a0773f41bad78449
  feed returned 809 ticks
  data source: fallback
Outside trading session window (PKT). Skipping evaluation.
Sat Aug 29 19:00:32 UTC 2026: Scan finished OK, pinged healthcheck
Sat Aug 29 19:05:20 UTC 2026: Starting scan
  fetch attempt 1/3 failed: 429 Client Error: Too Many Requests for url: https://api.twelvedata.com/time_series?symbol=XAU/USD&interval=5min&outputsize=1500&timezone=UTC&order=ASC&apikey=c31c0cdced904fa3a0773f41bad78449
  fetch attempt 2/3 failed: 429 Client Error: Too Many Requests for url: https://api.twelvedata.com/time_series?symbol=XAU/USD&interval=5min&outputsize=1500&timezone=UTC&order=ASC&apikey=c31c0cdced904fa3a0773f41bad78449
  fetch attempt 3/3 failed: 429 Client Error: Too Many Requests for url: https://api.twelvedata.com/time_series?symbol=XAU/USD&interval=5min&outputsize=1500&timezone=UTC&order=ASC&apikey=c31c0cdced904fa3a0773f41bad78449
TwelveData unavailable, falling back to tick feed: 429 Client Error: Too Many Requests for url: https://api.twelvedata.com/time_series?symbol=XAU/USD&interval=5min&outputsize=1500&timezone=UTC&order=ASC&apikey=c31c0cdced904fa3a0773f41bad78449
  feed returned 806 ticks
  data source: fallback
Outside trading session window (PKT). Skipping evaluation.
Sat Aug 29 19:05:32 UTC 2026: Scan finished OK, pinged healthcheck
Sat Aug 29 19:10:20 UTC 2026: Starting scan
  fetch attempt 1/3 failed: 429 Client Error: Too Many Requests for url: https://api.twelvedata.com/time_series?symbol=XAU/USD&interval=5min&outputsize=1500&timezone=UTC&order=ASC&apikey=c31c0cdced904fa3a0773f41bad78449
  fetch attempt 2/3 failed: 429 Client Error: Too Many Requests for url: https://api.twelvedata.com/time_series?symbol=XAU/USD&interval=5min&outputsize=1500&timezone=UTC&order=ASC&apikey=c31c0cdced904fa3a0773f41bad78449
  fetch attempt 3/3 failed: 429 Client Error: Too Many Requests for url: https://api.twelvedata.com/time_series?symbol=XAU/USD&interval=5min&outputsize=1500&timezone=UTC&order=ASC&apikey=c31c0cdced904fa3a0773f41bad78449
TwelveData unavailable, falling back to tick feed: 429 Client Error: Too Many Requests for url: https://api.twelvedata.com/time_series?symbol=XAU/USD&interval=5min&outputsize=1500&timezone=UTC&order=ASC&apikey=c31c0cdced904fa3a0773f41bad78449
  feed returned 803 ticks
  data source: fallback
Outside trading session window (PKT). Skipping evaluation.
Sat Aug 29 19:10:32 UTC 2026: Scan finished OK, pinged healthcheck
Sat Aug 29 19:15:20 UTC 2026: Starting scan
  fetch attempt 1/3 failed: 429 Client Error: Too Many Requests for url: https://api.twelvedata.com/time_series?symbol=XAU/USD&interval=5min&outputsize=1500&timezone=UTC&order=ASC&apikey=c31c0cdced904fa3a0773f41bad78449
  fetch attempt 2/3 failed: 429 Client Error: Too Many Requests for url: https://api.twelvedata.com/time_series?symbol=XAU/USD&interval=5min&outputsize=1500&timezone=UTC&order=ASC&apikey=c31c0cdced904fa3a0773f41bad78449
  fetch attempt 3/3 failed: 429 Client Error: Too Many Requests for url: https://api.twelvedata.com/time_series?symbol=XAU/USD&interval=5min&outputsize=1500&timezone=UTC&order=ASC&apikey=c31c0cdced904fa3a0773f41bad78449
TwelveData unavailable, falling back to tick feed: 429 Client Error: Too Many Requests for url: https://api.twelvedata.com/time_series?symbol=XAU/USD&interval=5min&outputsize=1500&timezone=UTC&order=ASC&apikey=c31c0cdced904fa3a0773f41bad78449
  feed returned 801 ticks
  data source: fallback
Outside trading session window (PKT). Skipping evaluation.
Sat Aug 29 19:15:32 UTC 2026: Scan finished OK, pinged healthcheck
Sat Aug 29 19:20:20 UTC 2026: Starting scan
  fetch attempt 1/3 failed: 429 Client Error: Too Many Requests for url: https://api.twelvedata.com/time_series?symbol=XAU/USD&interval=5min&outputsize=1500&timezone=UTC&order=ASC&apikey=c31c0cdced904fa3a0773f41bad78449
  fetch attempt 2/3 failed: 429 Client Error: Too Many Requests for url: https://api.twelvedata.com/time_series?symbol=XAU/USD&interval=5min&outputsize=1500&timezone=UTC&order=ASC&apikey=c31c0cdced904fa3a0773f41bad78449
  fetch attempt 3/3 failed: 429 Client Error: Too Many Requests for url: https://api.twelvedata.com/time_series?symbol=XAU/USD&interval=5min&outputsize=1500&timezone=UTC&order=ASC&apikey=c31c0cdced904fa3a0773f41bad78449
TwelveData unavailable, falling back to tick feed: 429 Client Error: Too Many Requests for url: https://api.twelvedata.com/time_series?symbol=XAU/USD&interval=5min&outputsize=1500&timezone=UTC&order=ASC&apikey=c31c0cdced904fa3a0773f41bad78449
  feed returned 798 ticks
  data source: fallback
Outside trading session window (PKT). Skipping evaluation.
Sat Aug 29 19:20:32 UTC 2026: Scan finished OK, pinged healthcheck
Sat Aug 29 19:25:20 UTC 2026: Starting scan
  fetch attempt 1/3 failed: 429 Client Error: Too Many Requests for url: https://api.twelvedata.com/time_series?symbol=XAU/USD&interval=5min&outputsize=1500&timezone=UTC&order=ASC&apikey=c31c0cdced904fa3a0773f41bad78449
  fetch attempt 2/3 failed: 429 Client Error: Too Many Requests for url: https://api.twelvedata.com/time_series?symbol=XAU/USD&interval=5min&outputsize=1500&timezone=UTC&order=ASC&apikey=c31c0cdced904fa3a0773f41bad78449
  fetch attempt 3/3 failed: 429 Client Error: Too Many Requests for url: https://api.twelvedata.com/time_series?symbol=XAU/USD&interval=5min&outputsize=1500&timezone=UTC&order=ASC&apikey=c31c0cdced904fa3a0773f41bad78449
TwelveData unavailable, falling back to tick feed: 429 Client Error: Too Many Requests for url: https://api.twelvedata.com/time_series?symbol=XAU/USD&interval=5min&outputsize=1500&timezone=UTC&order=ASC&apikey=c31c0cdced904fa3a0773f41bad78449
  feed returned 796 ticks
  data source: fallback
Outside trading session window (PKT). Skipping evaluation.
Sat Aug 29 19:25:31 UTC 2026: Scan finished OK, pinged healthcheck
Sat Aug 29 19:30:20 UTC 2026: Starting scan
  fetch attempt 1/3 failed: 429 Client Error: Too Many Requests for url: https://api.twelvedata.com/time_series?symbol=XAU/USD&interval=5min&outputsize=1500&timezone=UTC&order=ASC&apikey=c31c0cdced904fa3a0773f41bad78449
  fetch attempt 2/3 failed: 429 Client Error: Too Many Requests for url: https://api.twelvedata.com/time_series?symbol=XAU/USD&interval=5min&outputsize=1500&timezone=UTC&order=ASC&apikey=c31c0cdced904fa3a0773f41bad78449
  fetch attempt 3/3 failed: 429 Client Error: Too Many Requests for url: https://api.twelvedata.com/time_series?symbol=XAU/USD&interval=5min&outputsize=1500&timezone=UTC&order=ASC&apikey=c31c0cdced904fa3a0773f41bad78449
TwelveData unavailable, falling back to tick feed: 429 Client Error: Too Many Requests for url: https://api.twelvedata.com/time_series?symbol=XAU/USD&interval=5min&outputsize=1500&timezone=UTC&order=ASC&apikey=c31c0cdced904fa3a0773f41bad78449
  feed returned 793 ticks
  data source: fallback
Outside trading session window (PKT). Skipping evaluation.
Sat Aug 29 19:30:33 UTC 2026: Scan finished OK, pinged healthcheck
Sat Aug 29 19:35:20 UTC 2026: Starting scan
  fetch attempt 1/3 failed: 429 Client Error: Too Many Requests for url: https://api.twelvedata.com/time_series?symbol=XAU/USD&interval=5min&outputsize=1500&timezone=UTC&order=ASC&apikey=c31c0cdced904fa3a0773f41bad78449
  fetch attempt 2/3 failed: 429 Client Error: Too Many Requests for url: https://api.twelvedata.com/time_series?symbol=XAU/USD&interval=5min&outputsize=1500&timezone=UTC&order=ASC&apikey=c31c0cdced904fa3a0773f41bad78449
  fetch attempt 3/3 failed: 429 Client Error: Too Many Requests for url: https://api.twelvedata.com/time_series?symbol=XAU/USD&interval=5min&outputsize=1500&timezone=UTC&order=ASC&apikey=c31c0cdced904fa3a0773f41bad78449
TwelveData unavailable, falling back to tick feed: 429 Client Error: Too Many Requests for url: https://api.twelvedata.com/time_series?symbol=XAU/USD&interval=5min&outputsize=1500&timezone=UTC&order=ASC&apikey=c31c0cdced904fa3a0773f41bad78449
  feed returned 791 ticks
  data source: fallback
Outside trading session window (PKT). Skipping evaluation.
Sat Aug 29 19:35:32 UTC 2026: Scan finished OK, pinged healthcheck
Sat Aug 29 19:40:20 UTC 2026: Starting scan
  fetch attempt 1/3 failed: 429 Client Error: Too Many Requests for url: https://api.twelvedata.com/time_series?symbol=XAU/USD&interval=5min&outputsize=1500&timezone=UTC&order=ASC&apikey=c31c0cdced904fa3a0773f41bad78449
  fetch attempt 2/3 failed: 429 Client Error: Too Many Requests for url: https://api.twelvedata.com/time_series?symbol=XAU/USD&interval=5min&outputsize=1500&timezone=UTC&order=ASC&apikey=c31c0cdced904fa3a0773f41bad78449
  fetch attempt 3/3 failed: 429 Client Error: Too Many Requests for url: https://api.twelvedata.com/time_series?symbol=XAU/USD&interval=5min&outputsize=1500&timezone=UTC&order=ASC&apikey=c31c0cdced904fa3a0773f41bad78449
TwelveData unavailable, falling back to tick feed: 429 Client Error: Too Many Requests for url: https://api.twelvedata.com/time_series?symbol=XAU/USD&interval=5min&outputsize=1500&timezone=UTC&order=ASC&apikey=c31c0cdced904fa3a0773f41bad78449
  feed returned 788 ticks
  data source: fallback
Outside trading session window (PKT). Skipping evaluation.
Sat Aug 29 19:40:31 UTC 2026: Scan finished OK, pinged healthcheck
Sat Aug 29 19:45:20 UTC 2026: Starting scan
  fetch attempt 1/3 failed: 429 Client Error: Too Many Requests for url: https://api.twelvedata.com/time_series?symbol=XAU/USD&interval=5min&outputsize=1500&timezone=UTC&order=ASC&apikey=c31c0cdced904fa3a0773f41bad78449
  fetch attempt 2/3 failed: 429 Client Error: Too Many Requests for url: https://api.twelvedata.com/time_series?symbol=XAU/USD&interval=5min&outputsize=1500&timezone=UTC&order=ASC&apikey=c31c0cdced904fa3a0773f41bad78449
  fetch attempt 3/3 failed: 429 Client Error: Too Many Requests for url: https://api.twelvedata.com/time_series?symbol=XAU/USD&interval=5min&outputsize=1500&timezone=UTC&order=ASC&apikey=c31c0cdced904fa3a0773f41bad78449
TwelveData unavailable, falling back to tick feed: 429 Client Error: Too Many Requests for url: https://api.twelvedata.com/time_series?symbol=XAU/USD&interval=5min&outputsize=1500&timezone=UTC&order=ASC&apikey=c31c0cdced904fa3a0773f41bad78449
  feed returned 786 ticks
  data source: fallback
Outside trading session window (PKT). Skipping evaluation.
Sat Aug 29 19:45:32 UTC 2026: Scan finished OK, pinged healthcheck
Sat Aug 29 19:50:20 UTC 2026: Starting scan
  fetch attempt 1/3 failed: 429 Client Error: Too Many Requests for url: https://api.twelvedata.com/time_series?symbol=XAU/USD&interval=5min&outputsize=1500&timezone=UTC&order=ASC&apikey=c31c0cdced904fa3a0773f41bad78449
  fetch attempt 2/3 failed: 429 Client Error: Too Many Requests for url: https://api.twelvedata.com/time_series?symbol=XAU/USD&interval=5min&outputsize=1500&timezone=UTC&order=ASC&apikey=c31c0cdced904fa3a0773f41bad78449
  fetch attempt 3/3 failed: 429 Client Error: Too Many Requests for url: https://api.twelvedata.com/time_series?symbol=XAU/USD&interval=5min&outputsize=1500&timezone=UTC&order=ASC&apikey=c31c0cdced904fa3a0773f41bad78449
TwelveData unavailable, falling back to tick feed: 429 Client Error: Too Many Requests for url: https://api.twelvedata.com/time_series?symbol=XAU/USD&interval=5min&outputsize=1500&timezone=UTC&order=ASC&apikey=c31c0cdced904fa3a0773f41bad78449
  feed returned 783 ticks
  data source: fallback
Outside trading session window (PKT). Skipping evaluation.
Sat Aug 29 19:50:32 UTC 2026: Scan finished OK, pinged healthcheck
Sat Aug 29 19:55:20 UTC 2026: Starting scan
  fetch attempt 1/3 failed: 429 Client Error: Too Many Requests for url: https://api.twelvedata.com/time_series?symbol=XAU/USD&interval=5min&outputsize=1500&timezone=UTC&order=ASC&apikey=c31c0cdced904fa3a0773f41bad78449
  fetch attempt 2/3 failed: 429 Client Error: Too Many Requests for url: https://api.twelvedata.com/time_series?symbol=XAU/USD&interval=5min&outputsize=1500&timezone=UTC&order=ASC&apikey=c31c0cdced904fa3a0773f41bad78449
  fetch attempt 3/3 failed: 429 Client Error: Too Many Requests for url: https://api.twelvedata.com/time_series?symbol=XAU/USD&interval=5min&outputsize=1500&timezone=UTC&order=ASC&apikey=c31c0cdced904fa3a0773f41bad78449
TwelveData unavailable, falling back to tick feed: 429 Client Error: Too Many Requests for url: https://api.twelvedata.com/time_series?symbol=XAU/USD&interval=5min&outputsize=1500&timezone=UTC&order=ASC&apikey=c31c0cdced904fa3a0773f41bad78449
  feed returned 781 ticks
  data source: fallback
Outside trading session window (PKT). Skipping evaluation.
Sat Aug 29 19:55:31 UTC 2026: Scan finished OK, pinged healthcheck
Sat Aug 29 20:00:20 UTC 2026: Starting scan
  fetch attempt 1/3 failed: 429 Client Error: Too Many Requests for url: https://api.twelvedata.com/time_series?symbol=XAU/USD&interval=5min&outputsize=1500&timezone=UTC&order=ASC&apikey=c31c0cdced904fa3a0773f41bad78449
  fetch attempt 2/3 failed: 429 Client Error: Too Many Requests for url: https://api.twelvedata.com/time_series?symbol=XAU/USD&interval=5min&outputsize=1500&timezone=UTC&order=ASC&apikey=c31c0cdced904fa3a0773f41bad78449
  fetch attempt 3/3 failed: 429 Client Error: Too Many Requests for url: https://api.twelvedata.com/time_series?symbol=XAU/USD&interval=5min&outputsize=1500&timezone=UTC&order=ASC&apikey=c31c0cdced904fa3a0773f41bad78449
TwelveData unavailable, falling back to tick feed: 429 Client Error: Too Many Requests for url: https://api.twelvedata.com/time_series?symbol=XAU/USD&interval=5min&outputsize=1500&timezone=UTC&order=ASC&apikey=c31c0cdced904fa3a0773f41bad78449
  feed returned 779 ticks
  data source: fallback
Outside trading session window (PKT). Skipping evaluation.
Sat Aug 29 20:00:33 UTC 2026: Scan finished OK, pinged healthcheck
Sat Aug 29 20:05:20 UTC 2026: Starting scan
  fetch attempt 1/3 failed: 429 Client Error: Too Many Requests for url: https://api.twelvedata.com/time_series?symbol=XAU/USD&interval=5min&outputsize=1500&timezone=UTC&order=ASC&apikey=c31c0cdced904fa3a0773f41bad78449
  fetch attempt 2/3 failed: 429 Client Error: Too Many Requests for url: https://api.twelvedata.com/time_series?symbol=XAU/USD&interval=5min&outputsize=1500&timezone=UTC&order=ASC&apikey=c31c0cdced904fa3a0773f41bad78449
  fetch attempt 3/3 failed: 429 Client Error: Too Many Requests for url: https://api.twelvedata.com/time_series?symbol=XAU/USD&interval=5min&outputsize=1500&timezone=UTC&order=ASC&apikey=c31c0cdced904fa3a0773f41bad78449
TwelveData unavailable, falling back to tick feed: 429 Client Error: Too Many Requests for url: https://api.twelvedata.com/time_series?symbol=XAU/USD&interval=5min&outputsize=1500&timezone=UTC&order=ASC&apikey=c31c0cdced904fa3a0773f41bad78449
  feed returned 776 ticks
  data source: fallback
Outside trading session window (PKT). Skipping evaluation.
Sat Aug 29 20:05:32 UTC 2026: Scan finished OK, pinged healthcheck
Sat Aug 29 20:10:20 UTC 2026: Starting scan
  fetch attempt 1/3 failed: 429 Client Error: Too Many Requests for url: https://api.twelvedata.com/time_series?symbol=XAU/USD&interval=5min&outputsize=1500&timezone=UTC&order=ASC&apikey=c31c0cdced904fa3a0773f41bad78449
  fetch attempt 2/3 failed: 429 Client Error: Too Many Requests for url: https://api.twelvedata.com/time_series?symbol=XAU/USD&interval=5min&outputsize=1500&timezone=UTC&order=ASC&apikey=c31c0cdced904fa3a0773f41bad78449
  fetch attempt 3/3 failed: 429 Client Error: Too Many Requests for url: https://api.twelvedata.com/time_series?symbol=XAU/USD&interval=5min&outputsize=1500&timezone=UTC&order=ASC&apikey=c31c0cdced904fa3a0773f41bad78449
TwelveData unavailable, falling back to tick feed: 429 Client Error: Too Many Requests for url: https://api.twelvedata.com/time_series?symbol=XAU/USD&interval=5min&outputsize=1500&timezone=UTC&order=ASC&apikey=c31c0cdced904fa3a0773f41bad78449
  feed returned 773 ticks
  data source: fallback
Outside trading session window (PKT). Skipping evaluation.
Sat Aug 29 20:10:31 UTC 2026: Scan finished OK, pinged healthcheck
Sat Aug 29 20:15:20 UTC 2026: Starting scan
  fetch attempt 1/3 failed: 429 Client Error: Too Many Requests for url: https://api.twelvedata.com/time_series?symbol=XAU/USD&interval=5min&outputsize=1500&timezone=UTC&order=ASC&apikey=c31c0cdced904fa3a0773f41bad78449
  fetch attempt 2/3 failed: 429 Client Error: Too Many Requests for url: https://api.twelvedata.com/time_series?symbol=XAU/USD&interval=5min&outputsize=1500&timezone=UTC&order=ASC&apikey=c31c0cdced904fa3a0773f41bad78449
  fetch attempt 3/3 failed: 429 Client Error: Too Many Requests for url: https://api.twelvedata.com/time_series?symbol=XAU/USD&interval=5min&outputsize=1500&timezone=UTC&order=ASC&apikey=c31c0cdced904fa3a0773f41bad78449
TwelveData unavailable, falling back to tick feed: 429 Client Error: Too Many Requests for url: https://api.twelvedata.com/time_series?symbol=XAU/USD&interval=5min&outputsize=1500&timezone=UTC&order=ASC&apikey=c31c0cdced904fa3a0773f41bad78449
  feed returned 771 ticks
  data source: fallback
Outside trading session window (PKT). Skipping evaluation.
Sat Aug 29 20:15:32 UTC 2026: Scan finished OK, pinged healthcheck
Sat Aug 29 20:20:20 UTC 2026: Starting scan
  fetch attempt 1/3 failed: 429 Client Error: Too Many Requests for url: https://api.twelvedata.com/time_series?symbol=XAU/USD&interval=5min&outputsize=1500&timezone=UTC&order=ASC&apikey=c31c0cdced904fa3a0773f41bad78449
  fetch attempt 2/3 failed: 429 Client Error: Too Many Requests for url: https://api.twelvedata.com/time_series?symbol=XAU/USD&interval=5min&outputsize=1500&timezone=UTC&order=ASC&apikey=c31c0cdced904fa3a0773f41bad78449
  fetch attempt 3/3 failed: 429 Client Error: Too Many Requests for url: https://api.twelvedata.com/time_series?symbol=XAU/USD&interval=5min&outputsize=1500&timezone=UTC&order=ASC&apikey=c31c0cdced904fa3a0773f41bad78449
TwelveData unavailable, falling back to tick feed: 429 Client Error: Too Many Requests for url: https://api.twelvedata.com/time_series?symbol=XAU/USD&interval=5min&outputsize=1500&timezone=UTC&order=ASC&apikey=c31c0cdced904fa3a0773f41bad78449
  feed returned 768 ticks
  data source: fallback
Outside trading session window (PKT). Skipping evaluation.
Sat Aug 29 20:20:32 UTC 2026: Scan finished OK, pinged healthcheck
Sat Aug 29 20:25:20 UTC 2026: Starting scan
  fetch attempt 1/3 failed: 429 Client Error: Too Many Requests for url: https://api.twelvedata.com/time_series?symbol=XAU/USD&interval=5min&outputsize=1500&timezone=UTC&order=ASC&apikey=c31c0cdced904fa3a0773f41bad78449
  fetch attempt 2/3 failed: 429 Client Error: Too Many Requests for url: https://api.twelvedata.com/time_series?symbol=XAU/USD&interval=5min&outputsize=1500&timezone=UTC&order=ASC&apikey=c31c0cdced904fa3a0773f41bad78449
  fetch attempt 3/3 failed: 429 Client Error: Too Many Requests for url: https://api.twelvedata.com/time_series?symbol=XAU/USD&interval=5min&outputsize=1500&timezone=UTC&order=ASC&apikey=c31c0cdced904fa3a0773f41bad78449
TwelveData unavailable, falling back to tick feed: 429 Client Error: Too Many Requests for url: https://api.twelvedata.com/time_series?symbol=XAU/USD&interval=5min&outputsize=1500&timezone=UTC&order=ASC&apikey=c31c0cdced904fa3a0773f41bad78449
  feed returned 766 ticks
  data source: fallback
Outside trading session window (PKT). Skipping evaluation.
Sat Aug 29 20:25:31 UTC 2026: Scan finished OK, pinged healthcheck
Sat Aug 29 20:30:20 UTC 2026: Starting scan
  fetch attempt 1/3 failed: 429 Client Error: Too Many Requests for url: https://api.twelvedata.com/time_series?symbol=XAU/USD&interval=5min&outputsize=1500&timezone=UTC&order=ASC&apikey=c31c0cdced904fa3a0773f41bad78449
  fetch attempt 2/3 failed: 429 Client Error: Too Many Requests for url: https://api.twelvedata.com/time_series?symbol=XAU/USD&interval=5min&outputsize=1500&timezone=UTC&order=ASC&apikey=c31c0cdced904fa3a0773f41bad78449
  fetch attempt 3/3 failed: 429 Client Error: Too Many Requests for url: https://api.twelvedata.com/time_series?symbol=XAU/USD&interval=5min&outputsize=1500&timezone=UTC&order=ASC&apikey=c31c0cdced904fa3a0773f41bad78449
TwelveData unavailable, falling back to tick feed: 429 Client Error: Too Many Requests for url: https://api.twelvedata.com/time_series?symbol=XAU/USD&interval=5min&outputsize=1500&timezone=UTC&order=ASC&apikey=c31c0cdced904fa3a0773f41bad78449
  feed returned 763 ticks
  data source: fallback
Outside trading session window (PKT). Skipping evaluation.
Sat Aug 29 20:30:37 UTC 2026: Scan finished OK, pinged healthcheck
Sat Aug 29 20:35:20 UTC 2026: Starting scan
  fetch attempt 1/3 failed: 429 Client Error: Too Many Requests for url: https://api.twelvedata.com/time_series?symbol=XAU/USD&interval=5min&outputsize=1500&timezone=UTC&order=ASC&apikey=c31c0cdced904fa3a0773f41bad78449
  fetch attempt 2/3 failed: 429 Client Error: Too Many Requests for url: https://api.twelvedata.com/time_series?symbol=XAU/USD&interval=5min&outputsize=1500&timezone=UTC&order=ASC&apikey=c31c0cdced904fa3a0773f41bad78449
  fetch attempt 3/3 failed: 429 Client Error: Too Many Requests for url: https://api.twelvedata.com/time_series?symbol=XAU/USD&interval=5min&outputsize=1500&timezone=UTC&order=ASC&apikey=c31c0cdced904fa3a0773f41bad78449
TwelveData unavailable, falling back to tick feed: 429 Client Error: Too Many Requests for url: https://api.twelvedata.com/time_series?symbol=XAU/USD&interval=5min&outputsize=1500&timezone=UTC&order=ASC&apikey=c31c0cdced904fa3a0773f41bad78449
  feed returned 761 ticks
  data source: fallback
Outside trading session window (PKT). Skipping evaluation.
Sat Aug 29 20:35:31 UTC 2026: Scan finished OK, pinged healthcheck
Sat Aug 29 20:40:20 UTC 2026: Starting scan
  fetch attempt 1/3 failed: 429 Client Error: Too Many Requests for url: https://api.twelvedata.com/time_series?symbol=XAU/USD&interval=5min&outputsize=1500&timezone=UTC&order=ASC&apikey=c31c0cdced904fa3a0773f41bad78449
  fetch attempt 2/3 failed: 429 Client Error: Too Many Requests for url: https://api.twelvedata.com/time_series?symbol=XAU/USD&interval=5min&outputsize=1500&timezone=UTC&order=ASC&apikey=c31c0cdced904fa3a0773f41bad78449
  fetch attempt 3/3 failed: 429 Client Error: Too Many Requests for url: https://api.twelvedata.com/time_series?symbol=XAU/USD&interval=5min&outputsize=1500&timezone=UTC&order=ASC&apikey=c31c0cdced904fa3a0773f41bad78449
TwelveData unavailable, falling back to tick feed: 429 Client Error: Too Many Requests for url: https://api.twelvedata.com/time_series?symbol=XAU/USD&interval=5min&outputsize=1500&timezone=UTC&order=ASC&apikey=c31c0cdced904fa3a0773f41bad78449
  feed returned 758 ticks
  data source: fallback
Outside trading session window (PKT). Skipping evaluation.
Sat Aug 29 20:40:32 UTC 2026: Scan finished OK, pinged healthcheck
Sat Aug 29 20:45:20 UTC 2026: Starting scan
  fetch attempt 1/3 failed: 429 Client Error: Too Many Requests for url: https://api.twelvedata.com/time_series?symbol=XAU/USD&interval=5min&outputsize=1500&timezone=UTC&order=ASC&apikey=c31c0cdced904fa3a0773f41bad78449
  fetch attempt 2/3 failed: 429 Client Error: Too Many Requests for url: https://api.twelvedata.com/time_series?symbol=XAU/USD&interval=5min&outputsize=1500&timezone=UTC&order=ASC&apikey=c31c0cdced904fa3a0773f41bad78449
  fetch attempt 3/3 failed: 429 Client Error: Too Many Requests for url: https://api.twelvedata.com/time_series?symbol=XAU/USD&interval=5min&outputsize=1500&timezone=UTC&order=ASC&apikey=c31c0cdced904fa3a0773f41bad78449
TwelveData unavailable, falling back to tick feed: 429 Client Error: Too Many Requests for url: https://api.twelvedata.com/time_series?symbol=XAU/USD&interval=5min&outputsize=1500&timezone=UTC&order=ASC&apikey=c31c0cdced904fa3a0773f41bad78449
  feed returned 756 ticks
  data source: fallback
Outside trading session window (PKT). Skipping evaluation.
Sat Aug 29 20:45:32 UTC 2026: Scan finished OK, pinged healthcheck
Sat Aug 29 20:50:20 UTC 2026: Starting scan
  fetch attempt 1/3 failed: 429 Client Error: Too Many Requests for url: https://api.twelvedata.com/time_series?symbol=XAU/USD&interval=5min&outputsize=1500&timezone=UTC&order=ASC&apikey=c31c0cdced904fa3a0773f41bad78449
  fetch attempt 2/3 failed: 429 Client Error: Too Many Requests for url: https://api.twelvedata.com/time_series?symbol=XAU/USD&interval=5min&outputsize=1500&timezone=UTC&order=ASC&apikey=c31c0cdced904fa3a0773f41bad78449
  fetch attempt 3/3 failed: 429 Client Error: Too Many Requests for url: https://api.twelvedata.com/time_series?symbol=XAU/USD&interval=5min&outputsize=1500&timezone=UTC&order=ASC&apikey=c31c0cdced904fa3a0773f41bad78449
TwelveData unavailable, falling back to tick feed: 429 Client Error: Too Many Requests for url: https://api.twelvedata.com/time_series?symbol=XAU/USD&interval=5min&outputsize=1500&timezone=UTC&order=ASC&apikey=c31c0cdced904fa3a0773f41bad78449
  feed returned 753 ticks
  data source: fallback
Outside trading session window (PKT). Skipping evaluation.
Sat Aug 29 20:50:31 UTC 2026: Scan finished OK, pinged healthcheck
Sat Aug 29 20:55:20 UTC 2026: Starting scan
  fetch attempt 1/3 failed: 429 Client Error: Too Many Requests for url: https://api.twelvedata.com/time_series?symbol=XAU/USD&interval=5min&outputsize=1500&timezone=UTC&order=ASC&apikey=c31c0cdced904fa3a0773f41bad78449
  fetch attempt 2/3 failed: 429 Client Error: Too Many Requests for url: https://api.twelvedata.com/time_series?symbol=XAU/USD&interval=5min&outputsize=1500&timezone=UTC&order=ASC&apikey=c31c0cdced904fa3a0773f41bad78449
  fetch attempt 3/3 failed: 429 Client Error: Too Many Requests for url: https://api.twelvedata.com/time_series?symbol=XAU/USD&interval=5min&outputsize=1500&timezone=UTC&order=ASC&apikey=c31c0cdced904fa3a0773f41bad78449
TwelveData unavailable, falling back to tick feed: 429 Client Error: Too Many Requests for url: https://api.twelvedata.com/time_series?symbol=XAU/USD&interval=5min&outputsize=1500&timezone=UTC&order=ASC&apikey=c31c0cdced904fa3a0773f41bad78449
  feed returned 751 ticks
  data source: fallback
Outside trading session window (PKT). Skipping evaluation.
Sat Aug 29 20:55:32 UTC 2026: Scan finished OK, pinged healthcheck
Sat Aug 29 21:00:20 UTC 2026: Starting scan
  fetch attempt 1/3 failed: 429 Client Error: Too Many Requests for url: https://api.twelvedata.com/time_series?symbol=XAU/USD&interval=5min&outputsize=1500&timezone=UTC&order=ASC&apikey=c31c0cdced904fa3a0773f41bad78449
  fetch attempt 2/3 failed: 429 Client Error: Too Many Requests for url: https://api.twelvedata.com/time_series?symbol=XAU/USD&interval=5min&outputsize=1500&timezone=UTC&order=ASC&apikey=c31c0cdced904fa3a0773f41bad78449
  fetch attempt 3/3 failed: 429 Client Error: Too Many Requests for url: https://api.twelvedata.com/time_series?symbol=XAU/USD&interval=5min&outputsize=1500&timezone=UTC&order=ASC&apikey=c31c0cdced904fa3a0773f41bad78449
TwelveData unavailable, falling back to tick feed: 429 Client Error: Too Many Requests for url: https://api.twelvedata.com/time_series?symbol=XAU/USD&interval=5min&outputsize=1500&timezone=UTC&order=ASC&apikey=c31c0cdced904fa3a0773f41bad78449
  feed returned 749 ticks
  data source: fallback
Outside trading session window (PKT). Skipping evaluation.
Sat Aug 29 21:00:36 UTC 2026: Scan finished OK, pinged healthcheck
Sat Aug 29 21:05:20 UTC 2026: Starting scan
  fetch attempt 1/3 failed: 429 Client Error: Too Many Requests for url: https://api.twelvedata.com/time_series?symbol=XAU/USD&interval=5min&outputsize=1500&timezone=UTC&order=ASC&apikey=c31c0cdced904fa3a0773f41bad78449
  fetch attempt 2/3 failed: 429 Client Error: Too Many Requests for url: https://api.twelvedata.com/time_series?symbol=XAU/USD&interval=5min&outputsize=1500&timezone=UTC&order=ASC&apikey=c31c0cdced904fa3a0773f41bad78449
  fetch attempt 3/3 failed: 429 Client Error: Too Many Requests for url: https://api.twelvedata.com/time_series?symbol=XAU/USD&interval=5min&outputsize=1500&timezone=UTC&order=ASC&apikey=c31c0cdced904fa3a0773f41bad78449
TwelveData unavailable, falling back to tick feed: 429 Client Error: Too Many Requests for url: https://api.twelvedata.com/time_series?symbol=XAU/USD&interval=5min&outputsize=1500&timezone=UTC&order=ASC&apikey=c31c0cdced904fa3a0773f41bad78449
  feed returned 746 ticks
  data source: fallback
Outside trading session window (PKT). Skipping evaluation.
Sat Aug 29 21:05:31 UTC 2026: Scan finished OK, pinged healthcheck
Sat Aug 29 21:10:20 UTC 2026: Starting scan
  fetch attempt 1/3 failed: 429 Client Error: Too Many Requests for url: https://api.twelvedata.com/time_series?symbol=XAU/USD&interval=5min&outputsize=1500&timezone=UTC&order=ASC&apikey=c31c0cdced904fa3a0773f41bad78449
  fetch attempt 2/3 failed: 429 Client Error: Too Many Requests for url: https://api.twelvedata.com/time_series?symbol=XAU/USD&interval=5min&outputsize=1500&timezone=UTC&order=ASC&apikey=c31c0cdced904fa3a0773f41bad78449
  fetch attempt 3/3 failed: 429 Client Error: Too Many Requests for url: https://api.twelvedata.com/time_series?symbol=XAU/USD&interval=5min&outputsize=1500&timezone=UTC&order=ASC&apikey=c31c0cdced904fa3a0773f41bad78449
TwelveData unavailable, falling back to tick feed: 429 Client Error: Too Many Requests for url: https://api.twelvedata.com/time_series?symbol=XAU/USD&interval=5min&outputsize=1500&timezone=UTC&order=ASC&apikey=c31c0cdced904fa3a0773f41bad78449
  feed returned 743 ticks
  data source: fallback
Outside trading session window (PKT). Skipping evaluation.
Sat Aug 29 21:10:32 UTC 2026: Scan finished OK, pinged healthcheck
Sat Aug 29 21:15:20 UTC 2026: Starting scan
  fetch attempt 1/3 failed: 429 Client Error: Too Many Requests for url: https://api.twelvedata.com/time_series?symbol=XAU/USD&interval=5min&outputsize=1500&timezone=UTC&order=ASC&apikey=c31c0cdced904fa3a0773f41bad78449
  fetch attempt 2/3 failed: 429 Client Error: Too Many Requests for url: https://api.twelvedata.com/time_series?symbol=XAU/USD&interval=5min&outputsize=1500&timezone=UTC&order=ASC&apikey=c31c0cdced904fa3a0773f41bad78449
  fetch attempt 3/3 failed: 429 Client Error: Too Many Requests for url: https://api.twelvedata.com/time_series?symbol=XAU/USD&interval=5min&outputsize=1500&timezone=UTC&order=ASC&apikey=c31c0cdced904fa3a0773f41bad78449
TwelveData unavailable, falling back to tick feed: 429 Client Error: Too Many Requests for url: https://api.twelvedata.com/time_series?symbol=XAU/USD&interval=5min&outputsize=1500&timezone=UTC&order=ASC&apikey=c31c0cdced904fa3a0773f41bad78449
  feed returned 741 ticks
  data source: fallback
Outside trading session window (PKT). Skipping evaluation.
Sat Aug 29 21:15:31 UTC 2026: Scan finished OK, pinged healthcheck
Sat Aug 29 21:20:20 UTC 2026: Starting scan
  fetch attempt 1/3 failed: 429 Client Error: Too Many Requests for url: https://api.twelvedata.com/time_series?symbol=XAU/USD&interval=5min&outputsize=1500&timezone=UTC&order=ASC&apikey=c31c0cdced904fa3a0773f41bad78449
  fetch attempt 2/3 failed: 429 Client Error: Too Many Requests for url: https://api.twelvedata.com/time_series?symbol=XAU/USD&interval=5min&outputsize=1500&timezone=UTC&order=ASC&apikey=c31c0cdced904fa3a0773f41bad78449
  fetch attempt 3/3 failed: 429 Client Error: Too Many Requests for url: https://api.twelvedata.com/time_series?symbol=XAU/USD&interval=5min&outputsize=1500&timezone=UTC&order=ASC&apikey=c31c0cdced904fa3a0773f41bad78449
TwelveData unavailable, falling back to tick feed: 429 Client Error: Too Many Requests for url: https://api.twelvedata.com/time_series?symbol=XAU/USD&interval=5min&outputsize=1500&timezone=UTC&order=ASC&apikey=c31c0cdced904fa3a0773f41bad78449
  feed returned 738 ticks
  data source: fallback
Outside trading session window (PKT). Skipping evaluation.
Sat Aug 29 21:20:32 UTC 2026: Scan finished OK, pinged healthcheck
Sat Aug 29 21:25:20 UTC 2026: Starting scan
  fetch attempt 1/3 failed: 429 Client Error: Too Many Requests for url: https://api.twelvedata.com/time_series?symbol=XAU/USD&interval=5min&outputsize=1500&timezone=UTC&order=ASC&apikey=c31c0cdced904fa3a0773f41bad78449
  fetch attempt 2/3 failed: 429 Client Error: Too Many Requests for url: https://api.twelvedata.com/time_series?symbol=XAU/USD&interval=5min&outputsize=1500&timezone=UTC&order=ASC&apikey=c31c0cdced904fa3a0773f41bad78449
  fetch attempt 3/3 failed: 429 Client Error: Too Many Requests for url: https://api.twelvedata.com/time_series?symbol=XAU/USD&interval=5min&outputsize=1500&timezone=UTC&order=ASC&apikey=c31c0cdced904fa3a0773f41bad78449
TwelveData unavailable, falling back to tick feed: 429 Client Error: Too Many Requests for url: https://api.twelvedata.com/time_series?symbol=XAU/USD&interval=5min&outputsize=1500&timezone=UTC&order=ASC&apikey=c31c0cdced904fa3a0773f41bad78449
  feed returned 736 ticks
  data source: fallback
Outside trading session window (PKT). Skipping evaluation.
Sat Aug 29 21:25:32 UTC 2026: Scan finished OK, pinged healthcheck
Sat Aug 29 21:30:20 UTC 2026: Starting scan
  fetch attempt 1/3 failed: 429 Client Error: Too Many Requests for url: https://api.twelvedata.com/time_series?symbol=XAU/USD&interval=5min&outputsize=1500&timezone=UTC&order=ASC&apikey=c31c0cdced904fa3a0773f41bad78449
  fetch attempt 2/3 failed: 429 Client Error: Too Many Requests for url: https://api.twelvedata.com/time_series?symbol=XAU/USD&interval=5min&outputsize=1500&timezone=UTC&order=ASC&apikey=c31c0cdced904fa3a0773f41bad78449
  fetch attempt 3/3 failed: 429 Client Error: Too Many Requests for url: https://api.twelvedata.com/time_series?symbol=XAU/USD&interval=5min&outputsize=1500&timezone=UTC&order=ASC&apikey=c31c0cdced904fa3a0773f41bad78449
TwelveData unavailable, falling back to tick feed: 429 Client Error: Too Many Requests for url: https://api.twelvedata.com/time_series?symbol=XAU/USD&interval=5min&outputsize=1500&timezone=UTC&order=ASC&apikey=c31c0cdced904fa3a0773f41bad78449
  feed returned 734 ticks
  data source: fallback
Outside trading session window (PKT). Skipping evaluation.
Sat Aug 29 21:30:33 UTC 2026: Scan finished OK, pinged healthcheck
Sat Aug 29 21:35:20 UTC 2026: Starting scan
  fetch attempt 1/3 failed: 429 Client Error: Too Many Requests for url: https://api.twelvedata.com/time_series?symbol=XAU/USD&interval=5min&outputsize=1500&timezone=UTC&order=ASC&apikey=c31c0cdced904fa3a0773f41bad78449
  fetch attempt 2/3 failed: 429 Client Error: Too Many Requests for url: https://api.twelvedata.com/time_series?symbol=XAU/USD&interval=5min&outputsize=1500&timezone=UTC&order=ASC&apikey=c31c0cdced904fa3a0773f41bad78449
  fetch attempt 3/3 failed: 429 Client Error: Too Many Requests for url: https://api.twelvedata.com/time_series?symbol=XAU/USD&interval=5min&outputsize=1500&timezone=UTC&order=ASC&apikey=c31c0cdced904fa3a0773f41bad78449
TwelveData unavailable, falling back to tick feed: 429 Client Error: Too Many Requests for url: https://api.twelvedata.com/time_series?symbol=XAU/USD&interval=5min&outputsize=1500&timezone=UTC&order=ASC&apikey=c31c0cdced904fa3a0773f41bad78449
  feed returned 731 ticks
  data source: fallback
Outside trading session window (PKT). Skipping evaluation.
Sat Aug 29 21:35:32 UTC 2026: Scan finished OK, pinged healthcheck
Sat Aug 29 21:40:20 UTC 2026: Starting scan
  fetch attempt 1/3 failed: 429 Client Error: Too Many Requests for url: https://api.twelvedata.com/time_series?symbol=XAU/USD&interval=5min&outputsize=1500&timezone=UTC&order=ASC&apikey=c31c0cdced904fa3a0773f41bad78449
  fetch attempt 2/3 failed: 429 Client Error: Too Many Requests for url: https://api.twelvedata.com/time_series?symbol=XAU/USD&interval=5min&outputsize=1500&timezone=UTC&order=ASC&apikey=c31c0cdced904fa3a0773f41bad78449
  fetch attempt 3/3 failed: 429 Client Error: Too Many Requests for url: https://api.twelvedata.com/time_series?symbol=XAU/USD&interval=5min&outputsize=1500&timezone=UTC&order=ASC&apikey=c31c0cdced904fa3a0773f41bad78449
TwelveData unavailable, falling back to tick feed: 429 Client Error: Too Many Requests for url: https://api.twelvedata.com/time_series?symbol=XAU/USD&interval=5min&outputsize=1500&timezone=UTC&order=ASC&apikey=c31c0cdced904fa3a0773f41bad78449
  feed returned 728 ticks
  data source: fallback
Outside trading session window (PKT). Skipping evaluation.
Sat Aug 29 21:40:31 UTC 2026: Scan finished OK, pinged healthcheck
Sat Aug 29 21:45:20 UTC 2026: Starting scan
  fetch attempt 1/3 failed: 429 Client Error: Too Many Requests for url: https://api.twelvedata.com/time_series?symbol=XAU/USD&interval=5min&outputsize=1500&timezone=UTC&order=ASC&apikey=c31c0cdced904fa3a0773f41bad78449
  fetch attempt 2/3 failed: 429 Client Error: Too Many Requests for url: https://api.twelvedata.com/time_series?symbol=XAU/USD&interval=5min&outputsize=1500&timezone=UTC&order=ASC&apikey=c31c0cdced904fa3a0773f41bad78449
  fetch attempt 3/3 failed: 429 Client Error: Too Many Requests for url: https://api.twelvedata.com/time_series?symbol=XAU/USD&interval=5min&outputsize=1500&timezone=UTC&order=ASC&apikey=c31c0cdced904fa3a0773f41bad78449
TwelveData unavailable, falling back to tick feed: 429 Client Error: Too Many Requests for url: https://api.twelvedata.com/time_series?symbol=XAU/USD&interval=5min&outputsize=1500&timezone=UTC&order=ASC&apikey=c31c0cdced904fa3a0773f41bad78449
  feed returned 726 ticks
  data source: fallback
Outside trading session window (PKT). Skipping evaluation.
Sat Aug 29 21:45:32 UTC 2026: Scan finished OK, pinged healthcheck
Sat Aug 29 21:50:20 UTC 2026: Starting scan
  fetch attempt 1/3 failed: 429 Client Error: Too Many Requests for url: https://api.twelvedata.com/time_series?symbol=XAU/USD&interval=5min&outputsize=1500&timezone=UTC&order=ASC&apikey=c31c0cdced904fa3a0773f41bad78449
  fetch attempt 2/3 failed: 429 Client Error: Too Many Requests for url: https://api.twelvedata.com/time_series?symbol=XAU/USD&interval=5min&outputsize=1500&timezone=UTC&order=ASC&apikey=c31c0cdced904fa3a0773f41bad78449
  fetch attempt 3/3 failed: 429 Client Error: Too Many Requests for url: https://api.twelvedata.com/time_series?symbol=XAU/USD&interval=5min&outputsize=1500&timezone=UTC&order=ASC&apikey=c31c0cdced904fa3a0773f41bad78449
TwelveData unavailable, falling back to tick feed: 429 Client Error: Too Many Requests for url: https://api.twelvedata.com/time_series?symbol=XAU/USD&interval=5min&outputsize=1500&timezone=UTC&order=ASC&apikey=c31c0cdced904fa3a0773f41bad78449
  feed returned 723 ticks
  data source: fallback
Outside trading session window (PKT). Skipping evaluation.
Sat Aug 29 21:50:31 UTC 2026: Scan finished OK, pinged healthcheck
Sat Aug 29 21:55:20 UTC 2026: Starting scan
  fetch attempt 1/3 failed: 429 Client Error: Too Many Requests for url: https://api.twelvedata.com/time_series?symbol=XAU/USD&interval=5min&outputsize=1500&timezone=UTC&order=ASC&apikey=c31c0cdced904fa3a0773f41bad78449
  fetch attempt 2/3 failed: 429 Client Error: Too Many Requests for url: https://api.twelvedata.com/time_series?symbol=XAU/USD&interval=5min&outputsize=1500&timezone=UTC&order=ASC&apikey=c31c0cdced904fa3a0773f41bad78449
  fetch attempt 3/3 failed: 429 Client Error: Too Many Requests for url: https://api.twelvedata.com/time_series?symbol=XAU/USD&interval=5min&outputsize=1500&timezone=UTC&order=ASC&apikey=c31c0cdced904fa3a0773f41bad78449
TwelveData unavailable, falling back to tick feed: 429 Client Error: Too Many Requests for url: https://api.twelvedata.com/time_series?symbol=XAU/USD&interval=5min&outputsize=1500&timezone=UTC&order=ASC&apikey=c31c0cdced904fa3a0773f41bad78449
  feed returned 721 ticks
  data source: fallback
Outside trading session window (PKT). Skipping evaluation.
Sat Aug 29 21:55:32 UTC 2026: Scan finished OK, pinged healthcheck
Sat Aug 29 22:00:20 UTC 2026: Starting scan
  fetch attempt 1/3 failed: 429 Client Error: Too Many Requests for url: https://api.twelvedata.com/time_series?symbol=XAU/USD&interval=5min&outputsize=1500&timezone=UTC&order=ASC&apikey=c31c0cdced904fa3a0773f41bad78449
  fetch attempt 2/3 failed: 429 Client Error: Too Many Requests for url: https://api.twelvedata.com/time_series?symbol=XAU/USD&interval=5min&outputsize=1500&timezone=UTC&order=ASC&apikey=c31c0cdced904fa3a0773f41bad78449
  fetch attempt 3/3 failed: 429 Client Error: Too Many Requests for url: https://api.twelvedata.com/time_series?symbol=XAU/USD&interval=5min&outputsize=1500&timezone=UTC&order=ASC&apikey=c31c0cdced904fa3a0773f41bad78449
TwelveData unavailable, falling back to tick feed: 429 Client Error: Too Many Requests for url: https://api.twelvedata.com/time_series?symbol=XAU/USD&interval=5min&outputsize=1500&timezone=UTC&order=ASC&apikey=c31c0cdced904fa3a0773f41bad78449
  feed returned 719 ticks
  data source: fallback
Outside trading session window (PKT). Skipping evaluation.
Sat Aug 29 22:00:33 UTC 2026: Scan finished OK, pinged healthcheck
Sat Aug 29 22:05:20 UTC 2026: Starting scan
  fetch attempt 1/3 failed: 429 Client Error: Too Many Requests for url: https://api.twelvedata.com/time_series?symbol=XAU/USD&interval=5min&outputsize=1500&timezone=UTC&order=ASC&apikey=c31c0cdced904fa3a0773f41bad78449
  fetch attempt 2/3 failed: 429 Client Error: Too Many Requests for url: https://api.twelvedata.com/time_series?symbol=XAU/USD&interval=5min&outputsize=1500&timezone=UTC&order=ASC&apikey=c31c0cdced904fa3a0773f41bad78449
  fetch attempt 3/3 failed: 429 Client Error: Too Many Requests for url: https://api.twelvedata.com/time_series?symbol=XAU/USD&interval=5min&outputsize=1500&timezone=UTC&order=ASC&apikey=c31c0cdced904fa3a0773f41bad78449
TwelveData unavailable, falling back to tick feed: 429 Client Error: Too Many Requests for url: https://api.twelvedata.com/time_series?symbol=XAU/USD&interval=5min&outputsize=1500&timezone=UTC&order=ASC&apikey=c31c0cdced904fa3a0773f41bad78449
  feed returned 716 ticks
  data source: fallback
Outside trading session window (PKT). Skipping evaluation.
Sat Aug 29 22:05:32 UTC 2026: Scan finished OK, pinged healthcheck
Sat Aug 29 22:10:20 UTC 2026: Starting scan
  fetch attempt 1/3 failed: 429 Client Error: Too Many Requests for url: https://api.twelvedata.com/time_series?symbol=XAU/USD&interval=5min&outputsize=1500&timezone=UTC&order=ASC&apikey=c31c0cdced904fa3a0773f41bad78449
  fetch attempt 2/3 failed: 429 Client Error: Too Many Requests for url: https://api.twelvedata.com/time_series?symbol=XAU/USD&interval=5min&outputsize=1500&timezone=UTC&order=ASC&apikey=c31c0cdced904fa3a0773f41bad78449
  fetch attempt 3/3 failed: 429 Client Error: Too Many Requests for url: https://api.twelvedata.com/time_series?symbol=XAU/USD&interval=5min&outputsize=1500&timezone=UTC&order=ASC&apikey=c31c0cdced904fa3a0773f41bad78449
TwelveData unavailable, falling back to tick feed: 429 Client Error: Too Many Requests for url: https://api.twelvedata.com/time_series?symbol=XAU/USD&interval=5min&outputsize=1500&timezone=UTC&order=ASC&apikey=c31c0cdced904fa3a0773f41bad78449
  feed returned 713 ticks
  data source: fallback
Outside trading session window (PKT). Skipping evaluation.
Sat Aug 29 22:10:31 UTC 2026: Scan finished OK, pinged healthcheck
Sat Aug 29 22:15:20 UTC 2026: Starting scan
  fetch attempt 1/3 failed: 429 Client Error: Too Many Requests for url: https://api.twelvedata.com/time_series?symbol=XAU/USD&interval=5min&outputsize=1500&timezone=UTC&order=ASC&apikey=c31c0cdced904fa3a0773f41bad78449
  fetch attempt 2/3 failed: 429 Client Error: Too Many Requests for url: https://api.twelvedata.com/time_series?symbol=XAU/USD&interval=5min&outputsize=1500&timezone=UTC&order=ASC&apikey=c31c0cdced904fa3a0773f41bad78449
  fetch attempt 3/3 failed: 429 Client Error: Too Many Requests for url: https://api.twelvedata.com/time_series?symbol=XAU/USD&interval=5min&outputsize=1500&timezone=UTC&order=ASC&apikey=c31c0cdced904fa3a0773f41bad78449
TwelveData unavailable, falling back to tick feed: 429 Client Error: Too Many Requests for url: https://api.twelvedata.com/time_series?symbol=XAU/USD&interval=5min&outputsize=1500&timezone=UTC&order=ASC&apikey=c31c0cdced904fa3a0773f41bad78449
  feed returned 711 ticks
  data source: fallback
Outside trading session window (PKT). Skipping evaluation.
Sat Aug 29 22:15:32 UTC 2026: Scan finished OK, pinged healthcheck
Sat Aug 29 22:20:20 UTC 2026: Starting scan
  fetch attempt 1/3 failed: 429 Client Error: Too Many Requests for url: https://api.twelvedata.com/time_series?symbol=XAU/USD&interval=5min&outputsize=1500&timezone=UTC&order=ASC&apikey=c31c0cdced904fa3a0773f41bad78449
  fetch attempt 2/3 failed: 429 Client Error: Too Many Requests for url: https://api.twelvedata.com/time_series?symbol=XAU/USD&interval=5min&outputsize=1500&timezone=UTC&order=ASC&apikey=c31c0cdced904fa3a0773f41bad78449
  fetch attempt 3/3 failed: 429 Client Error: Too Many Requests for url: https://api.twelvedata.com/time_series?symbol=XAU/USD&interval=5min&outputsize=1500&timezone=UTC&order=ASC&apikey=c31c0cdced904fa3a0773f41bad78449
TwelveData unavailable, falling back to tick feed: 429 Client Error: Too Many Requests for url: https://api.twelvedata.com/time_series?symbol=XAU/USD&interval=5min&outputsize=1500&timezone=UTC&order=ASC&apikey=c31c0cdced904fa3a0773f41bad78449
  feed returned 708 ticks
  data source: fallback
Outside trading session window (PKT). Skipping evaluation.
Sat Aug 29 22:20:31 UTC 2026: Scan finished OK, pinged healthcheck
Sat Aug 29 22:25:20 UTC 2026: Starting scan
  fetch attempt 1/3 failed: 429 Client Error: Too Many Requests for url: https://api.twelvedata.com/time_series?symbol=XAU/USD&interval=5min&outputsize=1500&timezone=UTC&order=ASC&apikey=c31c0cdced904fa3a0773f41bad78449
  fetch attempt 2/3 failed: 429 Client Error: Too Many Requests for url: https://api.twelvedata.com/time_series?symbol=XAU/USD&interval=5min&outputsize=1500&timezone=UTC&order=ASC&apikey=c31c0cdced904fa3a0773f41bad78449
  fetch attempt 3/3 failed: 429 Client Error: Too Many Requests for url: https://api.twelvedata.com/time_series?symbol=XAU/USD&interval=5min&outputsize=1500&timezone=UTC&order=ASC&apikey=c31c0cdced904fa3a0773f41bad78449
TwelveData unavailable, falling back to tick feed: 429 Client Error: Too Many Requests for url: https://api.twelvedata.com/time_series?symbol=XAU/USD&interval=5min&outputsize=1500&timezone=UTC&order=ASC&apikey=c31c0cdced904fa3a0773f41bad78449
  feed returned 706 ticks
  data source: fallback
Outside trading session window (PKT). Skipping evaluation.
Sat Aug 29 22:25:32 UTC 2026: Scan finished OK, pinged healthcheck
Sat Aug 29 22:30:20 UTC 2026: Starting scan
  fetch attempt 1/3 failed: 429 Client Error: Too Many Requests for url: https://api.twelvedata.com/time_series?symbol=XAU/USD&interval=5min&outputsize=1500&timezone=UTC&order=ASC&apikey=c31c0cdced904fa3a0773f41bad78449
  fetch attempt 2/3 failed: 429 Client Error: Too Many Requests for url: https://api.twelvedata.com/time_series?symbol=XAU/USD&interval=5min&outputsize=1500&timezone=UTC&order=ASC&apikey=c31c0cdced904fa3a0773f41bad78449
  fetch attempt 3/3 failed: 429 Client Error: Too Many Requests for url: https://api.twelvedata.com/time_series?symbol=XAU/USD&interval=5min&outputsize=1500&timezone=UTC&order=ASC&apikey=c31c0cdced904fa3a0773f41bad78449
TwelveData unavailable, falling back to tick feed: 429 Client Error: Too Many Requests for url: https://api.twelvedata.com/time_series?symbol=XAU/USD&interval=5min&outputsize=1500&timezone=UTC&order=ASC&apikey=c31c0cdced904fa3a0773f41bad78449
  feed returned 703 ticks
  data source: fallback
Outside trading session window (PKT). Skipping evaluation.
Sat Aug 29 22:30:33 UTC 2026: Scan finished OK, pinged healthcheck
Sat Aug 29 22:35:20 UTC 2026: Starting scan
  fetch attempt 1/3 failed: 429 Client Error: Too Many Requests for url: https://api.twelvedata.com/time_series?symbol=XAU/USD&interval=5min&outputsize=1500&timezone=UTC&order=ASC&apikey=c31c0cdced904fa3a0773f41bad78449
  fetch attempt 2/3 failed: 429 Client Error: Too Many Requests for url: https://api.twelvedata.com/time_series?symbol=XAU/USD&interval=5min&outputsize=1500&timezone=UTC&order=ASC&apikey=c31c0cdced904fa3a0773f41bad78449
  fetch attempt 3/3 failed: 429 Client Error: Too Many Requests for url: https://api.twelvedata.com/time_series?symbol=XAU/USD&interval=5min&outputsize=1500&timezone=UTC&order=ASC&apikey=c31c0cdced904fa3a0773f41bad78449
TwelveData unavailable, falling back to tick feed: 429 Client Error: Too Many Requests for url: https://api.twelvedata.com/time_series?symbol=XAU/USD&interval=5min&outputsize=1500&timezone=UTC&order=ASC&apikey=c31c0cdced904fa3a0773f41bad78449
  feed returned 701 ticks
  data source: fallback
Outside trading session window (PKT). Skipping evaluation.
Sat Aug 29 22:35:32 UTC 2026: Scan finished OK, pinged healthcheck
Sat Aug 29 22:40:20 UTC 2026: Starting scan
  fetch attempt 1/3 failed: 429 Client Error: Too Many Requests for url: https://api.twelvedata.com/time_series?symbol=XAU/USD&interval=5min&outputsize=1500&timezone=UTC&order=ASC&apikey=c31c0cdced904fa3a0773f41bad78449
  fetch attempt 2/3 failed: 429 Client Error: Too Many Requests for url: https://api.twelvedata.com/time_series?symbol=XAU/USD&interval=5min&outputsize=1500&timezone=UTC&order=ASC&apikey=c31c0cdced904fa3a0773f41bad78449
  fetch attempt 3/3 failed: 429 Client Error: Too Many Requests for url: https://api.twelvedata.com/time_series?symbol=XAU/USD&interval=5min&outputsize=1500&timezone=UTC&order=ASC&apikey=c31c0cdced904fa3a0773f41bad78449
TwelveData unavailable, falling back to tick feed: 429 Client Error: Too Many Requests for url: https://api.twelvedata.com/time_series?symbol=XAU/USD&interval=5min&outputsize=1500&timezone=UTC&order=ASC&apikey=c31c0cdced904fa3a0773f41bad78449
  feed returned 698 ticks
  data source: fallback
Outside trading session window (PKT). Skipping evaluation.
Sat Aug 29 22:40:31 UTC 2026: Scan finished OK, pinged healthcheck
Sat Aug 29 22:45:20 UTC 2026: Starting scan
  fetch attempt 1/3 failed: 429 Client Error: Too Many Requests for url: https://api.twelvedata.com/time_series?symbol=XAU/USD&interval=5min&outputsize=1500&timezone=UTC&order=ASC&apikey=c31c0cdced904fa3a0773f41bad78449
  fetch attempt 2/3 failed: 429 Client Error: Too Many Requests for url: https://api.twelvedata.com/time_series?symbol=XAU/USD&interval=5min&outputsize=1500&timezone=UTC&order=ASC&apikey=c31c0cdced904fa3a0773f41bad78449
  fetch attempt 3/3 failed: 429 Client Error: Too Many Requests for url: https://api.twelvedata.com/time_series?symbol=XAU/USD&interval=5min&outputsize=1500&timezone=UTC&order=ASC&apikey=c31c0cdced904fa3a0773f41bad78449
TwelveData unavailable, falling back to tick feed: 429 Client Error: Too Many Requests for url: https://api.twelvedata.com/time_series?symbol=XAU/USD&interval=5min&outputsize=1500&timezone=UTC&order=ASC&apikey=c31c0cdced904fa3a0773f41bad78449
  feed returned 696 ticks
  data source: fallback
Outside trading session window (PKT). Skipping evaluation.
Sat Aug 29 22:45:32 UTC 2026: Scan finished OK, pinged healthcheck
Sat Aug 29 22:50:20 UTC 2026: Starting scan
  fetch attempt 1/3 failed: 429 Client Error: Too Many Requests for url: https://api.twelvedata.com/time_series?symbol=XAU/USD&interval=5min&outputsize=1500&timezone=UTC&order=ASC&apikey=c31c0cdced904fa3a0773f41bad78449
  fetch attempt 2/3 failed: 429 Client Error: Too Many Requests for url: https://api.twelvedata.com/time_series?symbol=XAU/USD&interval=5min&outputsize=1500&timezone=UTC&order=ASC&apikey=c31c0cdced904fa3a0773f41bad78449
  fetch attempt 3/3 failed: 429 Client Error: Too Many Requests for url: https://api.twelvedata.com/time_series?symbol=XAU/USD&interval=5min&outputsize=1500&timezone=UTC&order=ASC&apikey=c31c0cdced904fa3a0773f41bad78449
TwelveData unavailable, falling back to tick feed: 429 Client Error: Too Many Requests for url: https://api.twelvedata.com/time_series?symbol=XAU/USD&interval=5min&outputsize=1500&timezone=UTC&order=ASC&apikey=c31c0cdced904fa3a0773f41bad78449
  feed returned 693 ticks
  data source: fallback
Outside trading session window (PKT). Skipping evaluation.
Sat Aug 29 22:50:31 UTC 2026: Scan finished OK, pinged healthcheck
Sat Aug 29 22:55:20 UTC 2026: Starting scan
  fetch attempt 1/3 failed: 429 Client Error: Too Many Requests for url: https://api.twelvedata.com/time_series?symbol=XAU/USD&interval=5min&outputsize=1500&timezone=UTC&order=ASC&apikey=c31c0cdced904fa3a0773f41bad78449
  fetch attempt 2/3 failed: 429 Client Error: Too Many Requests for url: https://api.twelvedata.com/time_series?symbol=XAU/USD&interval=5min&outputsize=1500&timezone=UTC&order=ASC&apikey=c31c0cdced904fa3a0773f41bad78449
  fetch attempt 3/3 failed: 429 Client Error: Too Many Requests for url: https://api.twelvedata.com/time_series?symbol=XAU/USD&interval=5min&outputsize=1500&timezone=UTC&order=ASC&apikey=c31c0cdced904fa3a0773f41bad78449
TwelveData unavailable, falling back to tick feed: 429 Client Error: Too Many Requests for url: https://api.twelvedata.com/time_series?symbol=XAU/USD&interval=5min&outputsize=1500&timezone=UTC&order=ASC&apikey=c31c0cdced904fa3a0773f41bad78449
  feed returned 691 ticks
  data source: fallback
Outside trading session window (PKT). Skipping evaluation.
Sat Aug 29 22:55:31 UTC 2026: Scan finished OK, pinged healthcheck
Sat Aug 29 23:00:20 UTC 2026: Starting scan
  fetch attempt 1/3 failed: 429 Client Error: Too Many Requests for url: https://api.twelvedata.com/time_series?symbol=XAU/USD&interval=5min&outputsize=1500&timezone=UTC&order=ASC&apikey=c31c0cdced904fa3a0773f41bad78449
  fetch attempt 2/3 failed: 429 Client Error: Too Many Requests for url: https://api.twelvedata.com/time_series?symbol=XAU/USD&interval=5min&outputsize=1500&timezone=UTC&order=ASC&apikey=c31c0cdced904fa3a0773f41bad78449
  fetch attempt 3/3 failed: 429 Client Error: Too Many Requests for url: https://api.twelvedata.com/time_series?symbol=XAU/USD&interval=5min&outputsize=1500&timezone=UTC&order=ASC&apikey=c31c0cdced904fa3a0773f41bad78449
TwelveData unavailable, falling back to tick feed: 429 Client Error: Too Many Requests for url: https://api.twelvedata.com/time_series?symbol=XAU/USD&interval=5min&outputsize=1500&timezone=UTC&order=ASC&apikey=c31c0cdced904fa3a0773f41bad78449
  feed returned 689 ticks
  data source: fallback
Outside trading session window (PKT). Skipping evaluation.
Sat Aug 29 23:00:35 UTC 2026: Scan finished OK, pinged healthcheck
Sat Aug 29 23:05:20 UTC 2026: Starting scan
  fetch attempt 1/3 failed: 429 Client Error: Too Many Requests for url: https://api.twelvedata.com/time_series?symbol=XAU/USD&interval=5min&outputsize=1500&timezone=UTC&order=ASC&apikey=c31c0cdced904fa3a0773f41bad78449
  fetch attempt 2/3 failed: 429 Client Error: Too Many Requests for url: https://api.twelvedata.com/time_series?symbol=XAU/USD&interval=5min&outputsize=1500&timezone=UTC&order=ASC&apikey=c31c0cdced904fa3a0773f41bad78449
  fetch attempt 3/3 failed: 429 Client Error: Too Many Requests for url: https://api.twelvedata.com/time_series?symbol=XAU/USD&interval=5min&outputsize=1500&timezone=UTC&order=ASC&apikey=c31c0cdced904fa3a0773f41bad78449
TwelveData unavailable, falling back to tick feed: 429 Client Error: Too Many Requests for url: https://api.twelvedata.com/time_series?symbol=XAU/USD&interval=5min&outputsize=1500&timezone=UTC&order=ASC&apikey=c31c0cdced904fa3a0773f41bad78449
  feed returned 686 ticks
  data source: fallback
Outside trading session window (PKT). Skipping evaluation.
Sat Aug 29 23:05:31 UTC 2026: Scan finished OK, pinged healthcheck
Sat Aug 29 23:10:20 UTC 2026: Starting scan
  fetch attempt 1/3 failed: 429 Client Error: Too Many Requests for url: https://api.twelvedata.com/time_series?symbol=XAU/USD&interval=5min&outputsize=1500&timezone=UTC&order=ASC&apikey=c31c0cdced904fa3a0773f41bad78449
  fetch attempt 2/3 failed: 429 Client Error: Too Many Requests for url: https://api.twelvedata.com/time_series?symbol=XAU/USD&interval=5min&outputsize=1500&timezone=UTC&order=ASC&apikey=c31c0cdced904fa3a0773f41bad78449
  fetch attempt 3/3 failed: 429 Client Error: Too Many Requests for url: https://api.twelvedata.com/time_series?symbol=XAU/USD&interval=5min&outputsize=1500&timezone=UTC&order=ASC&apikey=c31c0cdced904fa3a0773f41bad78449
TwelveData unavailable, falling back to tick feed: 429 Client Error: Too Many Requests for url: https://api.twelvedata.com/time_series?symbol=XAU/USD&interval=5min&outputsize=1500&timezone=UTC&order=ASC&apikey=c31c0cdced904fa3a0773f41bad78449
  feed returned 683 ticks
  data source: fallback
Outside trading session window (PKT). Skipping evaluation.
Sat Aug 29 23:10:31 UTC 2026: Scan finished OK, pinged healthcheck
Sat Aug 29 23:15:20 UTC 2026: Starting scan
  fetch attempt 1/3 failed: 429 Client Error: Too Many Requests for url: https://api.twelvedata.com/time_series?symbol=XAU/USD&interval=5min&outputsize=1500&timezone=UTC&order=ASC&apikey=c31c0cdced904fa3a0773f41bad78449
  fetch attempt 2/3 failed: 429 Client Error: Too Many Requests for url: https://api.twelvedata.com/time_series?symbol=XAU/USD&interval=5min&outputsize=1500&timezone=UTC&order=ASC&apikey=c31c0cdced904fa3a0773f41bad78449
  fetch attempt 3/3 failed: 429 Client Error: Too Many Requests for url: https://api.twelvedata.com/time_series?symbol=XAU/USD&interval=5min&outputsize=1500&timezone=UTC&order=ASC&apikey=c31c0cdced904fa3a0773f41bad78449
TwelveData unavailable, falling back to tick feed: 429 Client Error: Too Many Requests for url: https://api.twelvedata.com/time_series?symbol=XAU/USD&interval=5min&outputsize=1500&timezone=UTC&order=ASC&apikey=c31c0cdced904fa3a0773f41bad78449
  feed returned 681 ticks
  data source: fallback
Outside trading session window (PKT). Skipping evaluation.
Sat Aug 29 23:15:32 UTC 2026: Scan finished OK, pinged healthcheck
Sat Aug 29 23:20:20 UTC 2026: Starting scan
  fetch attempt 1/3 failed: 429 Client Error: Too Many Requests for url: https://api.twelvedata.com/time_series?symbol=XAU/USD&interval=5min&outputsize=1500&timezone=UTC&order=ASC&apikey=c31c0cdced904fa3a0773f41bad78449
  fetch attempt 2/3 failed: 429 Client Error: Too Many Requests for url: https://api.twelvedata.com/time_series?symbol=XAU/USD&interval=5min&outputsize=1500&timezone=UTC&order=ASC&apikey=c31c0cdced904fa3a0773f41bad78449
  fetch attempt 3/3 failed: 429 Client Error: Too Many Requests for url: https://api.twelvedata.com/time_series?symbol=XAU/USD&interval=5min&outputsize=1500&timezone=UTC&order=ASC&apikey=c31c0cdced904fa3a0773f41bad78449
TwelveData unavailable, falling back to tick feed: 429 Client Error: Too Many Requests for url: https://api.twelvedata.com/time_series?symbol=XAU/USD&interval=5min&outputsize=1500&timezone=UTC&order=ASC&apikey=c31c0cdced904fa3a0773f41bad78449
  feed returned 678 ticks
  data source: fallback
Outside trading session window (PKT). Skipping evaluation.
Sat Aug 29 23:20:31 UTC 2026: Scan finished OK, pinged healthcheck
Sat Aug 29 23:25:20 UTC 2026: Starting scan
  fetch attempt 1/3 failed: 429 Client Error: Too Many Requests for url: https://api.twelvedata.com/time_series?symbol=XAU/USD&interval=5min&outputsize=1500&timezone=UTC&order=ASC&apikey=c31c0cdced904fa3a0773f41bad78449
  fetch attempt 2/3 failed: 429 Client Error: Too Many Requests for url: https://api.twelvedata.com/time_series?symbol=XAU/USD&interval=5min&outputsize=1500&timezone=UTC&order=ASC&apikey=c31c0cdced904fa3a0773f41bad78449
  fetch attempt 3/3 failed: 429 Client Error: Too Many Requests for url: https://api.twelvedata.com/time_series?symbol=XAU/USD&interval=5min&outputsize=1500&timezone=UTC&order=ASC&apikey=c31c0cdced904fa3a0773f41bad78449
TwelveData unavailable, falling back to tick feed: 429 Client Error: Too Many Requests for url: https://api.twelvedata.com/time_series?symbol=XAU/USD&interval=5min&outputsize=1500&timezone=UTC&order=ASC&apikey=c31c0cdced904fa3a0773f41bad78449
  feed returned 676 ticks
  data source: fallback
Outside trading session window (PKT). Skipping evaluation.
Sat Aug 29 23:25:32 UTC 2026: Scan finished OK, pinged healthcheck
Sat Aug 29 23:30:20 UTC 2026: Starting scan
  fetch attempt 1/3 failed: 429 Client Error: Too Many Requests for url: https://api.twelvedata.com/time_series?symbol=XAU/USD&interval=5min&outputsize=1500&timezone=UTC&order=ASC&apikey=c31c0cdced904fa3a0773f41bad78449
  fetch attempt 2/3 failed: 429 Client Error: Too Many Requests for url: https://api.twelvedata.com/time_series?symbol=XAU/USD&interval=5min&outputsize=1500&timezone=UTC&order=ASC&apikey=c31c0cdced904fa3a0773f41bad78449
  fetch attempt 3/3 failed: 429 Client Error: Too Many Requests for url: https://api.twelvedata.com/time_series?symbol=XAU/USD&interval=5min&outputsize=1500&timezone=UTC&order=ASC&apikey=c31c0cdced904fa3a0773f41bad78449
TwelveData unavailable, falling back to tick feed: 429 Client Error: Too Many Requests for url: https://api.twelvedata.com/time_series?symbol=XAU/USD&interval=5min&outputsize=1500&timezone=UTC&order=ASC&apikey=c31c0cdced904fa3a0773f41bad78449
  feed returned 673 ticks
  data source: fallback
Outside trading session window (PKT). Skipping evaluation.
Sat Aug 29 23:30:33 UTC 2026: Scan finished OK, pinged healthcheck
Sat Aug 29 23:35:20 UTC 2026: Starting scan
  fetch attempt 1/3 failed: 429 Client Error: Too Many Requests for url: https://api.twelvedata.com/time_series?symbol=XAU/USD&interval=5min&outputsize=1500&timezone=UTC&order=ASC&apikey=c31c0cdced904fa3a0773f41bad78449
  fetch attempt 2/3 failed: 429 Client Error: Too Many Requests for url: https://api.twelvedata.com/time_series?symbol=XAU/USD&interval=5min&outputsize=1500&timezone=UTC&order=ASC&apikey=c31c0cdced904fa3a0773f41bad78449
  fetch attempt 3/3 failed: 429 Client Error: Too Many Requests for url: https://api.twelvedata.com/time_series?symbol=XAU/USD&interval=5min&outputsize=1500&timezone=UTC&order=ASC&apikey=c31c0cdced904fa3a0773f41bad78449
TwelveData unavailable, falling back to tick feed: 429 Client Error: Too Many Requests for url: https://api.twelvedata.com/time_series?symbol=XAU/USD&interval=5min&outputsize=1500&timezone=UTC&order=ASC&apikey=c31c0cdced904fa3a0773f41bad78449
  feed returned 671 ticks
  data source: fallback
Outside trading session window (PKT). Skipping evaluation.
Sat Aug 29 23:35:32 UTC 2026: Scan finished OK, pinged healthcheck
Sat Aug 29 23:40:20 UTC 2026: Starting scan
  fetch attempt 1/3 failed: 429 Client Error: Too Many Requests for url: https://api.twelvedata.com/time_series?symbol=XAU/USD&interval=5min&outputsize=1500&timezone=UTC&order=ASC&apikey=c31c0cdced904fa3a0773f41bad78449
  fetch attempt 2/3 failed: 429 Client Error: Too Many Requests for url: https://api.twelvedata.com/time_series?symbol=XAU/USD&interval=5min&outputsize=1500&timezone=UTC&order=ASC&apikey=c31c0cdced904fa3a0773f41bad78449
  fetch attempt 3/3 failed: 429 Client Error: Too Many Requests for url: https://api.twelvedata.com/time_series?symbol=XAU/USD&interval=5min&outputsize=1500&timezone=UTC&order=ASC&apikey=c31c0cdced904fa3a0773f41bad78449
TwelveData unavailable, falling back to tick feed: 429 Client Error: Too Many Requests for url: https://api.twelvedata.com/time_series?symbol=XAU/USD&interval=5min&outputsize=1500&timezone=UTC&order=ASC&apikey=c31c0cdced904fa3a0773f41bad78449
  feed returned 668 ticks
  data source: fallback
Outside trading session window (PKT). Skipping evaluation.
Sat Aug 29 23:40:31 UTC 2026: Scan finished OK, pinged healthcheck
Sat Aug 29 23:45:20 UTC 2026: Starting scan
  fetch attempt 1/3 failed: 429 Client Error: Too Many Requests for url: https://api.twelvedata.com/time_series?symbol=XAU/USD&interval=5min&outputsize=1500&timezone=UTC&order=ASC&apikey=c31c0cdced904fa3a0773f41bad78449
  fetch attempt 2/3 failed: 429 Client Error: Too Many Requests for url: https://api.twelvedata.com/time_series?symbol=XAU/USD&interval=5min&outputsize=1500&timezone=UTC&order=ASC&apikey=c31c0cdced904fa3a0773f41bad78449
  fetch attempt 3/3 failed: 429 Client Error: Too Many Requests for url: https://api.twelvedata.com/time_series?symbol=XAU/USD&interval=5min&outputsize=1500&timezone=UTC&order=ASC&apikey=c31c0cdced904fa3a0773f41bad78449
TwelveData unavailable, falling back to tick feed: 429 Client Error: Too Many Requests for url: https://api.twelvedata.com/time_series?symbol=XAU/USD&interval=5min&outputsize=1500&timezone=UTC&order=ASC&apikey=c31c0cdced904fa3a0773f41bad78449
  feed returned 666 ticks
  data source: fallback
Outside trading session window (PKT). Skipping evaluation.
Sat Aug 29 23:45:31 UTC 2026: Scan finished OK, pinged healthcheck
Sat Aug 29 23:50:21 UTC 2026: Starting scan
  fetch attempt 1/3 failed: 429 Client Error: Too Many Requests for url: https://api.twelvedata.com/time_series?symbol=XAU/USD&interval=5min&outputsize=1500&timezone=UTC&order=ASC&apikey=c31c0cdced904fa3a0773f41bad78449
  fetch attempt 2/3 failed: 429 Client Error: Too Many Requests for url: https://api.twelvedata.com/time_series?symbol=XAU/USD&interval=5min&outputsize=1500&timezone=UTC&order=ASC&apikey=c31c0cdced904fa3a0773f41bad78449
  fetch attempt 3/3 failed: 429 Client Error: Too Many Requests for url: https://api.twelvedata.com/time_series?symbol=XAU/USD&interval=5min&outputsize=1500&timezone=UTC&order=ASC&apikey=c31c0cdced904fa3a0773f41bad78449
TwelveData unavailable, falling back to tick feed: 429 Client Error: Too Many Requests for url: https://api.twelvedata.com/time_series?symbol=XAU/USD&interval=5min&outputsize=1500&timezone=UTC&order=ASC&apikey=c31c0cdced904fa3a0773f41bad78449
  feed returned 663 ticks
  data source: fallback
Outside trading session window (PKT). Skipping evaluation.
Sat Aug 29 23:50:32 UTC 2026: Scan finished OK, pinged healthcheck
Sat Aug 29 23:55:20 UTC 2026: Starting scan
  fetch attempt 1/3 failed: 429 Client Error: Too Many Requests for url: https://api.twelvedata.com/time_series?symbol=XAU/USD&interval=5min&outputsize=1500&timezone=UTC&order=ASC&apikey=c31c0cdced904fa3a0773f41bad78449
  fetch attempt 2/3 failed: 429 Client Error: Too Many Requests for url: https://api.twelvedata.com/time_series?symbol=XAU/USD&interval=5min&outputsize=1500&timezone=UTC&order=ASC&apikey=c31c0cdced904fa3a0773f41bad78449
  fetch attempt 3/3 failed: 429 Client Error: Too Many Requests for url: https://api.twelvedata.com/time_series?symbol=XAU/USD&interval=5min&outputsize=1500&timezone=UTC&order=ASC&apikey=c31c0cdced904fa3a0773f41bad78449
TwelveData unavailable, falling back to tick feed: 429 Client Error: Too Many Requests for url: https://api.twelvedata.com/time_series?symbol=XAU/USD&interval=5min&outputsize=1500&timezone=UTC&order=ASC&apikey=c31c0cdced904fa3a0773f41bad78449
  feed returned 661 ticks
  data source: fallback
Outside trading session window (PKT). Skipping evaluation.
Sat Aug 29 23:55:31 UTC 2026: Scan finished OK, pinged healthcheck
Sun Aug 30 00:00:20 UTC 2026: Starting scan
  TwelveData returned 1500 5m candles
  data source: twelvedata
  live quote: 4458.79
Outside trading session window (PKT). Skipping evaluation.
Sun Aug 30 00:00:29 UTC 2026: Scan finished OK, pinged healthcheck
Sun Aug 30 00:05:20 UTC 2026: Starting scan
  TwelveData returned 1500 5m candles
  data source: twelvedata
  live quote: 4458.79
Outside trading session window (PKT). Skipping evaluation.
Sun Aug 30 00:05:26 UTC 2026: Scan finished OK, pinged healthcheck
Sun Aug 30 00:10:20 UTC 2026: Starting scan
  TwelveData returned 1500 5m candles
  data source: twelvedata
  live quote: 4458.79
Outside trading session window (PKT). Skipping evaluation.
Sun Aug 30 00:10:26 UTC 2026: Scan finished OK, pinged healthcheck
Sun Aug 30 00:15:20 UTC 2026: Starting scan
  TwelveData returned 1500 5m candles
  data source: twelvedata
  live quote: 4458.79
Outside trading session window (PKT). Skipping evaluation.
Sun Aug 30 00:15:26 UTC 2026: Scan finished OK, pinged healthcheck
Sun Aug 30 00:20:20 UTC 2026: Starting scan
  TwelveData returned 1500 5m candles
  data source: twelvedata
  live quote: 4458.79
Outside trading session window (PKT). Skipping evaluation.
Sun Aug 30 00:20:26 UTC 2026: Scan finished OK, pinged healthcheck
Sun Aug 30 00:25:20 UTC 2026: Starting scan
  TwelveData returned 1500 5m candles
  data source: twelvedata
  live quote: 4458.79
Outside trading session window (PKT). Skipping evaluation.
Sun Aug 30 00:25:26 UTC 2026: Scan finished OK, pinged healthcheck
Sun Aug 30 00:30:20 UTC 2026: Starting scan
  TwelveData returned 1500 5m candles
  data source: twelvedata
  live quote: 4458.79
Outside trading session window (PKT). Skipping evaluation.
Sun Aug 30 00:30:26 UTC 2026: Scan finished OK, pinged healthcheck
Sun Aug 30 00:35:20 UTC 2026: Starting scan
  TwelveData returned 1500 5m candles
  data source: twelvedata
  live quote: 4458.79
Outside trading session window (PKT). Skipping evaluation.
Sun Aug 30 00:35:26 UTC 2026: Scan finished OK, pinged healthcheck
Sun Aug 30 00:40:20 UTC 2026: Starting scan
  TwelveData returned 1500 5m candles
  data source: twelvedata
  live quote: 4458.79
Outside trading session window (PKT). Skipping evaluation.
Sun Aug 30 00:40:26 UTC 2026: Scan finished OK, pinged healthcheck
Sun Aug 30 00:45:20 UTC 2026: Starting scan
  TwelveData returned 1500 5m candles
  data source: twelvedata
  live quote: 4458.79
Outside trading session window (PKT). Skipping evaluation.
Sun Aug 30 00:45:26 UTC 2026: Scan finished OK, pinged healthcheck
Sun Aug 30 00:50:20 UTC 2026: Starting scan
  TwelveData returned 1500 5m candles
  data source: twelvedata
  live quote: 4458.79
Outside trading session window (PKT). Skipping evaluation.
Sun Aug 30 00:50:26 UTC 2026: Scan finished OK, pinged healthcheck
Sun Aug 30 00:55:20 UTC 2026: Starting scan
  TwelveData returned 1500 5m candles
  data source: twelvedata
  live quote: 4458.79
Outside trading session window (PKT). Skipping evaluation.
Sun Aug 30 00:55:26 UTC 2026: Scan finished OK, pinged healthcheck
Sun Aug 30 01:00:20 UTC 2026: Starting scan
  TwelveData returned 1500 5m candles
  data source: twelvedata
  live quote: 4458.79
Outside trading session window (PKT). Skipping evaluation.
Sun Aug 30 01:00:27 UTC 2026: Scan finished OK, pinged healthcheck
Sun Aug 30 01:05:20 UTC 2026: Starting scan
  TwelveData returned 1500 5m candles
  data source: twelvedata
  live quote: 4458.79
Outside trading session window (PKT). Skipping evaluation.
Sun Aug 30 01:05:26 UTC 2026: Scan finished OK, pinged healthcheck
Sun Aug 30 01:10:20 UTC 2026: Starting scan
  TwelveData returned 1500 5m candles
  data source: twelvedata
  live quote: 4458.79
Outside trading session window (PKT). Skipping evaluation.
Sun Aug 30 01:10:26 UTC 2026: Scan finished OK, pinged healthcheck
Sun Aug 30 01:15:20 UTC 2026: Starting scan
  TwelveData returned 1500 5m candles
  data source: twelvedata
  live quote: 4458.79
Outside trading session window (PKT). Skipping evaluation.
Sun Aug 30 01:15:26 UTC 2026: Scan finished OK, pinged healthcheck
Sun Aug 30 01:20:20 UTC 2026: Starting scan
  TwelveData returned 1500 5m candles
  data source: twelvedata
  live quote: 4458.79
Outside trading session window (PKT). Skipping evaluation.
Sun Aug 30 01:20:26 UTC 2026: Scan finished OK, pinged healthcheck
Sun Aug 30 01:25:20 UTC 2026: Starting scan
  TwelveData returned 1500 5m candles
  data source: twelvedata
  live quote: 4458.79
Outside trading session window (PKT). Skipping evaluation.
Sun Aug 30 01:25:26 UTC 2026: Scan finished OK, pinged healthcheck
Sun Aug 30 01:30:20 UTC 2026: Starting scan
  TwelveData returned 1500 5m candles
  data source: twelvedata
  live quote: 4458.79
Outside trading session window (PKT). Skipping evaluation.
Sun Aug 30 01:30:26 UTC 2026: Scan finished OK, pinged healthcheck
Sun Aug 30 01:35:20 UTC 2026: Starting scan
  TwelveData returned 1500 5m candles
  data source: twelvedata
  live quote: 4458.79
Outside trading session window (PKT). Skipping evaluation.
Sun Aug 30 01:35:26 UTC 2026: Scan finished OK, pinged healthcheck
Sun Aug 30 01:40:20 UTC 2026: Starting scan
  TwelveData returned 1500 5m candles
  data source: twelvedata
  live quote: 4458.79
Outside trading session window (PKT). Skipping evaluation.
Sun Aug 30 01:40:27 UTC 2026: Scan finished OK, pinged healthcheck
Sun Aug 30 01:45:20 UTC 2026: Starting scan
  TwelveData returned 1500 5m candles
  data source: twelvedata
  live quote: 4458.79
Outside trading session window (PKT). Skipping evaluation.
Sun Aug 30 01:45:26 UTC 2026: Scan finished OK, pinged healthcheck
Sun Aug 30 01:50:20 UTC 2026: Starting scan
  TwelveData returned 1500 5m candles
  data source: twelvedata
  live quote: 4458.79
Outside trading session window (PKT). Skipping evaluation.
Sun Aug 30 01:50:26 UTC 2026: Scan finished OK, pinged healthcheck
Sun Aug 30 01:55:20 UTC 2026: Starting scan
  TwelveData returned 1500 5m candles
  data source: twelvedata
  live quote: 4458.79
Outside trading session window (PKT). Skipping evaluation.
Sun Aug 30 01:55:26 UTC 2026: Scan finished OK, pinged healthcheck
Sun Aug 30 02:00:20 UTC 2026: Starting scan
  TwelveData returned 1500 5m candles
  data source: twelvedata
  live quote: 4458.79
Evaluated state: NO_TRADE | spot: 4458.78588
No state change, no notification sent.
Sun Aug 30 02:00:27 UTC 2026: Scan finished OK, pinged healthcheck
Sun Aug 30 02:05:20 UTC 2026: Starting scan
  TwelveData returned 1500 5m candles
  data source: twelvedata
  live quote: 4458.79
Evaluated state: NO_TRADE | spot: 4458.78588
No state change, no notification sent.
Sun Aug 30 02:05:26 UTC 2026: Scan finished OK, pinged healthcheck
Sun Aug 30 02:10:20 UTC 2026: Starting scan
  TwelveData returned 1500 5m candles
  data source: twelvedata
  live quote: 4458.79
Evaluated state: NO_TRADE | spot: 4458.78588
No state change, no notification sent.
Sun Aug 30 02:10:27 UTC 2026: Scan finished OK, pinged healthcheck
Sun Aug 30 02:15:20 UTC 2026: Starting scan
  TwelveData returned 1500 5m candles
  data source: twelvedata
  live quote: 4458.79
Evaluated state: NO_TRADE | spot: 4458.78588
No state change, no notification sent.
Sun Aug 30 02:15:26 UTC 2026: Scan finished OK, pinged healthcheck
Sun Aug 30 02:20:20 UTC 2026: Starting scan
  TwelveData returned 1500 5m candles
  data source: twelvedata
  live quote: 4458.79
Evaluated state: NO_TRADE | spot: 4458.78588
No state change, no notification sent.
Sun Aug 30 02:20:26 UTC 2026: Scan finished OK, pinged healthcheck
Sun Aug 30 02:25:20 UTC 2026: Starting scan
  TwelveData returned 1500 5m candles
  data source: twelvedata
  live quote: 4458.79
Evaluated state: NO_TRADE | spot: 4458.78588
No state change, no notification sent.
Sun Aug 30 02:25:26 UTC 2026: Scan finished OK, pinged healthcheck
Sun Aug 30 02:30:20 UTC 2026: Starting scan
  TwelveData returned 1500 5m candles
  data source: twelvedata
  live quote: 4458.79
Evaluated state: NO_TRADE | spot: 4458.78588
No state change, no notification sent.
Sun Aug 30 02:30:26 UTC 2026: Scan finished OK, pinged healthcheck
Sun Aug 30 02:35:20 UTC 2026: Starting scan
  TwelveData returned 1500 5m candles
  data source: twelvedata
  live quote: 4458.79
Evaluated state: NO_TRADE | spot: 4458.78588
No state change, no notification sent.
Sun Aug 30 02:35:26 UTC 2026: Scan finished OK, pinged healthcheck
Sun Aug 30 02:40:20 UTC 2026: Starting scan
  TwelveData returned 1500 5m candles
  data source: twelvedata
  live quote: 4458.79
Evaluated state: NO_TRADE | spot: 4458.78588
No state change, no notification sent.
Sun Aug 30 02:40:26 UTC 2026: Scan finished OK, pinged healthcheck
Sun Aug 30 02:45:20 UTC 2026: Starting scan
  TwelveData returned 1500 5m candles
  data source: twelvedata
  live quote: 4458.79
Evaluated state: NO_TRADE | spot: 4458.78588
No state change, no notification sent.
Sun Aug 30 02:45:26 UTC 2026: Scan finished OK, pinged healthcheck
Sun Aug 30 02:50:20 UTC 2026: Starting scan
  TwelveData returned 1500 5m candles
  data source: twelvedata
  live quote: 4458.79
Evaluated state: NO_TRADE | spot: 4458.78588
No state change, no notification sent.
Sun Aug 30 02:50:26 UTC 2026: Scan finished OK, pinged healthcheck
Sun Aug 30 02:55:20 UTC 2026: Starting scan
  TwelveData returned 1500 5m candles
  data source: twelvedata
  live quote: 4458.79
Evaluated state: NO_TRADE | spot: 4458.78588
No state change, no notification sent.
Sun Aug 30 02:55:26 UTC 2026: Scan finished OK, pinged healthcheck
Sun Aug 30 03:00:20 UTC 2026: Starting scan
  TwelveData returned 1500 5m candles
  data source: twelvedata
  live quote: 4458.79
Evaluated state: NO_TRADE | spot: 4458.78588
No state change, no notification sent.
Sun Aug 30 03:00:27 UTC 2026: Scan finished OK, pinged healthcheck
Sun Aug 30 03:05:20 UTC 2026: Starting scan
  TwelveData returned 1500 5m candles
  data source: twelvedata
  live quote: 4458.79
Evaluated state: NO_TRADE | spot: 4458.78588
No state change, no notification sent.
Sun Aug 30 03:05:26 UTC 2026: Scan finished OK, pinged healthcheck
Sun Aug 30 03:10:20 UTC 2026: Starting scan
  TwelveData returned 1500 5m candles
  data source: twelvedata
  live quote: 4458.79
Evaluated state: NO_TRADE | spot: 4458.78588
No state change, no notification sent.
Sun Aug 30 03:10:26 UTC 2026: Scan finished OK, pinged healthcheck
Sun Aug 30 03:15:20 UTC 2026: Starting scan
  TwelveData returned 1500 5m candles
  data source: twelvedata
  live quote: 4458.79
Evaluated state: NO_TRADE | spot: 4458.78588
No state change, no notification sent.
Sun Aug 30 03:15:27 UTC 2026: Scan finished OK, pinged healthcheck
Sun Aug 30 03:20:20 UTC 2026: Starting scan
  TwelveData returned 1500 5m candles
  data source: twelvedata
  live quote: 4458.79
Evaluated state: NO_TRADE | spot: 4458.78588
No state change, no notification sent.
Sun Aug 30 03:20:26 UTC 2026: Scan finished OK, pinged healthcheck
Sun Aug 30 03:25:20 UTC 2026: Starting scan
  TwelveData returned 1500 5m candles
  data source: twelvedata
  live quote: 4458.79
Evaluated state: NO_TRADE | spot: 4458.78588
No state change, no notification sent.
Sun Aug 30 03:25:26 UTC 2026: Scan finished OK, pinged healthcheck
Sun Aug 30 03:30:20 UTC 2026: Starting scan
  TwelveData returned 1500 5m candles
  data source: twelvedata
  live quote: 4458.79
Evaluated state: NO_TRADE | spot: 4458.78588
No state change, no notification sent.
Sun Aug 30 03:30:26 UTC 2026: Scan finished OK, pinged healthcheck
Sun Aug 30 03:35:20 UTC 2026: Starting scan
  TwelveData returned 1500 5m candles
  data source: twelvedata
  live quote: 4458.79
Evaluated state: NO_TRADE | spot: 4458.78588
No state change, no notification sent.
Sun Aug 30 03:35:26 UTC 2026: Scan finished OK, pinged healthcheck
Sun Aug 30 03:40:20 UTC 2026: Starting scan
  TwelveData returned 1500 5m candles
  data source: twelvedata
  live quote: 4458.79
Evaluated state: NO_TRADE | spot: 4458.78588
No state change, no notification sent.
Sun Aug 30 03:40:26 UTC 2026: Scan finished OK, pinged healthcheck
Sun Aug 30 03:45:20 UTC 2026: Starting scan
  TwelveData returned 1500 5m candles
  data source: twelvedata
  live quote: 4458.79
Evaluated state: NO_TRADE | spot: 4458.78588
No state change, no notification sent.
Sun Aug 30 03:45:27 UTC 2026: Scan finished OK, pinged healthcheck
Sun Aug 30 03:50:20 UTC 2026: Starting scan
  TwelveData returned 1500 5m candles
  data source: twelvedata
  live quote: 4458.79
Evaluated state: NO_TRADE | spot: 4458.78588
No state change, no notification sent.
Sun Aug 30 03:50:26 UTC 2026: Scan finished OK, pinged healthcheck
Sun Aug 30 03:55:20 UTC 2026: Starting scan
  TwelveData returned 1500 5m candles
  data source: twelvedata
  live quote: 4458.79
Evaluated state: NO_TRADE | spot: 4458.78588
No state change, no notification sent.
Sun Aug 30 03:55:26 UTC 2026: Scan finished OK, pinged healthcheck
Sun Aug 30 04:00:20 UTC 2026: Starting scan
  TwelveData returned 1500 5m candles
  data source: twelvedata
  live quote: 4458.79
Evaluated state: NO_TRADE | spot: 4458.78588
No state change, no notification sent.
Sun Aug 30 04:00:28 UTC 2026: Scan finished OK, pinged healthcheck
Sun Aug 30 04:05:20 UTC 2026: Starting scan
  TwelveData returned 1500 5m candles
  data source: twelvedata
  live quote: 4458.79
Evaluated state: NO_TRADE | spot: 4458.78588
No state change, no notification sent.
Sun Aug 30 04:05:26 UTC 2026: Scan finished OK, pinged healthcheck
Sun Aug 30 04:10:20 UTC 2026: Starting scan
  TwelveData returned 1500 5m candles
  data source: twelvedata
  live quote: 4458.79
Evaluated state: NO_TRADE | spot: 4458.78588
No state change, no notification sent.
Sun Aug 30 04:10:26 UTC 2026: Scan finished OK, pinged healthcheck
Sun Aug 30 04:15:20 UTC 2026: Starting scan
  TwelveData returned 1500 5m candles
  data source: twelvedata
  live quote: 4458.79
Evaluated state: NO_TRADE | spot: 4458.78588
No state change, no notification sent.
Sun Aug 30 04:15:26 UTC 2026: Scan finished OK, pinged healthcheck
Sun Aug 30 04:20:20 UTC 2026: Starting scan
  TwelveData returned 1500 5m candles
  data source: twelvedata
  live quote: 4458.79
Evaluated state: NO_TRADE | spot: 4458.78588
No state change, no notification sent.
Sun Aug 30 04:20:27 UTC 2026: Scan finished OK, pinged healthcheck
Sun Aug 30 04:25:20 UTC 2026: Starting scan
  TwelveData returned 1500 5m candles
  data source: twelvedata
  live quote: 4458.79
Evaluated state: NO_TRADE | spot: 4458.78588
No state change, no notification sent.
Sun Aug 30 04:25:26 UTC 2026: Scan finished OK, pinged healthcheck
Sun Aug 30 04:30:20 UTC 2026: Starting scan
  TwelveData returned 1500 5m candles
  data source: twelvedata
  live quote: 4458.79
Evaluated state: NO_TRADE | spot: 4458.78588
No state change, no notification sent.
Sun Aug 30 04:30:26 UTC 2026: Scan finished OK, pinged healthcheck
Sun Aug 30 04:35:20 UTC 2026: Starting scan
  TwelveData returned 1500 5m candles
  data source: twelvedata
  live quote: 4458.79
Evaluated state: NO_TRADE | spot: 4458.78588
No state change, no notification sent.
Sun Aug 30 04:35:27 UTC 2026: Scan finished OK, pinged healthcheck
Sun Aug 30 04:40:20 UTC 2026: Starting scan
  TwelveData returned 1500 5m candles
  data source: twelvedata
  live quote: 4458.79
Evaluated state: NO_TRADE | spot: 4458.78588
No state change, no notification sent.
Sun Aug 30 04:40:26 UTC 2026: Scan finished OK, pinged healthcheck
Sun Aug 30 04:45:20 UTC 2026: Starting scan
  TwelveData returned 1500 5m candles
  data source: twelvedata
  live quote: 4458.79
Evaluated state: NO_TRADE | spot: 4458.78588
No state change, no notification sent.
Sun Aug 30 04:45:26 UTC 2026: Scan finished OK, pinged healthcheck
Sun Aug 30 04:50:20 UTC 2026: Starting scan
  TwelveData returned 1500 5m candles
  data source: twelvedata
  live quote: 4458.79
Evaluated state: NO_TRADE | spot: 4458.78588
No state change, no notification sent.
Sun Aug 30 04:50:26 UTC 2026: Scan finished OK, pinged healthcheck
Sun Aug 30 04:55:20 UTC 2026: Starting scan
  TwelveData returned 1500 5m candles
  data source: twelvedata
  live quote: 4458.79
Evaluated state: NO_TRADE | spot: 4458.78588
No state change, no notification sent.
Sun Aug 30 04:55:26 UTC 2026: Scan finished OK, pinged healthcheck
Sun Aug 30 05:00:20 UTC 2026: Starting scan
  TwelveData returned 1500 5m candles
  data source: twelvedata
  live quote: 4458.79
Evaluated state: NO_TRADE | spot: 4458.78588
No state change, no notification sent.
Sun Aug 30 05:00:27 UTC 2026: Scan finished OK, pinged healthcheck
Sun Aug 30 05:05:20 UTC 2026: Starting scan
  TwelveData returned 1500 5m candles
  data source: twelvedata
  live quote: 4458.79
Evaluated state: NO_TRADE | spot: 4458.78588
No state change, no notification sent.
Sun Aug 30 05:05:26 UTC 2026: Scan finished OK, pinged healthcheck
Sun Aug 30 05:10:20 UTC 2026: Starting scan
  TwelveData returned 1500 5m candles
  data source: twelvedata
  live quote: 4458.79
Evaluated state: NO_TRADE | spot: 4458.78588
No state change, no notification sent.
Sun Aug 30 05:10:26 UTC 2026: Scan finished OK, pinged healthcheck
Sun Aug 30 05:15:20 UTC 2026: Starting scan
  TwelveData returned 1500 5m candles
  data source: twelvedata
  live quote: 4458.79
Evaluated state: NO_TRADE | spot: 4458.78588
No state change, no notification sent.
Sun Aug 30 05:15:26 UTC 2026: Scan finished OK, pinged healthcheck
Sun Aug 30 05:20:20 UTC 2026: Starting scan
  TwelveData returned 1500 5m candles
  data source: twelvedata
  live quote: 4458.79
Evaluated state: NO_TRADE | spot: 4458.78588
No state change, no notification sent.
Sun Aug 30 05:20:27 UTC 2026: Scan finished OK, pinged healthcheck
Sun Aug 30 05:25:20 UTC 2026: Starting scan
  TwelveData returned 1500 5m candles
  data source: twelvedata
  live quote: 4458.79
Evaluated state: NO_TRADE | spot: 4458.78588
No state change, no notification sent.
Sun Aug 30 05:25:26 UTC 2026: Scan finished OK, pinged healthcheck
Sun Aug 30 05:30:20 UTC 2026: Starting scan
  TwelveData returned 1500 5m candles
  data source: twelvedata
  live quote: 4458.79
Evaluated state: NO_TRADE | spot: 4458.78588
No state change, no notification sent.
Sun Aug 30 05:30:26 UTC 2026: Scan finished OK, pinged healthcheck
Sun Aug 30 05:35:20 UTC 2026: Starting scan
  TwelveData returned 1500 5m candles
  data source: twelvedata
  live quote: 4458.79
Evaluated state: NO_TRADE | spot: 4458.78588
No state change, no notification sent.
Sun Aug 30 05:35:26 UTC 2026: Scan finished OK, pinged healthcheck
Sun Aug 30 05:40:20 UTC 2026: Starting scan
  TwelveData returned 1500 5m candles
  data source: twelvedata
  live quote: 4458.79
Evaluated state: NO_TRADE | spot: 4458.78588
No state change, no notification sent.
Sun Aug 30 05:40:27 UTC 2026: Scan finished OK, pinged healthcheck
Sun Aug 30 05:45:20 UTC 2026: Starting scan
  TwelveData returned 1500 5m candles
  data source: twelvedata
  live quote: 4458.79
Evaluated state: NO_TRADE | spot: 4458.78588
No state change, no notification sent.
Sun Aug 30 05:45:26 UTC 2026: Scan finished OK, pinged healthcheck
Sun Aug 30 05:50:20 UTC 2026: Starting scan
  TwelveData returned 1500 5m candles
  data source: twelvedata
  live quote: 4458.79
Expiring Pre-signal #26: still unresolved after 36h
  notified -> telegram:True discord:True
Evaluated state: NO_TRADE | spot: 4458.78588
No state change, no notification sent.
Sun Aug 30 05:50:28 UTC 2026: Scan finished OK, pinged healthcheck
Sun Aug 30 05:55:20 UTC 2026: Starting scan
  TwelveData returned 1500 5m candles
  data source: twelvedata
  live quote: 4458.79
Evaluated state: NO_TRADE | spot: 4458.78588
No state change, no notification sent.
Sun Aug 30 05:55:26 UTC 2026: Scan finished OK, pinged healthcheck
Sun Aug 30 06:00:20 UTC 2026: Starting scan
  TwelveData returned 1500 5m candles
  data source: twelvedata
  live quote: 4458.79
Evaluated state: NO_TRADE | spot: 4458.78588
No state change, no notification sent.
Sun Aug 30 06:00:26 UTC 2026: Scan finished OK, pinged healthcheck
Sun Aug 30 06:05:20 UTC 2026: Starting scan
  TwelveData returned 1500 5m candles
  data source: twelvedata
  live quote: 4458.79
Evaluated state: NO_TRADE | spot: 4458.78588
No state change, no notification sent.
Sun Aug 30 06:05:27 UTC 2026: Scan finished OK, pinged healthcheck
Sun Aug 30 06:10:20 UTC 2026: Starting scan
  TwelveData returned 1500 5m candles
  data source: twelvedata
  live quote: 4458.79
Evaluated state: NO_TRADE | spot: 4458.78588
No state change, no notification sent.
Sun Aug 30 06:10:26 UTC 2026: Scan finished OK, pinged healthcheck
Sun Aug 30 06:15:20 UTC 2026: Starting scan
  TwelveData returned 1500 5m candles
  data source: twelvedata
  live quote: 4458.79
Evaluated state: NO_TRADE | spot: 4458.78588
No state change, no notification sent.
Sun Aug 30 06:15:26 UTC 2026: Scan finished OK, pinged healthcheck
Sun Aug 30 06:20:20 UTC 2026: Starting scan
  TwelveData returned 1500 5m candles
  data source: twelvedata
  live quote: 4458.79
Evaluated state: NO_TRADE | spot: 4458.78588
No state change, no notification sent.
Sun Aug 30 06:20:27 UTC 2026: Scan finished OK, pinged healthcheck
Sun Aug 30 06:25:20 UTC 2026: Starting scan
  TwelveData returned 1500 5m candles
  data source: twelvedata
  live quote: 4458.79
Evaluated state: NO_TRADE | spot: 4458.78588
No state change, no notification sent.
Sun Aug 30 06:25:26 UTC 2026: Scan finished OK, pinged healthcheck
Sun Aug 30 06:30:20 UTC 2026: Starting scan
  TwelveData returned 1500 5m candles
  data source: twelvedata
  live quote: 4458.79
Evaluated state: NO_TRADE | spot: 4458.78588
No state change, no notification sent.
Sun Aug 30 06:30:26 UTC 2026: Scan finished OK, pinged healthcheck
Sun Aug 30 06:35:20 UTC 2026: Starting scan
  TwelveData returned 1500 5m candles
  data source: twelvedata
  live quote: 4458.79
Evaluated state: NO_TRADE | spot: 4458.78588
No state change, no notification sent.
Sun Aug 30 06:35:26 UTC 2026: Scan finished OK, pinged healthcheck
Sun Aug 30 06:40:20 UTC 2026: Starting scan
  TwelveData returned 1500 5m candles
  data source: twelvedata
  live quote: 4458.79
Evaluated state: NO_TRADE | spot: 4458.78588
No state change, no notification sent.
Sun Aug 30 06:40:27 UTC 2026: Scan finished OK, pinged healthcheck
Sun Aug 30 06:45:20 UTC 2026: Starting scan
  TwelveData returned 1500 5m candles
  data source: twelvedata
  live quote: 4458.79
Evaluated state: NO_TRADE | spot: 4458.78588
No state change, no notification sent.
Sun Aug 30 06:45:26 UTC 2026: Scan finished OK, pinged healthcheck
Sun Aug 30 06:50:20 UTC 2026: Starting scan
  TwelveData returned 1500 5m candles
  data source: twelvedata
  live quote: 4458.79
Evaluated state: NO_TRADE | spot: 4458.78588
No state change, no notification sent.
Sun Aug 30 06:50:26 UTC 2026: Scan finished OK, pinged healthcheck
Sun Aug 30 06:55:20 UTC 2026: Starting scan
  TwelveData returned 1500 5m candles
  data source: twelvedata
  live quote: 4458.79
Evaluated state: NO_TRADE | spot: 4458.78588
No state change, no notification sent.
Sun Aug 30 06:55:27 UTC 2026: Scan finished OK, pinged healthcheck
Sun Aug 30 07:00:20 UTC 2026: Starting scan
  TwelveData returned 1500 5m candles
  data source: twelvedata
  live quote: 4458.79
Evaluated state: NO_TRADE | spot: 4458.78588
No state change, no notification sent.
Sun Aug 30 07:00:27 UTC 2026: Scan finished OK, pinged healthcheck
Sun Aug 30 07:05:20 UTC 2026: Starting scan
  TwelveData returned 1500 5m candles
  data source: twelvedata
  live quote: 4458.79
Evaluated state: NO_TRADE | spot: 4458.78588
No state change, no notification sent.
Sun Aug 30 07:05:27 UTC 2026: Scan finished OK, pinged healthcheck
Sun Aug 30 07:10:20 UTC 2026: Starting scan
  TwelveData returned 1500 5m candles
  data source: twelvedata
  live quote: 4458.79
Evaluated state: NO_TRADE | spot: 4458.78588
No state change, no notification sent.
Sun Aug 30 07:10:26 UTC 2026: Scan finished OK, pinged healthcheck
Sun Aug 30 07:15:20 UTC 2026: Starting scan
  TwelveData returned 1500 5m candles
  data source: twelvedata
  live quote: 4458.79
Evaluated state: NO_TRADE | spot: 4458.78588
No state change, no notification sent.
Sun Aug 30 07:15:27 UTC 2026: Scan finished OK, pinged healthcheck
Sun Aug 30 07:20:20 UTC 2026: Starting scan
  TwelveData returned 1500 5m candles
  data source: twelvedata
  live quote: 4458.79
Evaluated state: NO_TRADE | spot: 4458.78588
No state change, no notification sent.
Sun Aug 30 07:20:26 UTC 2026: Scan finished OK, pinged healthcheck
Sun Aug 30 07:25:20 UTC 2026: Starting scan
  TwelveData returned 1500 5m candles
  data source: twelvedata
  live quote: 4458.79
Evaluated state: NO_TRADE | spot: 4458.78588
No state change, no notification sent.
Sun Aug 30 07:25:26 UTC 2026: Scan finished OK, pinged healthcheck
Sun Aug 30 07:30:20 UTC 2026: Starting scan
  TwelveData returned 1500 5m candles
  data source: twelvedata
  live quote: 4458.79
Evaluated state: NO_TRADE | spot: 4458.78588
No state change, no notification sent.
Sun Aug 30 07:30:26 UTC 2026: Scan finished OK, pinged healthcheck
Sun Aug 30 07:35:20 UTC 2026: Starting scan
  TwelveData returned 1500 5m candles
  data source: twelvedata
  live quote: 4458.79
Evaluated state: NO_TRADE | spot: 4458.78588
No state change, no notification sent.
Sun Aug 30 07:35:27 UTC 2026: Scan finished OK, pinged healthcheck
Sun Aug 30 07:40:20 UTC 2026: Starting scan
  TwelveData returned 1500 5m candles
  data source: twelvedata
  live quote: 4458.79
Evaluated state: NO_TRADE | spot: 4458.78588
No state change, no notification sent.
Sun Aug 30 07:40:26 UTC 2026: Scan finished OK, pinged healthcheck
Sun Aug 30 07:45:20 UTC 2026: Starting scan
  TwelveData returned 1500 5m candles
  data source: twelvedata
  live quote: 4458.79
Evaluated state: NO_TRADE | spot: 4458.78588
No state change, no notification sent.
Sun Aug 30 07:45:27 UTC 2026: Scan finished OK, pinged healthcheck
Sun Aug 30 07:50:20 UTC 2026: Starting scan
  TwelveData returned 1500 5m candles
  data source: twelvedata
  live quote: 4458.79
Evaluated state: NO_TRADE | spot: 4458.78588
No state change, no notification sent.
Sun Aug 30 07:50:26 UTC 2026: Scan finished OK, pinged healthcheck
Sun Aug 30 07:55:20 UTC 2026: Starting scan
  TwelveData returned 1500 5m candles
  data source: twelvedata
  live quote: 4458.79
Evaluated state: NO_TRADE | spot: 4458.78588
No state change, no notification sent.
Sun Aug 30 07:55:26 UTC 2026: Scan finished OK, pinged healthcheck
Sun Aug 30 08:00:20 UTC 2026: Starting scan
  TwelveData returned 1500 5m candles
  data source: twelvedata
  live quote: 4458.79
Evaluated state: NO_TRADE | spot: 4458.78588
No state change, no notification sent.
Sun Aug 30 08:00:27 UTC 2026: Scan finished OK, pinged healthcheck
Sun Aug 30 08:05:20 UTC 2026: Starting scan
  TwelveData returned 1500 5m candles
  data source: twelvedata
  live quote: 4458.79
Evaluated state: NO_TRADE | spot: 4458.78588
No state change, no notification sent.
Sun Aug 30 08:05:27 UTC 2026: Scan finished OK, pinged healthcheck
Sun Aug 30 08:10:20 UTC 2026: Starting scan
  TwelveData returned 1500 5m candles
  data source: twelvedata
  live quote: 4458.79
Evaluated state: NO_TRADE | spot: 4458.78588
No state change, no notification sent.
Sun Aug 30 08:10:26 UTC 2026: Scan finished OK, pinged healthcheck
Sun Aug 30 08:15:20 UTC 2026: Starting scan
  TwelveData returned 1500 5m candles
  data source: twelvedata
  live quote: 4458.79
Evaluated state: NO_TRADE | spot: 4458.78588
No state change, no notification sent.
Sun Aug 30 08:15:27 UTC 2026: Scan finished OK, pinged healthcheck
Sun Aug 30 08:20:20 UTC 2026: Starting scan
  TwelveData returned 1500 5m candles
  data source: twelvedata
  live quote: 4458.79
Evaluated state: NO_TRADE | spot: 4458.78588
No state change, no notification sent.
Sun Aug 30 08:20:26 UTC 2026: Scan finished OK, pinged healthcheck
Sun Aug 30 08:25:21 UTC 2026: Starting scan
  TwelveData returned 1500 5m candles
  data source: twelvedata
  live quote: 4458.79
Evaluated state: NO_TRADE | spot: 4458.78588
No state change, no notification sent.
Sun Aug 30 08:25:27 UTC 2026: Scan finished OK, pinged healthcheck
Sun Aug 30 08:30:20 UTC 2026: Starting scan
  TwelveData returned 1500 5m candles
  data source: twelvedata
  live quote: 4458.79
Evaluated state: NO_TRADE | spot: 4458.78588
No state change, no notification sent.
Sun Aug 30 08:30:26 UTC 2026: Scan finished OK, pinged healthcheck
Sun Aug 30 08:35:21 UTC 2026: Starting scan
  TwelveData returned 1500 5m candles
  data source: twelvedata
  live quote: 4458.79
Evaluated state: NO_TRADE | spot: 4458.78588
No state change, no notification sent.
Sun Aug 30 08:35:27 UTC 2026: Scan finished OK, pinged healthcheck
Sun Aug 30 08:40:20 UTC 2026: Starting scan
  TwelveData returned 1500 5m candles
  data source: twelvedata
  live quote: 4458.79
Evaluated state: NO_TRADE | spot: 4458.78588
No state change, no notification sent.
Sun Aug 30 08:40:26 UTC 2026: Scan finished OK, pinged healthcheck
Sun Aug 30 08:45:20 UTC 2026: Starting scan
  TwelveData returned 1500 5m candles
  data source: twelvedata
  live quote: 4458.79
Evaluated state: NO_TRADE | spot: 4458.78588
No state change, no notification sent.
Sun Aug 30 08:45:27 UTC 2026: Scan finished OK, pinged healthcheck
Sun Aug 30 08:50:20 UTC 2026: Starting scan
  TwelveData returned 1500 5m candles
  data source: twelvedata
  live quote: 4458.79
Evaluated state: NO_TRADE | spot: 4458.78588
No state change, no notification sent.
Sun Aug 30 08:50:26 UTC 2026: Scan finished OK, pinged healthcheck
Sun Aug 30 08:55:20 UTC 2026: Starting scan
  TwelveData returned 1500 5m candles
  data source: twelvedata
  live quote: 4458.79
Evaluated state: NO_TRADE | spot: 4458.78588
No state change, no notification sent.
Sun Aug 30 08:55:27 UTC 2026: Scan finished OK, pinged healthcheck
Sun Aug 30 09:00:20 UTC 2026: Starting scan
  TwelveData returned 1500 5m candles
  data source: twelvedata
  live quote: 4458.79
Evaluated state: NO_TRADE | spot: 4458.78588
No state change, no notification sent.
Sun Aug 30 09:00:27 UTC 2026: Scan finished OK, pinged healthcheck
Sun Aug 30 09:05:20 UTC 2026: Starting scan
  TwelveData returned 1500 5m candles
  data source: twelvedata
  live quote: 4458.79
Evaluated state: NO_TRADE | spot: 4458.78588
No state change, no notification sent.
Sun Aug 30 09:05:27 UTC 2026: Scan finished OK, pinged healthcheck
Sun Aug 30 09:10:20 UTC 2026: Starting scan
  TwelveData returned 1500 5m candles
  data source: twelvedata
  live quote: 4458.79
Evaluated state: NO_TRADE | spot: 4458.78588
No state change, no notification sent.
Sun Aug 30 09:10:26 UTC 2026: Scan finished OK, pinged healthcheck
Sun Aug 30 09:15:20 UTC 2026: Starting scan
  TwelveData returned 1500 5m candles
  data source: twelvedata
  live quote: 4458.79
Evaluated state: NO_TRADE | spot: 4458.78588
No state change, no notification sent.
Sun Aug 30 09:15:27 UTC 2026: Scan finished OK, pinged healthcheck
Sun Aug 30 09:20:20 UTC 2026: Starting scan
  TwelveData returned 1500 5m candles
  data source: twelvedata
  live quote: 4458.79
Evaluated state: NO_TRADE | spot: 4458.78588
No state change, no notification sent.
Sun Aug 30 09:20:27 UTC 2026: Scan finished OK, pinged healthcheck
Sun Aug 30 09:25:20 UTC 2026: Starting scan
  TwelveData returned 1500 5m candles
  data source: twelvedata
  live quote: 4458.79
Evaluated state: NO_TRADE | spot: 4458.78588
No state change, no notification sent.
Sun Aug 30 09:25:26 UTC 2026: Scan finished OK, pinged healthcheck
Sun Aug 30 09:30:20 UTC 2026: Starting scan
  TwelveData returned 1500 5m candles
  data source: twelvedata
  live quote: 4458.79
Evaluated state: NO_TRADE | spot: 4458.78588
No state change, no notification sent.
Sun Aug 30 09:30:27 UTC 2026: Scan finished OK, pinged healthcheck
Sun Aug 30 09:35:20 UTC 2026: Starting scan
  TwelveData returned 1500 5m candles
  data source: twelvedata
  live quote: 4458.79
Evaluated state: NO_TRADE | spot: 4458.78588
No state change, no notification sent.
Sun Aug 30 09:35:27 UTC 2026: Scan finished OK, pinged healthcheck
Sun Aug 30 09:40:20 UTC 2026: Starting scan
  TwelveData returned 1500 5m candles
  data source: twelvedata
  live quote: 4458.79
Evaluated state: NO_TRADE | spot: 4458.78588
No state change, no notification sent.
Sun Aug 30 09:40:27 UTC 2026: Scan finished OK, pinged healthcheck
Sun Aug 30 09:45:20 UTC 2026: Starting scan
  TwelveData returned 1500 5m candles
  data source: twelvedata
  live quote: 4458.79
Evaluated state: NO_TRADE | spot: 4458.78588
No state change, no notification sent.
Sun Aug 30 09:45:26 UTC 2026: Scan finished OK, pinged healthcheck
Sun Aug 30 09:50:20 UTC 2026: Starting scan
  TwelveData returned 1500 5m candles
  data source: twelvedata
  live quote: 4458.79
Evaluated state: NO_TRADE | spot: 4458.78588
No state change, no notification sent.
Sun Aug 30 09:50:27 UTC 2026: Scan finished OK, pinged healthcheck
Sun Aug 30 09:55:20 UTC 2026: Starting scan
  TwelveData returned 1500 5m candles
  data source: twelvedata
  live quote: 4458.79
Evaluated state: NO_TRADE | spot: 4458.78588
No state change, no notification sent.
Sun Aug 30 09:55:27 UTC 2026: Scan finished OK, pinged healthcheck
Sun Aug 30 10:00:20 UTC 2026: Starting scan
  TwelveData returned 1500 5m candles
  data source: twelvedata
  live quote: 4458.79
Evaluated state: NO_TRADE | spot: 4458.78588
No state change, no notification sent.
Sun Aug 30 10:00:27 UTC 2026: Scan finished OK, pinged healthcheck
Sun Aug 30 10:05:20 UTC 2026: Starting scan
  TwelveData returned 1500 5m candles
  data source: twelvedata
  live quote: 4458.79
Evaluated state: NO_TRADE | spot: 4458.78588
No state change, no notification sent.
Sun Aug 30 10:05:27 UTC 2026: Scan finished OK, pinged healthcheck
Sun Aug 30 10:10:20 UTC 2026: Starting scan
  TwelveData returned 1500 5m candles
  data source: twelvedata
  live quote: 4458.79
Evaluated state: NO_TRADE | spot: 4458.78588
No state change, no notification sent.
Sun Aug 30 10:10:27 UTC 2026: Scan finished OK, pinged healthcheck
Sun Aug 30 10:15:20 UTC 2026: Starting scan
  TwelveData returned 1500 5m candles
  data source: twelvedata
  live quote: 4458.79
Evaluated state: NO_TRADE | spot: 4458.78588
No state change, no notification sent.
Sun Aug 30 10:15:27 UTC 2026: Scan finished OK, pinged healthcheck
Sun Aug 30 10:20:20 UTC 2026: Starting scan
  TwelveData returned 1500 5m candles
  data source: twelvedata
  live quote: 4458.79
Evaluated state: NO_TRADE | spot: 4458.78588
No state change, no notification sent.
Sun Aug 30 10:20:27 UTC 2026: Scan finished OK, pinged healthcheck
Sun Aug 30 10:25:20 UTC 2026: Starting scan
  TwelveData returned 1500 5m candles
  data source: twelvedata
  live quote: 4458.79
Evaluated state: NO_TRADE | spot: 4458.78588
No state change, no notification sent.
Sun Aug 30 10:25:27 UTC 2026: Scan finished OK, pinged healthcheck
Sun Aug 30 10:30:20 UTC 2026: Starting scan
  TwelveData returned 1500 5m candles
  data source: twelvedata
  live quote: 4458.79
Evaluated state: NO_TRADE | spot: 4458.78588
No state change, no notification sent.
Sun Aug 30 10:30:28 UTC 2026: Scan finished OK, pinged healthcheck
Sun Aug 30 10:35:20 UTC 2026: Starting scan
  TwelveData returned 1500 5m candles
  data source: twelvedata
  live quote: 4458.79
Evaluated state: NO_TRADE | spot: 4458.78588
No state change, no notification sent.
Sun Aug 30 10:35:27 UTC 2026: Scan finished OK, pinged healthcheck
Sun Aug 30 10:40:20 UTC 2026: Starting scan
  TwelveData returned 1500 5m candles
  data source: twelvedata
  live quote: 4458.79
Evaluated state: NO_TRADE | spot: 4458.78588
No state change, no notification sent.
Sun Aug 30 10:40:27 UTC 2026: Scan finished OK, pinged healthcheck
Sun Aug 30 10:45:20 UTC 2026: Starting scan
  TwelveData returned 1500 5m candles
  data source: twelvedata
  live quote: 4458.79
Evaluated state: NO_TRADE | spot: 4458.78588
No state change, no notification sent.
Sun Aug 30 10:45:26 UTC 2026: Scan finished OK, pinged healthcheck
Sun Aug 30 10:50:20 UTC 2026: Starting scan
  TwelveData returned 1500 5m candles
  data source: twelvedata
  live quote: 4458.79
Evaluated state: NO_TRADE | spot: 4458.78588
No state change, no notification sent.
Sun Aug 30 10:50:27 UTC 2026: Scan finished OK, pinged healthcheck
Sun Aug 30 10:55:20 UTC 2026: Starting scan
  TwelveData returned 1500 5m candles
  data source: twelvedata
  live quote: 4458.79
Evaluated state: NO_TRADE | spot: 4458.78588
No state change, no notification sent.
Sun Aug 30 10:55:27 UTC 2026: Scan finished OK, pinged healthcheck
Sun Aug 30 11:00:20 UTC 2026: Starting scan
  TwelveData returned 1500 5m candles
  data source: twelvedata
  live quote: 4458.79
Evaluated state: NO_TRADE | spot: 4458.78588
No state change, no notification sent.
Sun Aug 30 11:00:28 UTC 2026: Scan finished OK, pinged healthcheck
Sun Aug 30 11:05:20 UTC 2026: Starting scan
  TwelveData returned 1500 5m candles
  data source: twelvedata
  live quote: 4458.79
Outside trading session window (PKT). Skipping evaluation.
Sun Aug 30 11:05:27 UTC 2026: Scan finished OK, pinged healthcheck
Sun Aug 30 11:10:20 UTC 2026: Starting scan
  TwelveData returned 1500 5m candles
  data source: twelvedata
  live quote: 4458.79
Outside trading session window (PKT). Skipping evaluation.
Sun Aug 30 11:10:27 UTC 2026: Scan finished OK, pinged healthcheck
Sun Aug 30 11:15:20 UTC 2026: Starting scan
  TwelveData returned 1500 5m candles
  data source: twelvedata
  live quote: 4458.79
Outside trading session window (PKT). Skipping evaluation.
Sun Aug 30 11:15:27 UTC 2026: Scan finished OK, pinged healthcheck
Sun Aug 30 11:20:20 UTC 2026: Starting scan
  TwelveData returned 1500 5m candles
  data source: twelvedata
  live quote: 4458.79
Outside trading session window (PKT). Skipping evaluation.
Sun Aug 30 11:20:26 UTC 2026: Scan finished OK, pinged healthcheck
Sun Aug 30 11:25:20 UTC 2026: Starting scan
  TwelveData returned 1500 5m candles
  data source: twelvedata
  live quote: 4458.79
Outside trading session window (PKT). Skipping evaluation.
Sun Aug 30 11:25:27 UTC 2026: Scan finished OK, pinged healthcheck
Sun Aug 30 11:30:20 UTC 2026: Starting scan
  TwelveData returned 1500 5m candles
  data source: twelvedata
  live quote: 4458.79
Outside trading session window (PKT). Skipping evaluation.
Sun Aug 30 11:30:27 UTC 2026: Scan finished OK, pinged healthcheck
Sun Aug 30 11:35:20 UTC 2026: Starting scan
  TwelveData returned 1500 5m candles
  data source: twelvedata
  live quote: 4458.79
Outside trading session window (PKT). Skipping evaluation.
Sun Aug 30 11:35:27 UTC 2026: Scan finished OK, pinged healthcheck
Sun Aug 30 11:40:20 UTC 2026: Starting scan
  TwelveData returned 1500 5m candles
  data source: twelvedata
  live quote: 4458.79
Outside trading session window (PKT). Skipping evaluation.
Sun Aug 30 11:40:27 UTC 2026: Scan finished OK, pinged healthcheck
Sun Aug 30 11:45:20 UTC 2026: Starting scan
  TwelveData returned 1500 5m candles
  data source: twelvedata
  live quote: 4458.79
Outside trading session window (PKT). Skipping evaluation.
Sun Aug 30 11:45:27 UTC 2026: Scan finished OK, pinged healthcheck
Sun Aug 30 11:50:20 UTC 2026: Starting scan
  TwelveData returned 1500 5m candles
  data source: twelvedata
  live quote: 4458.79
Outside trading session window (PKT). Skipping evaluation.
Sun Aug 30 11:50:27 UTC 2026: Scan finished OK, pinged healthcheck
Sun Aug 30 11:55:20 UTC 2026: Starting scan
  TwelveData returned 1500 5m candles
  data source: twelvedata
  live quote: 4458.79
Outside trading session window (PKT). Skipping evaluation.
Sun Aug 30 11:55:27 UTC 2026: Scan finished OK, pinged healthcheck
Sun Aug 30 12:00:20 UTC 2026: Starting scan
  TwelveData returned 1500 5m candles
  data source: twelvedata
  live quote: 4458.79
Outside trading session window (PKT). Skipping evaluation.
Sun Aug 30 12:00:28 UTC 2026: Scan finished OK, pinged healthcheck
Sun Aug 30 12:05:20 UTC 2026: Starting scan
  TwelveData returned 1500 5m candles
  data source: twelvedata
  live quote: 4458.79
Outside trading session window (PKT). Skipping evaluation.
Sun Aug 30 12:05:28 UTC 2026: Scan finished OK, pinged healthcheck
Sun Aug 30 12:10:20 UTC 2026: Starting scan
  TwelveData returned 1500 5m candles
  data source: twelvedata
  live quote: 4458.79
Outside trading session window (PKT). Skipping evaluation.
Sun Aug 30 12:10:27 UTC 2026: Scan finished OK, pinged healthcheck
Sun Aug 30 12:15:20 UTC 2026: Starting scan
  TwelveData returned 1500 5m candles
  data source: twelvedata
  live quote: 4458.79
Outside trading session window (PKT). Skipping evaluation.
Sun Aug 30 12:15:26 UTC 2026: Scan finished OK, pinged healthcheck
Sun Aug 30 12:20:20 UTC 2026: Starting scan
  TwelveData returned 1500 5m candles
  data source: twelvedata
  live quote: 4458.79
Outside trading session window (PKT). Skipping evaluation.
Sun Aug 30 12:20:28 UTC 2026: Scan finished OK, pinged healthcheck
Sun Aug 30 12:25:20 UTC 2026: Starting scan
  TwelveData returned 1500 5m candles
  data source: twelvedata
  live quote: 4458.79
Outside trading session window (PKT). Skipping evaluation.
Sun Aug 30 12:25:27 UTC 2026: Scan finished OK, pinged healthcheck
Sun Aug 30 12:30:20 UTC 2026: Starting scan
  TwelveData returned 1500 5m candles
  data source: twelvedata
  live quote: 4458.79
Outside trading session window (PKT). Skipping evaluation.
Sun Aug 30 12:30:27 UTC 2026: Scan finished OK, pinged healthcheck
Sun Aug 30 12:35:20 UTC 2026: Starting scan
  TwelveData returned 1500 5m candles
  data source: twelvedata
  live quote: 4458.79
Outside trading session window (PKT). Skipping evaluation.
Sun Aug 30 12:35:28 UTC 2026: Scan finished OK, pinged healthcheck
Sun Aug 30 12:40:20 UTC 2026: Starting scan
  TwelveData returned 1500 5m candles
  data source: twelvedata
  live quote: 4458.79
Outside trading session window (PKT). Skipping evaluation.
Sun Aug 30 12:40:27 UTC 2026: Scan finished OK, pinged healthcheck
Sun Aug 30 12:45:20 UTC 2026: Starting scan
  TwelveData returned 1500 5m candles
  data source: twelvedata
  live quote: 4458.79
Outside trading session window (PKT). Skipping evaluation.
Sun Aug 30 12:45:27 UTC 2026: Scan finished OK, pinged healthcheck
Sun Aug 30 12:50:20 UTC 2026: Starting scan
  TwelveData returned 1500 5m candles
  data source: twelvedata
  live quote: 4458.79
Outside trading session window (PKT). Skipping evaluation.
Sun Aug 30 12:50:27 UTC 2026: Scan finished OK, pinged healthcheck
Sun Aug 30 12:55:20 UTC 2026: Starting scan
  TwelveData returned 1500 5m candles
  data source: twelvedata
  live quote: 4458.79
Outside trading session window (PKT). Skipping evaluation.
Sun Aug 30 12:55:27 UTC 2026: Scan finished OK, pinged healthcheck
Sun Aug 30 13:00:20 UTC 2026: Starting scan
  TwelveData returned 1500 5m candles
  data source: twelvedata
  live quote: 4458.79
Outside trading session window (PKT). Skipping evaluation.
Sun Aug 30 13:00:28 UTC 2026: Scan finished OK, pinged healthcheck
Sun Aug 30 13:05:20 UTC 2026: Starting scan
  TwelveData returned 1500 5m candles
  data source: twelvedata
  live quote: 4458.79
Outside trading session window (PKT). Skipping evaluation.
Sun Aug 30 13:05:27 UTC 2026: Scan finished OK, pinged healthcheck
Sun Aug 30 13:10:20 UTC 2026: Starting scan
  TwelveData returned 1500 5m candles
  data source: twelvedata
  live quote: 4458.79
Outside trading session window (PKT). Skipping evaluation.
Sun Aug 30 13:10:27 UTC 2026: Scan finished OK, pinged healthcheck
Sun Aug 30 13:15:20 UTC 2026: Starting scan
  TwelveData returned 1500 5m candles
  data source: twelvedata
  live quote: 4458.79
Outside trading session window (PKT). Skipping evaluation.
Sun Aug 30 13:15:28 UTC 2026: Scan finished OK, pinged healthcheck
Sun Aug 30 13:20:20 UTC 2026: Starting scan
  TwelveData returned 1500 5m candles
  data source: twelvedata
  live quote: 4458.79
Outside trading session window (PKT). Skipping evaluation.
Sun Aug 30 13:20:27 UTC 2026: Scan finished OK, pinged healthcheck
Sun Aug 30 13:25:20 UTC 2026: Starting scan
  TwelveData returned 1500 5m candles
  data source: twelvedata
  live quote: 4458.79
Outside trading session window (PKT). Skipping evaluation.
Sun Aug 30 13:25:27 UTC 2026: Scan finished OK, pinged healthcheck
Sun Aug 30 13:30:20 UTC 2026: Starting scan
  TwelveData returned 1500 5m candles
  data source: twelvedata
  live quote: 4458.79
Outside trading session window (PKT). Skipping evaluation.
Sun Aug 30 13:30:27 UTC 2026: Scan finished OK, pinged healthcheck
Sun Aug 30 13:35:20 UTC 2026: Starting scan
  TwelveData returned 1500 5m candles
  data source: twelvedata
  live quote: 4458.79
Outside trading session window (PKT). Skipping evaluation.
Sun Aug 30 13:35:27 UTC 2026: Scan finished OK, pinged healthcheck
Sun Aug 30 13:40:20 UTC 2026: Starting scan
  TwelveData returned 1500 5m candles
  data source: twelvedata
  live quote: 4458.79
Outside trading session window (PKT). Skipping evaluation.
Sun Aug 30 13:40:27 UTC 2026: Scan finished OK, pinged healthcheck
Sun Aug 30 13:45:20 UTC 2026: Starting scan
  TwelveData returned 1500 5m candles
  data source: twelvedata
  live quote: 4458.79
Outside trading session window (PKT). Skipping evaluation.
Sun Aug 30 13:45:27 UTC 2026: Scan finished OK, pinged healthcheck
Sun Aug 30 13:50:20 UTC 2026: Starting scan
  TwelveData returned 1500 5m candles
  data source: twelvedata
  live quote: 4458.79
Outside trading session window (PKT). Skipping evaluation.
Sun Aug 30 13:50:27 UTC 2026: Scan finished OK, pinged healthcheck
Sun Aug 30 13:55:20 UTC 2026: Starting scan
  TwelveData returned 1500 5m candles
  data source: twelvedata
  live quote: 4458.79
Outside trading session window (PKT). Skipping evaluation.
Sun Aug 30 13:55:27 UTC 2026: Scan finished OK, pinged healthcheck
Sun Aug 30 14:00:20 UTC 2026: Starting scan
  TwelveData returned 1500 5m candles
  data source: twelvedata
  live quote: 4458.79
Outside trading session window (PKT). Skipping evaluation.
Sun Aug 30 14:00:28 UTC 2026: Scan finished OK, pinged healthcheck
Sun Aug 30 14:05:20 UTC 2026: Starting scan
  TwelveData returned 1500 5m candles
  data source: twelvedata
  live quote: 4458.79
Outside trading session window (PKT). Skipping evaluation.
Sun Aug 30 14:05:27 UTC 2026: Scan finished OK, pinged healthcheck
Sun Aug 30 14:10:20 UTC 2026: Starting scan
  TwelveData returned 1500 5m candles
  data source: twelvedata
  live quote: 4458.79
Outside trading session window (PKT). Skipping evaluation.
Sun Aug 30 14:10:28 UTC 2026: Scan finished OK, pinged healthcheck
Sun Aug 30 14:15:20 UTC 2026: Starting scan
  TwelveData returned 1500 5m candles
  data source: twelvedata
  live quote: 4458.79
Outside trading session window (PKT). Skipping evaluation.
Sun Aug 30 14:15:27 UTC 2026: Scan finished OK, pinged healthcheck
Sun Aug 30 14:20:20 UTC 2026: Starting scan
  TwelveData returned 1500 5m candles
  data source: twelvedata
  live quote: 4458.79
Outside trading session window (PKT). Skipping evaluation.
Sun Aug 30 14:20:27 UTC 2026: Scan finished OK, pinged healthcheck
Sun Aug 30 14:25:20 UTC 2026: Starting scan
  TwelveData returned 1500 5m candles
  data source: twelvedata
  live quote: 4458.79
Outside trading session window (PKT). Skipping evaluation.
Sun Aug 30 14:25:27 UTC 2026: Scan finished OK, pinged healthcheck
Sun Aug 30 14:30:20 UTC 2026: Starting scan
  TwelveData returned 1500 5m candles
  data source: twelvedata
  live quote: 4458.79
Outside trading session window (PKT). Skipping evaluation.
Sun Aug 30 14:30:28 UTC 2026: Scan finished OK, pinged healthcheck
Sun Aug 30 14:35:20 UTC 2026: Starting scan
  TwelveData returned 1500 5m candles
  data source: twelvedata
  live quote: 4458.79
Outside trading session window (PKT). Skipping evaluation.
Sun Aug 30 14:35:27 UTC 2026: Scan finished OK, pinged healthcheck
Sun Aug 30 14:40:20 UTC 2026: Starting scan
  TwelveData returned 1500 5m candles
  data source: twelvedata
  live quote: 4458.79
Outside trading session window (PKT). Skipping evaluation.
Sun Aug 30 14:40:27 UTC 2026: Scan finished OK, pinged healthcheck
Sun Aug 30 14:45:20 UTC 2026: Starting scan
  TwelveData returned 1500 5m candles
  data source: twelvedata
  live quote: 4458.79
Outside trading session window (PKT). Skipping evaluation.
Sun Aug 30 14:45:27 UTC 2026: Scan finished OK, pinged healthcheck
Sun Aug 30 14:50:20 UTC 2026: Starting scan
  TwelveData returned 1500 5m candles
  data source: twelvedata
  live quote: 4458.79
Outside trading session window (PKT). Skipping evaluation.
Sun Aug 30 14:50:28 UTC 2026: Scan finished OK, pinged healthcheck
Sun Aug 30 14:55:20 UTC 2026: Starting scan
  TwelveData returned 1500 5m candles
  data source: twelvedata
  live quote: 4458.79
Outside trading session window (PKT). Skipping evaluation.
Sun Aug 30 14:55:27 UTC 2026: Scan finished OK, pinged healthcheck
Sun Aug 30 15:00:20 UTC 2026: Starting scan
  TwelveData returned 1500 5m candles
  data source: twelvedata
  live quote: 4458.79
Evaluated state: NO_TRADE | spot: 4458.78588
No state change, no notification sent.
Sun Aug 30 15:00:29 UTC 2026: Scan finished OK, pinged healthcheck
Sun Aug 30 15:05:20 UTC 2026: Starting scan
  TwelveData returned 1500 5m candles
  data source: twelvedata
  live quote: 4458.79
Expiring Pre-signal #28: still unresolved after 36h
  notified -> telegram:True discord:True
Evaluated state: NO_TRADE | spot: 4458.78588
No state change, no notification sent.
Sun Aug 30 15:05:29 UTC 2026: Scan finished OK, pinged healthcheck
Sun Aug 30 15:10:20 UTC 2026: Starting scan
  TwelveData returned 1500 5m candles
  data source: twelvedata
  live quote: 4458.79
Evaluated state: NO_TRADE | spot: 4458.78588
No state change, no notification sent.
Sun Aug 30 15:10:27 UTC 2026: Scan finished OK, pinged healthcheck
Sun Aug 30 15:15:20 UTC 2026: Starting scan
  TwelveData returned 1500 5m candles
  data source: twelvedata
  live quote: 4458.79
Evaluated state: NO_TRADE | spot: 4458.78588
No state change, no notification sent.
Sun Aug 30 15:15:28 UTC 2026: Scan finished OK, pinged healthcheck
Sun Aug 30 15:20:20 UTC 2026: Starting scan
  TwelveData returned 1500 5m candles
  data source: twelvedata
  live quote: 4458.79
Evaluated state: NO_TRADE | spot: 4458.78588
No state change, no notification sent.
Sun Aug 30 15:20:27 UTC 2026: Scan finished OK, pinged healthcheck
Sun Aug 30 15:25:20 UTC 2026: Starting scan
  TwelveData returned 1500 5m candles
  data source: twelvedata
  live quote: 4458.79
Evaluated state: NO_TRADE | spot: 4458.78588
No state change, no notification sent.
Sun Aug 30 15:25:27 UTC 2026: Scan finished OK, pinged healthcheck
Sun Aug 30 15:30:20 UTC 2026: Starting scan
  TwelveData returned 1500 5m candles
  data source: twelvedata
  live quote: 4458.79
Evaluated state: NO_TRADE | spot: 4458.78588
No state change, no notification sent.
Sun Aug 30 15:30:28 UTC 2026: Scan finished OK, pinged healthcheck
Sun Aug 30 15:35:20 UTC 2026: Starting scan
  TwelveData returned 1500 5m candles
  data source: twelvedata
  live quote: 4458.79
Evaluated state: NO_TRADE | spot: 4458.78588
No state change, no notification sent.
Sun Aug 30 15:35:27 UTC 2026: Scan finished OK, pinged healthcheck
Sun Aug 30 15:40:20 UTC 2026: Starting scan
  TwelveData returned 1500 5m candles
  data source: twelvedata
  live quote: 4458.79
Evaluated state: NO_TRADE | spot: 4458.78588
No state change, no notification sent.
Sun Aug 30 15:40:28 UTC 2026: Scan finished OK, pinged healthcheck
Sun Aug 30 15:45:20 UTC 2026: Starting scan
  TwelveData returned 1500 5m candles
  data source: twelvedata
  live quote: 4458.79
Evaluated state: NO_TRADE | spot: 4458.78588
No state change, no notification sent.
Sun Aug 30 15:45:27 UTC 2026: Scan finished OK, pinged healthcheck
Sun Aug 30 15:50:20 UTC 2026: Starting scan
  TwelveData returned 1500 5m candles
  data source: twelvedata
  live quote: 4458.79
Evaluated state: NO_TRADE | spot: 4458.78588
No state change, no notification sent.
Sun Aug 30 15:50:28 UTC 2026: Scan finished OK, pinged healthcheck
Sun Aug 30 15:55:20 UTC 2026: Starting scan
  TwelveData returned 1500 5m candles
  data source: twelvedata
  live quote: 4458.79
Evaluated state: NO_TRADE | spot: 4458.78588
No state change, no notification sent.
Sun Aug 30 15:55:27 UTC 2026: Scan finished OK, pinged healthcheck
Sun Aug 30 16:00:20 UTC 2026: Starting scan
  TwelveData returned 1500 5m candles
  data source: twelvedata
  live quote: 4458.79
Evaluated state: NO_TRADE | spot: 4458.78588
No state change, no notification sent.
Sun Aug 30 16:00:28 UTC 2026: Scan finished OK, pinged healthcheck
Sun Aug 30 16:05:20 UTC 2026: Starting scan
  TwelveData returned 1500 5m candles
  data source: twelvedata
  live quote: 4458.79
Evaluated state: NO_TRADE | spot: 4458.78588
No state change, no notification sent.
Sun Aug 30 16:05:27 UTC 2026: Scan finished OK, pinged healthcheck
Sun Aug 30 16:10:20 UTC 2026: Starting scan
  TwelveData returned 1500 5m candles
  data source: twelvedata
  live quote: 4458.79
Evaluated state: NO_TRADE | spot: 4458.78588
No state change, no notification sent.
Sun Aug 30 16:10:28 UTC 2026: Scan finished OK, pinged healthcheck
Sun Aug 30 16:15:20 UTC 2026: Starting scan
  TwelveData returned 1500 5m candles
  data source: twelvedata
  live quote: 4458.79
Evaluated state: NO_TRADE | spot: 4458.78588
No state change, no notification sent.
Sun Aug 30 16:15:27 UTC 2026: Scan finished OK, pinged healthcheck
Sun Aug 30 16:20:20 UTC 2026: Starting scan
  TwelveData returned 1500 5m candles
  data source: twelvedata
  live quote: 4458.79
Evaluated state: NO_TRADE | spot: 4458.78588
No state change, no notification sent.
Sun Aug 30 16:20:28 UTC 2026: Scan finished OK, pinged healthcheck
Sun Aug 30 16:25:20 UTC 2026: Starting scan
  TwelveData returned 1500 5m candles
  data source: twelvedata
  live quote: 4458.79
Evaluated state: NO_TRADE | spot: 4458.78588
No state change, no notification sent.
Sun Aug 30 16:25:27 UTC 2026: Scan finished OK, pinged healthcheck
Sun Aug 30 16:30:20 UTC 2026: Starting scan
  TwelveData returned 1500 5m candles
  data source: twelvedata
  live quote: 4458.79
Evaluated state: NO_TRADE | spot: 4458.78588
No state change, no notification sent.
Sun Aug 30 16:30:28 UTC 2026: Scan finished OK, pinged healthcheck
Sun Aug 30 16:35:20 UTC 2026: Starting scan
  TwelveData returned 1500 5m candles
  data source: twelvedata
  live quote: 4458.79
Evaluated state: NO_TRADE | spot: 4458.78588
No state change, no notification sent.
Sun Aug 30 16:35:27 UTC 2026: Scan finished OK, pinged healthcheck
Sun Aug 30 16:40:20 UTC 2026: Starting scan
  fetch attempt 1/3 failed: 429 Client Error: Too Many Requests for url: https://api.twelvedata.com/time_series?symbol=XAU/USD&interval=5min&outputsize=1500&timezone=UTC&order=ASC&apikey=c31c0cdced904fa3a0773f41bad78449
  fetch attempt 2/3 failed: 429 Client Error: Too Many Requests for url: https://api.twelvedata.com/time_series?symbol=XAU/USD&interval=5min&outputsize=1500&timezone=UTC&order=ASC&apikey=c31c0cdced904fa3a0773f41bad78449
  fetch attempt 3/3 failed: 429 Client Error: Too Many Requests for url: https://api.twelvedata.com/time_series?symbol=XAU/USD&interval=5min&outputsize=1500&timezone=UTC&order=ASC&apikey=c31c0cdced904fa3a0773f41bad78449
TwelveData unavailable, falling back to tick feed: 429 Client Error: Too Many Requests for url: https://api.twelvedata.com/time_series?symbol=XAU/USD&interval=5min&outputsize=1500&timezone=UTC&order=ASC&apikey=c31c0cdced904fa3a0773f41bad78449
  feed returned 160 ticks
  data source: fallback
Data warnings: feed looks stale — newest candle is 2565 min old; only 64 5m candles available — indicators may be unreliable
Evaluated state: WARMING_UP | spot: 4456.399902
Still warming up, not enough candle history yet.
Sun Aug 30 16:40:31 UTC 2026: Scan finished OK, pinged healthcheck
Sun Aug 30 16:45:20 UTC 2026: Starting scan
  fetch attempt 1/3 failed: 429 Client Error: Too Many Requests for url: https://api.twelvedata.com/time_series?symbol=XAU/USD&interval=5min&outputsize=1500&timezone=UTC&order=ASC&apikey=c31c0cdced904fa3a0773f41bad78449
  fetch attempt 2/3 failed: 429 Client Error: Too Many Requests for url: https://api.twelvedata.com/time_series?symbol=XAU/USD&interval=5min&outputsize=1500&timezone=UTC&order=ASC&apikey=c31c0cdced904fa3a0773f41bad78449
  fetch attempt 3/3 failed: 429 Client Error: Too Many Requests for url: https://api.twelvedata.com/time_series?symbol=XAU/USD&interval=5min&outputsize=1500&timezone=UTC&order=ASC&apikey=c31c0cdced904fa3a0773f41bad78449
TwelveData unavailable, falling back to tick feed: 429 Client Error: Too Many Requests for url: https://api.twelvedata.com/time_series?symbol=XAU/USD&interval=5min&outputsize=1500&timezone=UTC&order=ASC&apikey=c31c0cdced904fa3a0773f41bad78449
  feed returned 158 ticks
  data source: fallback
Data warnings: feed looks stale — newest candle is 2570 min old; only 64 5m candles available — indicators may be unreliable
Evaluated state: WARMING_UP | spot: 4456.399902
Still warming up, not enough candle history yet.
Sun Aug 30 16:45:30 UTC 2026: Scan finished OK, pinged healthcheck
Sun Aug 30 16:50:20 UTC 2026: Starting scan
  fetch attempt 1/3 failed: 429 Client Error: Too Many Requests for url: https://api.twelvedata.com/time_series?symbol=XAU/USD&interval=5min&outputsize=1500&timezone=UTC&order=ASC&apikey=c31c0cdced904fa3a0773f41bad78449
  fetch attempt 2/3 failed: 429 Client Error: Too Many Requests for url: https://api.twelvedata.com/time_series?symbol=XAU/USD&interval=5min&outputsize=1500&timezone=UTC&order=ASC&apikey=c31c0cdced904fa3a0773f41bad78449
  fetch attempt 3/3 failed: 429 Client Error: Too Many Requests for url: https://api.twelvedata.com/time_series?symbol=XAU/USD&interval=5min&outputsize=1500&timezone=UTC&order=ASC&apikey=c31c0cdced904fa3a0773f41bad78449
TwelveData unavailable, falling back to tick feed: 429 Client Error: Too Many Requests for url: https://api.twelvedata.com/time_series?symbol=XAU/USD&interval=5min&outputsize=1500&timezone=UTC&order=ASC&apikey=c31c0cdced904fa3a0773f41bad78449
  feed returned 155 ticks
  data source: fallback
Data warnings: feed looks stale — newest candle is 2575 min old; only 62 5m candles available — indicators may be unreliable
Evaluated state: WARMING_UP | spot: 4456.399902
Still warming up, not enough candle history yet.
Sun Aug 30 16:50:31 UTC 2026: Scan finished OK, pinged healthcheck
Sun Aug 30 16:55:20 UTC 2026: Starting scan
  fetch attempt 1/3 failed: 429 Client Error: Too Many Requests for url: https://api.twelvedata.com/time_series?symbol=XAU/USD&interval=5min&outputsize=1500&timezone=UTC&order=ASC&apikey=c31c0cdced904fa3a0773f41bad78449
  fetch attempt 2/3 failed: 429 Client Error: Too Many Requests for url: https://api.twelvedata.com/time_series?symbol=XAU/USD&interval=5min&outputsize=1500&timezone=UTC&order=ASC&apikey=c31c0cdced904fa3a0773f41bad78449
  fetch attempt 3/3 failed: 429 Client Error: Too Many Requests for url: https://api.twelvedata.com/time_series?symbol=XAU/USD&interval=5min&outputsize=1500&timezone=UTC&order=ASC&apikey=c31c0cdced904fa3a0773f41bad78449
TwelveData unavailable, falling back to tick feed: 429 Client Error: Too Many Requests for url: https://api.twelvedata.com/time_series?symbol=XAU/USD&interval=5min&outputsize=1500&timezone=UTC&order=ASC&apikey=c31c0cdced904fa3a0773f41bad78449
  feed returned 153 ticks
  data source: fallback
Data warnings: feed looks stale — newest candle is 2580 min old; only 62 5m candles available — indicators may be unreliable
Evaluated state: WARMING_UP | spot: 4456.399902
Still warming up, not enough candle history yet.
Sun Aug 30 16:55:31 UTC 2026: Scan finished OK, pinged healthcheck
Sun Aug 30 17:00:20 UTC 2026: Starting scan
  fetch attempt 1/3 failed: 429 Client Error: Too Many Requests for url: https://api.twelvedata.com/time_series?symbol=XAU/USD&interval=5min&outputsize=1500&timezone=UTC&order=ASC&apikey=c31c0cdced904fa3a0773f41bad78449
  fetch attempt 2/3 failed: 429 Client Error: Too Many Requests for url: https://api.twelvedata.com/time_series?symbol=XAU/USD&interval=5min&outputsize=1500&timezone=UTC&order=ASC&apikey=c31c0cdced904fa3a0773f41bad78449
  fetch attempt 3/3 failed: 429 Client Error: Too Many Requests for url: https://api.twelvedata.com/time_series?symbol=XAU/USD&interval=5min&outputsize=1500&timezone=UTC&order=ASC&apikey=c31c0cdced904fa3a0773f41bad78449
TwelveData unavailable, falling back to tick feed: 429 Client Error: Too Many Requests for url: https://api.twelvedata.com/time_series?symbol=XAU/USD&interval=5min&outputsize=1500&timezone=UTC&order=ASC&apikey=c31c0cdced904fa3a0773f41bad78449
  feed returned 150 ticks
  data source: fallback
Data warnings: feed looks stale — newest candle is 2585 min old; only 60 5m candles available — indicators may be unreliable
Evaluated state: WARMING_UP | spot: 4456.399902
Still warming up, not enough candle history yet.
Sun Aug 30 17:00:32 UTC 2026: Scan finished OK, pinged healthcheck
Sun Aug 30 17:05:20 UTC 2026: Starting scan
  fetch attempt 1/3 failed: 429 Client Error: Too Many Requests for url: https://api.twelvedata.com/time_series?symbol=XAU/USD&interval=5min&outputsize=1500&timezone=UTC&order=ASC&apikey=c31c0cdced904fa3a0773f41bad78449
  fetch attempt 2/3 failed: 429 Client Error: Too Many Requests for url: https://api.twelvedata.com/time_series?symbol=XAU/USD&interval=5min&outputsize=1500&timezone=UTC&order=ASC&apikey=c31c0cdced904fa3a0773f41bad78449
  fetch attempt 3/3 failed: 429 Client Error: Too Many Requests for url: https://api.twelvedata.com/time_series?symbol=XAU/USD&interval=5min&outputsize=1500&timezone=UTC&order=ASC&apikey=c31c0cdced904fa3a0773f41bad78449
TwelveData unavailable, falling back to tick feed: 429 Client Error: Too Many Requests for url: https://api.twelvedata.com/time_series?symbol=XAU/USD&interval=5min&outputsize=1500&timezone=UTC&order=ASC&apikey=c31c0cdced904fa3a0773f41bad78449
  feed returned 147 ticks
  data source: fallback
Data warnings: feed looks stale — newest candle is 2590 min old; only 59 5m candles available — indicators may be unreliable
Evaluated state: WARMING_UP | spot: 4456.399902
Still warming up, not enough candle history yet.
Sun Aug 30 17:05:30 UTC 2026: Scan finished OK, pinged healthcheck
Sun Aug 30 17:10:20 UTC 2026: Starting scan
  fetch attempt 1/3 failed: 429 Client Error: Too Many Requests for url: https://api.twelvedata.com/time_series?symbol=XAU/USD&interval=5min&outputsize=1500&timezone=UTC&order=ASC&apikey=c31c0cdced904fa3a0773f41bad78449
  fetch attempt 2/3 failed: 429 Client Error: Too Many Requests for url: https://api.twelvedata.com/time_series?symbol=XAU/USD&interval=5min&outputsize=1500&timezone=UTC&order=ASC&apikey=c31c0cdced904fa3a0773f41bad78449
  fetch attempt 3/3 failed: 429 Client Error: Too Many Requests for url: https://api.twelvedata.com/time_series?symbol=XAU/USD&interval=5min&outputsize=1500&timezone=UTC&order=ASC&apikey=c31c0cdced904fa3a0773f41bad78449
TwelveData unavailable, falling back to tick feed: 429 Client Error: Too Many Requests for url: https://api.twelvedata.com/time_series?symbol=XAU/USD&interval=5min&outputsize=1500&timezone=UTC&order=ASC&apikey=c31c0cdced904fa3a0773f41bad78449
  feed returned 144 ticks
  data source: fallback
Data warnings: feed looks stale — newest candle is 2595 min old; only 58 5m candles available — indicators may be unreliable
Evaluated state: WARMING_UP | spot: 4456.399902
Still warming up, not enough candle history yet.
Sun Aug 30 17:10:31 UTC 2026: Scan finished OK, pinged healthcheck
Sun Aug 30 17:15:20 UTC 2026: Starting scan
  fetch attempt 1/3 failed: 429 Client Error: Too Many Requests for url: https://api.twelvedata.com/time_series?symbol=XAU/USD&interval=5min&outputsize=1500&timezone=UTC&order=ASC&apikey=c31c0cdced904fa3a0773f41bad78449
  fetch attempt 2/3 failed: 429 Client Error: Too Many Requests for url: https://api.twelvedata.com/time_series?symbol=XAU/USD&interval=5min&outputsize=1500&timezone=UTC&order=ASC&apikey=c31c0cdced904fa3a0773f41bad78449
  fetch attempt 3/3 failed: 429 Client Error: Too Many Requests for url: https://api.twelvedata.com/time_series?symbol=XAU/USD&interval=5min&outputsize=1500&timezone=UTC&order=ASC&apikey=c31c0cdced904fa3a0773f41bad78449
TwelveData unavailable, falling back to tick feed: 429 Client Error: Too Many Requests for url: https://api.twelvedata.com/time_series?symbol=XAU/USD&interval=5min&outputsize=1500&timezone=UTC&order=ASC&apikey=c31c0cdced904fa3a0773f41bad78449
  feed returned 142 ticks
  data source: fallback
Data warnings: feed looks stale — newest candle is 2600 min old; only 57 5m candles available — indicators may be unreliable
Evaluated state: WARMING_UP | spot: 4456.399902
Still warming up, not enough candle history yet.
Sun Aug 30 17:15:31 UTC 2026: Scan finished OK, pinged healthcheck
Sun Aug 30 17:20:20 UTC 2026: Starting scan
  fetch attempt 1/3 failed: 429 Client Error: Too Many Requests for url: https://api.twelvedata.com/time_series?symbol=XAU/USD&interval=5min&outputsize=1500&timezone=UTC&order=ASC&apikey=c31c0cdced904fa3a0773f41bad78449
  fetch attempt 2/3 failed: 429 Client Error: Too Many Requests for url: https://api.twelvedata.com/time_series?symbol=XAU/USD&interval=5min&outputsize=1500&timezone=UTC&order=ASC&apikey=c31c0cdced904fa3a0773f41bad78449
  fetch attempt 3/3 failed: 429 Client Error: Too Many Requests for url: https://api.twelvedata.com/time_series?symbol=XAU/USD&interval=5min&outputsize=1500&timezone=UTC&order=ASC&apikey=c31c0cdced904fa3a0773f41bad78449
TwelveData unavailable, falling back to tick feed: 429 Client Error: Too Many Requests for url: https://api.twelvedata.com/time_series?symbol=XAU/USD&interval=5min&outputsize=1500&timezone=UTC&order=ASC&apikey=c31c0cdced904fa3a0773f41bad78449
  feed returned 139 ticks
  data source: fallback
Data warnings: feed looks stale — newest candle is 2605 min old; only 56 5m candles available — indicators may be unreliable
Evaluated state: WARMING_UP | spot: 4456.399902
Still warming up, not enough candle history yet.
Sun Aug 30 17:20:31 UTC 2026: Scan finished OK, pinged healthcheck
Sun Aug 30 17:25:20 UTC 2026: Starting scan
  fetch attempt 1/3 failed: 429 Client Error: Too Many Requests for url: https://api.twelvedata.com/time_series?symbol=XAU/USD&interval=5min&outputsize=1500&timezone=UTC&order=ASC&apikey=c31c0cdced904fa3a0773f41bad78449
  fetch attempt 2/3 failed: 429 Client Error: Too Many Requests for url: https://api.twelvedata.com/time_series?symbol=XAU/USD&interval=5min&outputsize=1500&timezone=UTC&order=ASC&apikey=c31c0cdced904fa3a0773f41bad78449
  fetch attempt 3/3 failed: 429 Client Error: Too Many Requests for url: https://api.twelvedata.com/time_series?symbol=XAU/USD&interval=5min&outputsize=1500&timezone=UTC&order=ASC&apikey=c31c0cdced904fa3a0773f41bad78449
TwelveData unavailable, falling back to tick feed: 429 Client Error: Too Many Requests for url: https://api.twelvedata.com/time_series?symbol=XAU/USD&interval=5min&outputsize=1500&timezone=UTC&order=ASC&apikey=c31c0cdced904fa3a0773f41bad78449
  feed returned 137 ticks
  data source: fallback
Data warnings: feed looks stale — newest candle is 2610 min old; only 55 5m candles available — indicators may be unreliable
Evaluated state: WARMING_UP | spot: 4456.399902
Still warming up, not enough candle history yet.
Sun Aug 30 17:25:30 UTC 2026: Scan finished OK, pinged healthcheck
Sun Aug 30 17:30:20 UTC 2026: Starting scan
  fetch attempt 1/3 failed: 429 Client Error: Too Many Requests for url: https://api.twelvedata.com/time_series?symbol=XAU/USD&interval=5min&outputsize=1500&timezone=UTC&order=ASC&apikey=c31c0cdced904fa3a0773f41bad78449
  fetch attempt 2/3 failed: 429 Client Error: Too Many Requests for url: https://api.twelvedata.com/time_series?symbol=XAU/USD&interval=5min&outputsize=1500&timezone=UTC&order=ASC&apikey=c31c0cdced904fa3a0773f41bad78449
  fetch attempt 3/3 failed: 429 Client Error: Too Many Requests for url: https://api.twelvedata.com/time_series?symbol=XAU/USD&interval=5min&outputsize=1500&timezone=UTC&order=ASC&apikey=c31c0cdced904fa3a0773f41bad78449
TwelveData unavailable, falling back to tick feed: 429 Client Error: Too Many Requests for url: https://api.twelvedata.com/time_series?symbol=XAU/USD&interval=5min&outputsize=1500&timezone=UTC&order=ASC&apikey=c31c0cdced904fa3a0773f41bad78449
  feed returned 134 ticks
  data source: fallback
Data warnings: feed looks stale — newest candle is 2615 min old; only 54 5m candles available — indicators may be unreliable
Evaluated state: WARMING_UP | spot: 4456.399902
Still warming up, not enough candle history yet.
Sun Aug 30 17:30:37 UTC 2026: Scan finished OK, pinged healthcheck
Sun Aug 30 17:35:20 UTC 2026: Starting scan
  fetch attempt 1/3 failed: 429 Client Error: Too Many Requests for url: https://api.twelvedata.com/time_series?symbol=XAU/USD&interval=5min&outputsize=1500&timezone=UTC&order=ASC&apikey=c31c0cdced904fa3a0773f41bad78449
  fetch attempt 2/3 failed: 429 Client Error: Too Many Requests for url: https://api.twelvedata.com/time_series?symbol=XAU/USD&interval=5min&outputsize=1500&timezone=UTC&order=ASC&apikey=c31c0cdced904fa3a0773f41bad78449
  fetch attempt 3/3 failed: 429 Client Error: Too Many Requests for url: https://api.twelvedata.com/time_series?symbol=XAU/USD&interval=5min&outputsize=1500&timezone=UTC&order=ASC&apikey=c31c0cdced904fa3a0773f41bad78449
TwelveData unavailable, falling back to tick feed: 429 Client Error: Too Many Requests for url: https://api.twelvedata.com/time_series?symbol=XAU/USD&interval=5min&outputsize=1500&timezone=UTC&order=ASC&apikey=c31c0cdced904fa3a0773f41bad78449
  feed returned 132 ticks
  data source: fallback
Data warnings: feed looks stale — newest candle is 2620 min old; only 53 5m candles available — indicators may be unreliable
Evaluated state: WARMING_UP | spot: 4456.399902
Still warming up, not enough candle history yet.
Sun Aug 30 17:35:31 UTC 2026: Scan finished OK, pinged healthcheck
Sun Aug 30 17:40:20 UTC 2026: Starting scan
  fetch attempt 1/3 failed: 429 Client Error: Too Many Requests for url: https://api.twelvedata.com/time_series?symbol=XAU/USD&interval=5min&outputsize=1500&timezone=UTC&order=ASC&apikey=c31c0cdced904fa3a0773f41bad78449
  fetch attempt 2/3 failed: 429 Client Error: Too Many Requests for url: https://api.twelvedata.com/time_series?symbol=XAU/USD&interval=5min&outputsize=1500&timezone=UTC&order=ASC&apikey=c31c0cdced904fa3a0773f41bad78449
  fetch attempt 3/3 failed: 429 Client Error: Too Many Requests for url: https://api.twelvedata.com/time_series?symbol=XAU/USD&interval=5min&outputsize=1500&timezone=UTC&order=ASC&apikey=c31c0cdced904fa3a0773f41bad78449
TwelveData unavailable, falling back to tick feed: 429 Client Error: Too Many Requests for url: https://api.twelvedata.com/time_series?symbol=XAU/USD&interval=5min&outputsize=1500&timezone=UTC&order=ASC&apikey=c31c0cdced904fa3a0773f41bad78449
  feed returned 129 ticks
  data source: fallback
Data warnings: feed looks stale — newest candle is 2625 min old; only 52 5m candles available — indicators may be unreliable
Evaluated state: WARMING_UP | spot: 4456.399902
Still warming up, not enough candle history yet.
Sun Aug 30 17:40:30 UTC 2026: Scan finished OK, pinged healthcheck
Sun Aug 30 17:45:20 UTC 2026: Starting scan
  fetch attempt 1/3 failed: 429 Client Error: Too Many Requests for url: https://api.twelvedata.com/time_series?symbol=XAU/USD&interval=5min&outputsize=1500&timezone=UTC&order=ASC&apikey=c31c0cdced904fa3a0773f41bad78449
  fetch attempt 2/3 failed: 429 Client Error: Too Many Requests for url: https://api.twelvedata.com/time_series?symbol=XAU/USD&interval=5min&outputsize=1500&timezone=UTC&order=ASC&apikey=c31c0cdced904fa3a0773f41bad78449
  fetch attempt 3/3 failed: 429 Client Error: Too Many Requests for url: https://api.twelvedata.com/time_series?symbol=XAU/USD&interval=5min&outputsize=1500&timezone=UTC&order=ASC&apikey=c31c0cdced904fa3a0773f41bad78449
TwelveData unavailable, falling back to tick feed: 429 Client Error: Too Many Requests for url: https://api.twelvedata.com/time_series?symbol=XAU/USD&interval=5min&outputsize=1500&timezone=UTC&order=ASC&apikey=c31c0cdced904fa3a0773f41bad78449
  feed returned 127 ticks
  data source: fallback
Data warnings: feed looks stale — newest candle is 2630 min old; only 51 5m candles available — indicators may be unreliable
Evaluated state: WARMING_UP | spot: 4456.399902
Still warming up, not enough candle history yet.
Sun Aug 30 17:45:31 UTC 2026: Scan finished OK, pinged healthcheck
Sun Aug 30 17:50:20 UTC 2026: Starting scan
  fetch attempt 1/3 failed: 429 Client Error: Too Many Requests for url: https://api.twelvedata.com/time_series?symbol=XAU/USD&interval=5min&outputsize=1500&timezone=UTC&order=ASC&apikey=c31c0cdced904fa3a0773f41bad78449
  fetch attempt 2/3 failed: 429 Client Error: Too Many Requests for url: https://api.twelvedata.com/time_series?symbol=XAU/USD&interval=5min&outputsize=1500&timezone=UTC&order=ASC&apikey=c31c0cdced904fa3a0773f41bad78449
  fetch attempt 3/3 failed: 429 Client Error: Too Many Requests for url: https://api.twelvedata.com/time_series?symbol=XAU/USD&interval=5min&outputsize=1500&timezone=UTC&order=ASC&apikey=c31c0cdced904fa3a0773f41bad78449
TwelveData unavailable, falling back to tick feed: 429 Client Error: Too Many Requests for url: https://api.twelvedata.com/time_series?symbol=XAU/USD&interval=5min&outputsize=1500&timezone=UTC&order=ASC&apikey=c31c0cdced904fa3a0773f41bad78449
  feed returned 124 ticks
  data source: fallback
Data warnings: feed looks stale — newest candle is 2635 min old; only 50 5m candles available — indicators may be unreliable
Evaluated state: WARMING_UP | spot: 4456.399902
Still warming up, not enough candle history yet.
Sun Aug 30 17:50:31 UTC 2026: Scan finished OK, pinged healthcheck
Sun Aug 30 17:55:20 UTC 2026: Starting scan
  fetch attempt 1/3 failed: 429 Client Error: Too Many Requests for url: https://api.twelvedata.com/time_series?symbol=XAU/USD&interval=5min&outputsize=1500&timezone=UTC&order=ASC&apikey=c31c0cdced904fa3a0773f41bad78449
  fetch attempt 2/3 failed: 429 Client Error: Too Many Requests for url: https://api.twelvedata.com/time_series?symbol=XAU/USD&interval=5min&outputsize=1500&timezone=UTC&order=ASC&apikey=c31c0cdced904fa3a0773f41bad78449
  fetch attempt 3/3 failed: 429 Client Error: Too Many Requests for url: https://api.twelvedata.com/time_series?symbol=XAU/USD&interval=5min&outputsize=1500&timezone=UTC&order=ASC&apikey=c31c0cdced904fa3a0773f41bad78449
TwelveData unavailable, falling back to tick feed: 429 Client Error: Too Many Requests for url: https://api.twelvedata.com/time_series?symbol=XAU/USD&interval=5min&outputsize=1500&timezone=UTC&order=ASC&apikey=c31c0cdced904fa3a0773f41bad78449
  feed returned 122 ticks
  data source: fallback
Data warnings: feed looks stale — newest candle is 2640 min old; only 49 5m candles available — indicators may be unreliable
Evaluated state: WARMING_UP | spot: 4456.399902
Still warming up, not enough candle history yet.
Sun Aug 30 17:55:30 UTC 2026: Scan finished OK, pinged healthcheck
Sun Aug 30 18:00:20 UTC 2026: Starting scan
  fetch attempt 1/3 failed: 429 Client Error: Too Many Requests for url: https://api.twelvedata.com/time_series?symbol=XAU/USD&interval=5min&outputsize=1500&timezone=UTC&order=ASC&apikey=c31c0cdced904fa3a0773f41bad78449
  fetch attempt 2/3 failed: 429 Client Error: Too Many Requests for url: https://api.twelvedata.com/time_series?symbol=XAU/USD&interval=5min&outputsize=1500&timezone=UTC&order=ASC&apikey=c31c0cdced904fa3a0773f41bad78449
  fetch attempt 3/3 failed: 429 Client Error: Too Many Requests for url: https://api.twelvedata.com/time_series?symbol=XAU/USD&interval=5min&outputsize=1500&timezone=UTC&order=ASC&apikey=c31c0cdced904fa3a0773f41bad78449
TwelveData unavailable, falling back to tick feed: 429 Client Error: Too Many Requests for url: https://api.twelvedata.com/time_series?symbol=XAU/USD&interval=5min&outputsize=1500&timezone=UTC&order=ASC&apikey=c31c0cdced904fa3a0773f41bad78449
  feed returned 120 ticks
  data source: fallback
  notified -> telegram:True discord:True
Data warnings: feed looks stale — newest candle is 2645 min old; only 48 5m candles available — indicators may be unreliable
Evaluated state: WARMING_UP | spot: 4456.399902
Still warming up, not enough candle history yet.
Sun Aug 30 18:00:36 UTC 2026: Scan finished OK, pinged healthcheck
Sun Aug 30 18:05:20 UTC 2026: Starting scan
  fetch attempt 1/3 failed: 429 Client Error: Too Many Requests for url: https://api.twelvedata.com/time_series?symbol=XAU/USD&interval=5min&outputsize=1500&timezone=UTC&order=ASC&apikey=c31c0cdced904fa3a0773f41bad78449
  fetch attempt 2/3 failed: 429 Client Error: Too Many Requests for url: https://api.twelvedata.com/time_series?symbol=XAU/USD&interval=5min&outputsize=1500&timezone=UTC&order=ASC&apikey=c31c0cdced904fa3a0773f41bad78449
  fetch attempt 3/3 failed: 429 Client Error: Too Many Requests for url: https://api.twelvedata.com/time_series?symbol=XAU/USD&interval=5min&outputsize=1500&timezone=UTC&order=ASC&apikey=c31c0cdced904fa3a0773f41bad78449
TwelveData unavailable, falling back to tick feed: 429 Client Error: Too Many Requests for url: https://api.twelvedata.com/time_series?symbol=XAU/USD&interval=5min&outputsize=1500&timezone=UTC&order=ASC&apikey=c31c0cdced904fa3a0773f41bad78449
  feed returned 117 ticks
  data source: fallback
Outside trading session window (PKT). Skipping evaluation.
Sun Aug 30 18:05:30 UTC 2026: Scan finished OK, pinged healthcheck
Sun Aug 30 18:10:20 UTC 2026: Starting scan
  fetch attempt 1/3 failed: 429 Client Error: Too Many Requests for url: https://api.twelvedata.com/time_series?symbol=XAU/USD&interval=5min&outputsize=1500&timezone=UTC&order=ASC&apikey=c31c0cdced904fa3a0773f41bad78449
  fetch attempt 2/3 failed: 429 Client Error: Too Many Requests for url: https://api.twelvedata.com/time_series?symbol=XAU/USD&interval=5min&outputsize=1500&timezone=UTC&order=ASC&apikey=c31c0cdced904fa3a0773f41bad78449
  fetch attempt 3/3 failed: 429 Client Error: Too Many Requests for url: https://api.twelvedata.com/time_series?symbol=XAU/USD&interval=5min&outputsize=1500&timezone=UTC&order=ASC&apikey=c31c0cdced904fa3a0773f41bad78449
TwelveData unavailable, falling back to tick feed: 429 Client Error: Too Many Requests for url: https://api.twelvedata.com/time_series?symbol=XAU/USD&interval=5min&outputsize=1500&timezone=UTC&order=ASC&apikey=c31c0cdced904fa3a0773f41bad78449
  feed returned 114 ticks
  data source: fallback
Outside trading session window (PKT). Skipping evaluation.
Sun Aug 30 18:10:31 UTC 2026: Scan finished OK, pinged healthcheck
Sun Aug 30 18:15:20 UTC 2026: Starting scan
  fetch attempt 1/3 failed: 429 Client Error: Too Many Requests for url: https://api.twelvedata.com/time_series?symbol=XAU/USD&interval=5min&outputsize=1500&timezone=UTC&order=ASC&apikey=c31c0cdced904fa3a0773f41bad78449
  fetch attempt 2/3 failed: 429 Client Error: Too Many Requests for url: https://api.twelvedata.com/time_series?symbol=XAU/USD&interval=5min&outputsize=1500&timezone=UTC&order=ASC&apikey=c31c0cdced904fa3a0773f41bad78449
  fetch attempt 3/3 failed: 429 Client Error: Too Many Requests for url: https://api.twelvedata.com/time_series?symbol=XAU/USD&interval=5min&outputsize=1500&timezone=UTC&order=ASC&apikey=c31c0cdced904fa3a0773f41bad78449
TwelveData unavailable, falling back to tick feed: 429 Client Error: Too Many Requests for url: https://api.twelvedata.com/time_series?symbol=XAU/USD&interval=5min&outputsize=1500&timezone=UTC&order=ASC&apikey=c31c0cdced904fa3a0773f41bad78449
  feed returned 112 ticks
  data source: fallback
Outside trading session window (PKT). Skipping evaluation.
Sun Aug 30 18:15:31 UTC 2026: Scan finished OK, pinged healthcheck
Sun Aug 30 18:20:20 UTC 2026: Starting scan
  fetch attempt 1/3 failed: 429 Client Error: Too Many Requests for url: https://api.twelvedata.com/time_series?symbol=XAU/USD&interval=5min&outputsize=1500&timezone=UTC&order=ASC&apikey=c31c0cdced904fa3a0773f41bad78449
  fetch attempt 2/3 failed: 429 Client Error: Too Many Requests for url: https://api.twelvedata.com/time_series?symbol=XAU/USD&interval=5min&outputsize=1500&timezone=UTC&order=ASC&apikey=c31c0cdced904fa3a0773f41bad78449
  fetch attempt 3/3 failed: 429 Client Error: Too Many Requests for url: https://api.twelvedata.com/time_series?symbol=XAU/USD&interval=5min&outputsize=1500&timezone=UTC&order=ASC&apikey=c31c0cdced904fa3a0773f41bad78449
TwelveData unavailable, falling back to tick feed: 429 Client Error: Too Many Requests for url: https://api.twelvedata.com/time_series?symbol=XAU/USD&interval=5min&outputsize=1500&timezone=UTC&order=ASC&apikey=c31c0cdced904fa3a0773f41bad78449
  feed returned 109 ticks
  data source: fallback
Outside trading session window (PKT). Skipping evaluation.
Sun Aug 30 18:20:31 UTC 2026: Scan finished OK, pinged healthcheck
Sun Aug 30 18:25:20 UTC 2026: Starting scan
  fetch attempt 1/3 failed: 429 Client Error: Too Many Requests for url: https://api.twelvedata.com/time_series?symbol=XAU/USD&interval=5min&outputsize=1500&timezone=UTC&order=ASC&apikey=c31c0cdced904fa3a0773f41bad78449
  fetch attempt 2/3 failed: 429 Client Error: Too Many Requests for url: https://api.twelvedata.com/time_series?symbol=XAU/USD&interval=5min&outputsize=1500&timezone=UTC&order=ASC&apikey=c31c0cdced904fa3a0773f41bad78449
  fetch attempt 3/3 failed: 429 Client Error: Too Many Requests for url: https://api.twelvedata.com/time_series?symbol=XAU/USD&interval=5min&outputsize=1500&timezone=UTC&order=ASC&apikey=c31c0cdced904fa3a0773f41bad78449
TwelveData unavailable, falling back to tick feed: 429 Client Error: Too Many Requests for url: https://api.twelvedata.com/time_series?symbol=XAU/USD&interval=5min&outputsize=1500&timezone=UTC&order=ASC&apikey=c31c0cdced904fa3a0773f41bad78449
  feed returned 107 ticks
  data source: fallback
Outside trading session window (PKT). Skipping evaluation.
Sun Aug 30 18:25:31 UTC 2026: Scan finished OK, pinged healthcheck
Sun Aug 30 18:30:20 UTC 2026: Starting scan
  fetch attempt 1/3 failed: 429 Client Error: Too Many Requests for url: https://api.twelvedata.com/time_series?symbol=XAU/USD&interval=5min&outputsize=1500&timezone=UTC&order=ASC&apikey=c31c0cdced904fa3a0773f41bad78449
  fetch attempt 2/3 failed: 429 Client Error: Too Many Requests for url: https://api.twelvedata.com/time_series?symbol=XAU/USD&interval=5min&outputsize=1500&timezone=UTC&order=ASC&apikey=c31c0cdced904fa3a0773f41bad78449
  fetch attempt 3/3 failed: 429 Client Error: Too Many Requests for url: https://api.twelvedata.com/time_series?symbol=XAU/USD&interval=5min&outputsize=1500&timezone=UTC&order=ASC&apikey=c31c0cdced904fa3a0773f41bad78449
TwelveData unavailable, falling back to tick feed: 429 Client Error: Too Many Requests for url: https://api.twelvedata.com/time_series?symbol=XAU/USD&interval=5min&outputsize=1500&timezone=UTC&order=ASC&apikey=c31c0cdced904fa3a0773f41bad78449
  feed returned 104 ticks
  data source: fallback
Outside trading session window (PKT). Skipping evaluation.
Sun Aug 30 18:30:33 UTC 2026: Scan finished OK, pinged healthcheck
Sun Aug 30 18:35:20 UTC 2026: Starting scan
  fetch attempt 1/3 failed: 429 Client Error: Too Many Requests for url: https://api.twelvedata.com/time_series?symbol=XAU/USD&interval=5min&outputsize=1500&timezone=UTC&order=ASC&apikey=c31c0cdced904fa3a0773f41bad78449
  fetch attempt 2/3 failed: 429 Client Error: Too Many Requests for url: https://api.twelvedata.com/time_series?symbol=XAU/USD&interval=5min&outputsize=1500&timezone=UTC&order=ASC&apikey=c31c0cdced904fa3a0773f41bad78449
  fetch attempt 3/3 failed: 429 Client Error: Too Many Requests for url: https://api.twelvedata.com/time_series?symbol=XAU/USD&interval=5min&outputsize=1500&timezone=UTC&order=ASC&apikey=c31c0cdced904fa3a0773f41bad78449
TwelveData unavailable, falling back to tick feed: 429 Client Error: Too Many Requests for url: https://api.twelvedata.com/time_series?symbol=XAU/USD&interval=5min&outputsize=1500&timezone=UTC&order=ASC&apikey=c31c0cdced904fa3a0773f41bad78449
  feed returned 102 ticks
  data source: fallback
Outside trading session window (PKT). Skipping evaluation.
Sun Aug 30 18:35:31 UTC 2026: Scan finished OK, pinged healthcheck
Sun Aug 30 18:40:20 UTC 2026: Starting scan
  fetch attempt 1/3 failed: 429 Client Error: Too Many Requests for url: https://api.twelvedata.com/time_series?symbol=XAU/USD&interval=5min&outputsize=1500&timezone=UTC&order=ASC&apikey=c31c0cdced904fa3a0773f41bad78449
  fetch attempt 2/3 failed: 429 Client Error: Too Many Requests for url: https://api.twelvedata.com/time_series?symbol=XAU/USD&interval=5min&outputsize=1500&timezone=UTC&order=ASC&apikey=c31c0cdced904fa3a0773f41bad78449
  fetch attempt 3/3 failed: 429 Client Error: Too Many Requests for url: https://api.twelvedata.com/time_series?symbol=XAU/USD&interval=5min&outputsize=1500&timezone=UTC&order=ASC&apikey=c31c0cdced904fa3a0773f41bad78449
TwelveData unavailable, falling back to tick feed: 429 Client Error: Too Many Requests for url: https://api.twelvedata.com/time_series?symbol=XAU/USD&interval=5min&outputsize=1500&timezone=UTC&order=ASC&apikey=c31c0cdced904fa3a0773f41bad78449
  feed returned 99 ticks
  data source: fallback
Outside trading session window (PKT). Skipping evaluation.
Sun Aug 30 18:40:31 UTC 2026: Scan finished OK, pinged healthcheck
Sun Aug 30 18:45:20 UTC 2026: Starting scan
  fetch attempt 1/3 failed: 429 Client Error: Too Many Requests for url: https://api.twelvedata.com/time_series?symbol=XAU/USD&interval=5min&outputsize=1500&timezone=UTC&order=ASC&apikey=c31c0cdced904fa3a0773f41bad78449
  fetch attempt 2/3 failed: 429 Client Error: Too Many Requests for url: https://api.twelvedata.com/time_series?symbol=XAU/USD&interval=5min&outputsize=1500&timezone=UTC&order=ASC&apikey=c31c0cdced904fa3a0773f41bad78449
  fetch attempt 3/3 failed: 429 Client Error: Too Many Requests for url: https://api.twelvedata.com/time_series?symbol=XAU/USD&interval=5min&outputsize=1500&timezone=UTC&order=ASC&apikey=c31c0cdced904fa3a0773f41bad78449
TwelveData unavailable, falling back to tick feed: 429 Client Error: Too Many Requests for url: https://api.twelvedata.com/time_series?symbol=XAU/USD&interval=5min&outputsize=1500&timezone=UTC&order=ASC&apikey=c31c0cdced904fa3a0773f41bad78449
  feed returned 97 ticks
  data source: fallback
Outside trading session window (PKT). Skipping evaluation.
Sun Aug 30 18:45:30 UTC 2026: Scan finished OK, pinged healthcheck
Sun Aug 30 18:50:20 UTC 2026: Starting scan
  fetch attempt 1/3 failed: 429 Client Error: Too Many Requests for url: https://api.twelvedata.com/time_series?symbol=XAU/USD&interval=5min&outputsize=1500&timezone=UTC&order=ASC&apikey=c31c0cdced904fa3a0773f41bad78449
  fetch attempt 2/3 failed: 429 Client Error: Too Many Requests for url: https://api.twelvedata.com/time_series?symbol=XAU/USD&interval=5min&outputsize=1500&timezone=UTC&order=ASC&apikey=c31c0cdced904fa3a0773f41bad78449
  fetch attempt 3/3 failed: 429 Client Error: Too Many Requests for url: https://api.twelvedata.com/time_series?symbol=XAU/USD&interval=5min&outputsize=1500&timezone=UTC&order=ASC&apikey=c31c0cdced904fa3a0773f41bad78449
TwelveData unavailable, falling back to tick feed: 429 Client Error: Too Many Requests for url: https://api.twelvedata.com/time_series?symbol=XAU/USD&interval=5min&outputsize=1500&timezone=UTC&order=ASC&apikey=c31c0cdced904fa3a0773f41bad78449
  feed returned 94 ticks
  data source: fallback
Outside trading session window (PKT). Skipping evaluation.
Sun Aug 30 18:50:31 UTC 2026: Scan finished OK, pinged healthcheck
Sun Aug 30 18:55:20 UTC 2026: Starting scan
  fetch attempt 1/3 failed: 429 Client Error: Too Many Requests for url: https://api.twelvedata.com/time_series?symbol=XAU/USD&interval=5min&outputsize=1500&timezone=UTC&order=ASC&apikey=c31c0cdced904fa3a0773f41bad78449
  fetch attempt 2/3 failed: 429 Client Error: Too Many Requests for url: https://api.twelvedata.com/time_series?symbol=XAU/USD&interval=5min&outputsize=1500&timezone=UTC&order=ASC&apikey=c31c0cdced904fa3a0773f41bad78449
  fetch attempt 3/3 failed: 429 Client Error: Too Many Requests for url: https://api.twelvedata.com/time_series?symbol=XAU/USD&interval=5min&outputsize=1500&timezone=UTC&order=ASC&apikey=c31c0cdced904fa3a0773f41bad78449
TwelveData unavailable, falling back to tick feed: 429 Client Error: Too Many Requests for url: https://api.twelvedata.com/time_series?symbol=XAU/USD&interval=5min&outputsize=1500&timezone=UTC&order=ASC&apikey=c31c0cdced904fa3a0773f41bad78449
  feed returned 92 ticks
  data source: fallback
Outside trading session window (PKT). Skipping evaluation.
Sun Aug 30 18:55:31 UTC 2026: Scan finished OK, pinged healthcheck
Sun Aug 30 19:00:20 UTC 2026: Starting scan
  fetch attempt 1/3 failed: 429 Client Error: Too Many Requests for url: https://api.twelvedata.com/time_series?symbol=XAU/USD&interval=5min&outputsize=1500&timezone=UTC&order=ASC&apikey=c31c0cdced904fa3a0773f41bad78449
  fetch attempt 2/3 failed: 429 Client Error: Too Many Requests for url: https://api.twelvedata.com/time_series?symbol=XAU/USD&interval=5min&outputsize=1500&timezone=UTC&order=ASC&apikey=c31c0cdced904fa3a0773f41bad78449
  fetch attempt 3/3 failed: 429 Client Error: Too Many Requests for url: https://api.twelvedata.com/time_series?symbol=XAU/USD&interval=5min&outputsize=1500&timezone=UTC&order=ASC&apikey=c31c0cdced904fa3a0773f41bad78449
TwelveData unavailable, falling back to tick feed: 429 Client Error: Too Many Requests for url: https://api.twelvedata.com/time_series?symbol=XAU/USD&interval=5min&outputsize=1500&timezone=UTC&order=ASC&apikey=c31c0cdced904fa3a0773f41bad78449
  feed returned 90 ticks
  data source: fallback
Outside trading session window (PKT). Skipping evaluation.
Sun Aug 30 19:00:32 UTC 2026: Scan finished OK, pinged healthcheck
Sun Aug 30 19:05:20 UTC 2026: Starting scan
  fetch attempt 1/3 failed: 429 Client Error: Too Many Requests for url: https://api.twelvedata.com/time_series?symbol=XAU/USD&interval=5min&outputsize=1500&timezone=UTC&order=ASC&apikey=c31c0cdced904fa3a0773f41bad78449
  fetch attempt 2/3 failed: 429 Client Error: Too Many Requests for url: https://api.twelvedata.com/time_series?symbol=XAU/USD&interval=5min&outputsize=1500&timezone=UTC&order=ASC&apikey=c31c0cdced904fa3a0773f41bad78449
  fetch attempt 3/3 failed: 429 Client Error: Too Many Requests for url: https://api.twelvedata.com/time_series?symbol=XAU/USD&interval=5min&outputsize=1500&timezone=UTC&order=ASC&apikey=c31c0cdced904fa3a0773f41bad78449
TwelveData unavailable, falling back to tick feed: 429 Client Error: Too Many Requests for url: https://api.twelvedata.com/time_series?symbol=XAU/USD&interval=5min&outputsize=1500&timezone=UTC&order=ASC&apikey=c31c0cdced904fa3a0773f41bad78449
  feed returned 87 ticks
  data source: fallback
Outside trading session window (PKT). Skipping evaluation.
Sun Aug 30 19:05:30 UTC 2026: Scan finished OK, pinged healthcheck
Sun Aug 30 19:10:20 UTC 2026: Starting scan
  fetch attempt 1/3 failed: 429 Client Error: Too Many Requests for url: https://api.twelvedata.com/time_series?symbol=XAU/USD&interval=5min&outputsize=1500&timezone=UTC&order=ASC&apikey=c31c0cdced904fa3a0773f41bad78449
  fetch attempt 2/3 failed: 429 Client Error: Too Many Requests for url: https://api.twelvedata.com/time_series?symbol=XAU/USD&interval=5min&outputsize=1500&timezone=UTC&order=ASC&apikey=c31c0cdced904fa3a0773f41bad78449
  fetch attempt 3/3 failed: 429 Client Error: Too Many Requests for url: https://api.twelvedata.com/time_series?symbol=XAU/USD&interval=5min&outputsize=1500&timezone=UTC&order=ASC&apikey=c31c0cdced904fa3a0773f41bad78449
TwelveData unavailable, falling back to tick feed: 429 Client Error: Too Many Requests for url: https://api.twelvedata.com/time_series?symbol=XAU/USD&interval=5min&outputsize=1500&timezone=UTC&order=ASC&apikey=c31c0cdced904fa3a0773f41bad78449
  feed returned 84 ticks
  data source: fallback
Outside trading session window (PKT). Skipping evaluation.
Sun Aug 30 19:10:31 UTC 2026: Scan finished OK, pinged healthcheck
Sun Aug 30 19:15:20 UTC 2026: Starting scan
  fetch attempt 1/3 failed: 429 Client Error: Too Many Requests for url: https://api.twelvedata.com/time_series?symbol=XAU/USD&interval=5min&outputsize=1500&timezone=UTC&order=ASC&apikey=c31c0cdced904fa3a0773f41bad78449
  fetch attempt 2/3 failed: 429 Client Error: Too Many Requests for url: https://api.twelvedata.com/time_series?symbol=XAU/USD&interval=5min&outputsize=1500&timezone=UTC&order=ASC&apikey=c31c0cdced904fa3a0773f41bad78449
  fetch attempt 3/3 failed: 429 Client Error: Too Many Requests for url: https://api.twelvedata.com/time_series?symbol=XAU/USD&interval=5min&outputsize=1500&timezone=UTC&order=ASC&apikey=c31c0cdced904fa3a0773f41bad78449
TwelveData unavailable, falling back to tick feed: 429 Client Error: Too Many Requests for url: https://api.twelvedata.com/time_series?symbol=XAU/USD&interval=5min&outputsize=1500&timezone=UTC&order=ASC&apikey=c31c0cdced904fa3a0773f41bad78449
  feed returned 82 ticks
  data source: fallback
Outside trading session window (PKT). Skipping evaluation.
Sun Aug 30 19:15:31 UTC 2026: Scan finished OK, pinged healthcheck
Sun Aug 30 19:20:20 UTC 2026: Starting scan
  fetch attempt 1/3 failed: 429 Client Error: Too Many Requests for url: https://api.twelvedata.com/time_series?symbol=XAU/USD&interval=5min&outputsize=1500&timezone=UTC&order=ASC&apikey=c31c0cdced904fa3a0773f41bad78449
  fetch attempt 2/3 failed: 429 Client Error: Too Many Requests for url: https://api.twelvedata.com/time_series?symbol=XAU/USD&interval=5min&outputsize=1500&timezone=UTC&order=ASC&apikey=c31c0cdced904fa3a0773f41bad78449
  fetch attempt 3/3 failed: 429 Client Error: Too Many Requests for url: https://api.twelvedata.com/time_series?symbol=XAU/USD&interval=5min&outputsize=1500&timezone=UTC&order=ASC&apikey=c31c0cdced904fa3a0773f41bad78449
TwelveData unavailable, falling back to tick feed: 429 Client Error: Too Many Requests for url: https://api.twelvedata.com/time_series?symbol=XAU/USD&interval=5min&outputsize=1500&timezone=UTC&order=ASC&apikey=c31c0cdced904fa3a0773f41bad78449
  feed returned 79 ticks
  data source: fallback
Outside trading session window (PKT). Skipping evaluation.
Sun Aug 30 19:20:31 UTC 2026: Scan finished OK, pinged healthcheck
Sun Aug 30 19:25:20 UTC 2026: Starting scan
  fetch attempt 1/3 failed: 429 Client Error: Too Many Requests for url: https://api.twelvedata.com/time_series?symbol=XAU/USD&interval=5min&outputsize=1500&timezone=UTC&order=ASC&apikey=c31c0cdced904fa3a0773f41bad78449
  fetch attempt 2/3 failed: 429 Client Error: Too Many Requests for url: https://api.twelvedata.com/time_series?symbol=XAU/USD&interval=5min&outputsize=1500&timezone=UTC&order=ASC&apikey=c31c0cdced904fa3a0773f41bad78449
  fetch attempt 3/3 failed: 429 Client Error: Too Many Requests for url: https://api.twelvedata.com/time_series?symbol=XAU/USD&interval=5min&outputsize=1500&timezone=UTC&order=ASC&apikey=c31c0cdced904fa3a0773f41bad78449
TwelveData unavailable, falling back to tick feed: 429 Client Error: Too Many Requests for url: https://api.twelvedata.com/time_series?symbol=XAU/USD&interval=5min&outputsize=1500&timezone=UTC&order=ASC&apikey=c31c0cdced904fa3a0773f41bad78449
  feed returned 77 ticks
  data source: fallback
Outside trading session window (PKT). Skipping evaluation.
Sun Aug 30 19:25:31 UTC 2026: Scan finished OK, pinged healthcheck
Sun Aug 30 19:30:20 UTC 2026: Starting scan
  fetch attempt 1/3 failed: 429 Client Error: Too Many Requests for url: https://api.twelvedata.com/time_series?symbol=XAU/USD&interval=5min&outputsize=1500&timezone=UTC&order=ASC&apikey=c31c0cdced904fa3a0773f41bad78449
  fetch attempt 2/3 failed: 429 Client Error: Too Many Requests for url: https://api.twelvedata.com/time_series?symbol=XAU/USD&interval=5min&outputsize=1500&timezone=UTC&order=ASC&apikey=c31c0cdced904fa3a0773f41bad78449
  fetch attempt 3/3 failed: 429 Client Error: Too Many Requests for url: https://api.twelvedata.com/time_series?symbol=XAU/USD&interval=5min&outputsize=1500&timezone=UTC&order=ASC&apikey=c31c0cdced904fa3a0773f41bad78449
TwelveData unavailable, falling back to tick feed: 429 Client Error: Too Many Requests for url: https://api.twelvedata.com/time_series?symbol=XAU/USD&interval=5min&outputsize=1500&timezone=UTC&order=ASC&apikey=c31c0cdced904fa3a0773f41bad78449
  feed returned 74 ticks
  data source: fallback
Outside trading session window (PKT). Skipping evaluation.
Sun Aug 30 19:30:33 UTC 2026: Scan finished OK, pinged healthcheck
Sun Aug 30 19:35:20 UTC 2026: Starting scan
  fetch attempt 1/3 failed: 429 Client Error: Too Many Requests for url: https://api.twelvedata.com/time_series?symbol=XAU/USD&interval=5min&outputsize=1500&timezone=UTC&order=ASC&apikey=c31c0cdced904fa3a0773f41bad78449
  fetch attempt 2/3 failed: 429 Client Error: Too Many Requests for url: https://api.twelvedata.com/time_series?symbol=XAU/USD&interval=5min&outputsize=1500&timezone=UTC&order=ASC&apikey=c31c0cdced904fa3a0773f41bad78449
  fetch attempt 3/3 failed: 429 Client Error: Too Many Requests for url: https://api.twelvedata.com/time_series?symbol=XAU/USD&interval=5min&outputsize=1500&timezone=UTC&order=ASC&apikey=c31c0cdced904fa3a0773f41bad78449
TwelveData unavailable, falling back to tick feed: 429 Client Error: Too Many Requests for url: https://api.twelvedata.com/time_series?symbol=XAU/USD&interval=5min&outputsize=1500&timezone=UTC&order=ASC&apikey=c31c0cdced904fa3a0773f41bad78449
  feed returned 72 ticks
  data source: fallback
Outside trading session window (PKT). Skipping evaluation.
Sun Aug 30 19:35:30 UTC 2026: Scan finished OK, pinged healthcheck
Sun Aug 30 19:40:20 UTC 2026: Starting scan
  fetch attempt 1/3 failed: 429 Client Error: Too Many Requests for url: https://api.twelvedata.com/time_series?symbol=XAU/USD&interval=5min&outputsize=1500&timezone=UTC&order=ASC&apikey=c31c0cdced904fa3a0773f41bad78449
  fetch attempt 2/3 failed: 429 Client Error: Too Many Requests for url: https://api.twelvedata.com/time_series?symbol=XAU/USD&interval=5min&outputsize=1500&timezone=UTC&order=ASC&apikey=c31c0cdced904fa3a0773f41bad78449
  fetch attempt 3/3 failed: 429 Client Error: Too Many Requests for url: https://api.twelvedata.com/time_series?symbol=XAU/USD&interval=5min&outputsize=1500&timezone=UTC&order=ASC&apikey=c31c0cdced904fa3a0773f41bad78449
TwelveData unavailable, falling back to tick feed: 429 Client Error: Too Many Requests for url: https://api.twelvedata.com/time_series?symbol=XAU/USD&interval=5min&outputsize=1500&timezone=UTC&order=ASC&apikey=c31c0cdced904fa3a0773f41bad78449
  feed returned 69 ticks
  data source: fallback
Outside trading session window (PKT). Skipping evaluation.
Sun Aug 30 19:40:31 UTC 2026: Scan finished OK, pinged healthcheck
Sun Aug 30 19:45:20 UTC 2026: Starting scan
  fetch attempt 1/3 failed: 429 Client Error: Too Many Requests for url: https://api.twelvedata.com/time_series?symbol=XAU/USD&interval=5min&outputsize=1500&timezone=UTC&order=ASC&apikey=c31c0cdced904fa3a0773f41bad78449
  fetch attempt 2/3 failed: 429 Client Error: Too Many Requests for url: https://api.twelvedata.com/time_series?symbol=XAU/USD&interval=5min&outputsize=1500&timezone=UTC&order=ASC&apikey=c31c0cdced904fa3a0773f41bad78449
  fetch attempt 3/3 failed: 429 Client Error: Too Many Requests for url: https://api.twelvedata.com/time_series?symbol=XAU/USD&interval=5min&outputsize=1500&timezone=UTC&order=ASC&apikey=c31c0cdced904fa3a0773f41bad78449
TwelveData unavailable, falling back to tick feed: 429 Client Error: Too Many Requests for url: https://api.twelvedata.com/time_series?symbol=XAU/USD&interval=5min&outputsize=1500&timezone=UTC&order=ASC&apikey=c31c0cdced904fa3a0773f41bad78449
  feed returned 67 ticks
  data source: fallback
Outside trading session window (PKT). Skipping evaluation.
Sun Aug 30 19:45:31 UTC 2026: Scan finished OK, pinged healthcheck
Sun Aug 30 19:50:20 UTC 2026: Starting scan
  fetch attempt 1/3 failed: 429 Client Error: Too Many Requests for url: https://api.twelvedata.com/time_series?symbol=XAU/USD&interval=5min&outputsize=1500&timezone=UTC&order=ASC&apikey=c31c0cdced904fa3a0773f41bad78449
  fetch attempt 2/3 failed: 429 Client Error: Too Many Requests for url: https://api.twelvedata.com/time_series?symbol=XAU/USD&interval=5min&outputsize=1500&timezone=UTC&order=ASC&apikey=c31c0cdced904fa3a0773f41bad78449
  fetch attempt 3/3 failed: 429 Client Error: Too Many Requests for url: https://api.twelvedata.com/time_series?symbol=XAU/USD&interval=5min&outputsize=1500&timezone=UTC&order=ASC&apikey=c31c0cdced904fa3a0773f41bad78449
TwelveData unavailable, falling back to tick feed: 429 Client Error: Too Many Requests for url: https://api.twelvedata.com/time_series?symbol=XAU/USD&interval=5min&outputsize=1500&timezone=UTC&order=ASC&apikey=c31c0cdced904fa3a0773f41bad78449
  feed returned 64 ticks
  data source: fallback
Outside trading session window (PKT). Skipping evaluation.
Sun Aug 30 19:50:31 UTC 2026: Scan finished OK, pinged healthcheck
Sun Aug 30 19:55:20 UTC 2026: Starting scan
  fetch attempt 1/3 failed: 429 Client Error: Too Many Requests for url: https://api.twelvedata.com/time_series?symbol=XAU/USD&interval=5min&outputsize=1500&timezone=UTC&order=ASC&apikey=c31c0cdced904fa3a0773f41bad78449
  fetch attempt 2/3 failed: 429 Client Error: Too Many Requests for url: https://api.twelvedata.com/time_series?symbol=XAU/USD&interval=5min&outputsize=1500&timezone=UTC&order=ASC&apikey=c31c0cdced904fa3a0773f41bad78449
  fetch attempt 3/3 failed: 429 Client Error: Too Many Requests for url: https://api.twelvedata.com/time_series?symbol=XAU/USD&interval=5min&outputsize=1500&timezone=UTC&order=ASC&apikey=c31c0cdced904fa3a0773f41bad78449
TwelveData unavailable, falling back to tick feed: 429 Client Error: Too Many Requests for url: https://api.twelvedata.com/time_series?symbol=XAU/USD&interval=5min&outputsize=1500&timezone=UTC&order=ASC&apikey=c31c0cdced904fa3a0773f41bad78449
  feed returned 62 ticks
  data source: fallback
Outside trading session window (PKT). Skipping evaluation.
Sun Aug 30 19:55:30 UTC 2026: Scan finished OK, pinged healthcheck
Sun Aug 30 20:00:20 UTC 2026: Starting scan
  fetch attempt 1/3 failed: 429 Client Error: Too Many Requests for url: https://api.twelvedata.com/time_series?symbol=XAU/USD&interval=5min&outputsize=1500&timezone=UTC&order=ASC&apikey=c31c0cdced904fa3a0773f41bad78449
  fetch attempt 2/3 failed: 429 Client Error: Too Many Requests for url: https://api.twelvedata.com/time_series?symbol=XAU/USD&interval=5min&outputsize=1500&timezone=UTC&order=ASC&apikey=c31c0cdced904fa3a0773f41bad78449
  fetch attempt 3/3 failed: 429 Client Error: Too Many Requests for url: https://api.twelvedata.com/time_series?symbol=XAU/USD&interval=5min&outputsize=1500&timezone=UTC&order=ASC&apikey=c31c0cdced904fa3a0773f41bad78449
TwelveData unavailable, falling back to tick feed: 429 Client Error: Too Many Requests for url: https://api.twelvedata.com/time_series?symbol=XAU/USD&interval=5min&outputsize=1500&timezone=UTC&order=ASC&apikey=c31c0cdced904fa3a0773f41bad78449
  feed returned 60 ticks
  data source: fallback
Outside trading session window (PKT). Skipping evaluation.
Sun Aug 30 20:00:34 UTC 2026: Scan finished OK, pinged healthcheck
Sun Aug 30 20:05:20 UTC 2026: Starting scan
  fetch attempt 1/3 failed: 429 Client Error: Too Many Requests for url: https://api.twelvedata.com/time_series?symbol=XAU/USD&interval=5min&outputsize=1500&timezone=UTC&order=ASC&apikey=c31c0cdced904fa3a0773f41bad78449
  fetch attempt 2/3 failed: 429 Client Error: Too Many Requests for url: https://api.twelvedata.com/time_series?symbol=XAU/USD&interval=5min&outputsize=1500&timezone=UTC&order=ASC&apikey=c31c0cdced904fa3a0773f41bad78449
  fetch attempt 3/3 failed: 429 Client Error: Too Many Requests for url: https://api.twelvedata.com/time_series?symbol=XAU/USD&interval=5min&outputsize=1500&timezone=UTC&order=ASC&apikey=c31c0cdced904fa3a0773f41bad78449
TwelveData unavailable, falling back to tick feed: 429 Client Error: Too Many Requests for url: https://api.twelvedata.com/time_series?symbol=XAU/USD&interval=5min&outputsize=1500&timezone=UTC&order=ASC&apikey=c31c0cdced904fa3a0773f41bad78449
  feed returned 57 ticks
  data source: fallback
Outside trading session window (PKT). Skipping evaluation.
Sun Aug 30 20:05:31 UTC 2026: Scan finished OK, pinged healthcheck
Sun Aug 30 20:10:20 UTC 2026: Starting scan
  fetch attempt 1/3 failed: 429 Client Error: Too Many Requests for url: https://api.twelvedata.com/time_series?symbol=XAU/USD&interval=5min&outputsize=1500&timezone=UTC&order=ASC&apikey=c31c0cdced904fa3a0773f41bad78449
  fetch attempt 2/3 failed: 429 Client Error: Too Many Requests for url: https://api.twelvedata.com/time_series?symbol=XAU/USD&interval=5min&outputsize=1500&timezone=UTC&order=ASC&apikey=c31c0cdced904fa3a0773f41bad78449
  fetch attempt 3/3 failed: 429 Client Error: Too Many Requests for url: https://api.twelvedata.com/time_series?symbol=XAU/USD&interval=5min&outputsize=1500&timezone=UTC&order=ASC&apikey=c31c0cdced904fa3a0773f41bad78449
TwelveData unavailable, falling back to tick feed: 429 Client Error: Too Many Requests for url: https://api.twelvedata.com/time_series?symbol=XAU/USD&interval=5min&outputsize=1500&timezone=UTC&order=ASC&apikey=c31c0cdced904fa3a0773f41bad78449
  feed returned 54 ticks
  data source: fallback
Outside trading session window (PKT). Skipping evaluation.
Sun Aug 30 20:10:31 UTC 2026: Scan finished OK, pinged healthcheck
Sun Aug 30 20:15:20 UTC 2026: Starting scan
  fetch attempt 1/3 failed: 429 Client Error: Too Many Requests for url: https://api.twelvedata.com/time_series?symbol=XAU/USD&interval=5min&outputsize=1500&timezone=UTC&order=ASC&apikey=c31c0cdced904fa3a0773f41bad78449
  fetch attempt 2/3 failed: 429 Client Error: Too Many Requests for url: https://api.twelvedata.com/time_series?symbol=XAU/USD&interval=5min&outputsize=1500&timezone=UTC&order=ASC&apikey=c31c0cdced904fa3a0773f41bad78449
  fetch attempt 3/3 failed: 429 Client Error: Too Many Requests for url: https://api.twelvedata.com/time_series?symbol=XAU/USD&interval=5min&outputsize=1500&timezone=UTC&order=ASC&apikey=c31c0cdced904fa3a0773f41bad78449
TwelveData unavailable, falling back to tick feed: 429 Client Error: Too Many Requests for url: https://api.twelvedata.com/time_series?symbol=XAU/USD&interval=5min&outputsize=1500&timezone=UTC&order=ASC&apikey=c31c0cdced904fa3a0773f41bad78449
  feed returned 52 ticks
  fetch attempt 1/3 failed: HTTPSConnectionPool(host='xaus.com', port=443): Read timed out. (read timeout=30)
  data source: fallback
Outside trading session window (PKT). Skipping evaluation.
Sun Aug 30 20:16:11 UTC 2026: Scan finished OK, pinged healthcheck
Sun Aug 30 20:20:20 UTC 2026: Starting scan
  fetch attempt 1/3 failed: 429 Client Error: Too Many Requests for url: https://api.twelvedata.com/time_series?symbol=XAU/USD&interval=5min&outputsize=1500&timezone=UTC&order=ASC&apikey=c31c0cdced904fa3a0773f41bad78449
  fetch attempt 2/3 failed: 429 Client Error: Too Many Requests for url: https://api.twelvedata.com/time_series?symbol=XAU/USD&interval=5min&outputsize=1500&timezone=UTC&order=ASC&apikey=c31c0cdced904fa3a0773f41bad78449
  fetch attempt 3/3 failed: 429 Client Error: Too Many Requests for url: https://api.twelvedata.com/time_series?symbol=XAU/USD&interval=5min&outputsize=1500&timezone=UTC&order=ASC&apikey=c31c0cdced904fa3a0773f41bad78449
TwelveData unavailable, falling back to tick feed: 429 Client Error: Too Many Requests for url: https://api.twelvedata.com/time_series?symbol=XAU/USD&interval=5min&outputsize=1500&timezone=UTC&order=ASC&apikey=c31c0cdced904fa3a0773f41bad78449
  feed returned 49 ticks
  data source: fallback
Outside trading session window (PKT). Skipping evaluation.
Sun Aug 30 20:20:31 UTC 2026: Scan finished OK, pinged healthcheck
Sun Aug 30 20:25:20 UTC 2026: Starting scan
  fetch attempt 1/3 failed: 429 Client Error: Too Many Requests for url: https://api.twelvedata.com/time_series?symbol=XAU/USD&interval=5min&outputsize=1500&timezone=UTC&order=ASC&apikey=c31c0cdced904fa3a0773f41bad78449
  fetch attempt 2/3 failed: 429 Client Error: Too Many Requests for url: https://api.twelvedata.com/time_series?symbol=XAU/USD&interval=5min&outputsize=1500&timezone=UTC&order=ASC&apikey=c31c0cdced904fa3a0773f41bad78449
  fetch attempt 3/3 failed: 429 Client Error: Too Many Requests for url: https://api.twelvedata.com/time_series?symbol=XAU/USD&interval=5min&outputsize=1500&timezone=UTC&order=ASC&apikey=c31c0cdced904fa3a0773f41bad78449
TwelveData unavailable, falling back to tick feed: 429 Client Error: Too Many Requests for url: https://api.twelvedata.com/time_series?symbol=XAU/USD&interval=5min&outputsize=1500&timezone=UTC&order=ASC&apikey=c31c0cdced904fa3a0773f41bad78449
  feed returned 47 ticks
  data source: fallback
Outside trading session window (PKT). Skipping evaluation.
Sun Aug 30 20:25:30 UTC 2026: Scan finished OK, pinged healthcheck
Sun Aug 30 20:30:20 UTC 2026: Starting scan
  fetch attempt 1/3 failed: 429 Client Error: Too Many Requests for url: https://api.twelvedata.com/time_series?symbol=XAU/USD&interval=5min&outputsize=1500&timezone=UTC&order=ASC&apikey=c31c0cdced904fa3a0773f41bad78449
  fetch attempt 2/3 failed: 429 Client Error: Too Many Requests for url: https://api.twelvedata.com/time_series?symbol=XAU/USD&interval=5min&outputsize=1500&timezone=UTC&order=ASC&apikey=c31c0cdced904fa3a0773f41bad78449
  fetch attempt 3/3 failed: 429 Client Error: Too Many Requests for url: https://api.twelvedata.com/time_series?symbol=XAU/USD&interval=5min&outputsize=1500&timezone=UTC&order=ASC&apikey=c31c0cdced904fa3a0773f41bad78449
TwelveData unavailable, falling back to tick feed: 429 Client Error: Too Many Requests for url: https://api.twelvedata.com/time_series?symbol=XAU/USD&interval=5min&outputsize=1500&timezone=UTC&order=ASC&apikey=c31c0cdced904fa3a0773f41bad78449
  feed returned 44 ticks
  data source: fallback
Outside trading session window (PKT). Skipping evaluation.
Sun Aug 30 20:30:36 UTC 2026: Scan finished OK, pinged healthcheck
Sun Aug 30 20:35:20 UTC 2026: Starting scan
  fetch attempt 1/3 failed: 429 Client Error: Too Many Requests for url: https://api.twelvedata.com/time_series?symbol=XAU/USD&interval=5min&outputsize=1500&timezone=UTC&order=ASC&apikey=c31c0cdced904fa3a0773f41bad78449
  fetch attempt 2/3 failed: 429 Client Error: Too Many Requests for url: https://api.twelvedata.com/time_series?symbol=XAU/USD&interval=5min&outputsize=1500&timezone=UTC&order=ASC&apikey=c31c0cdced904fa3a0773f41bad78449
  fetch attempt 3/3 failed: 429 Client Error: Too Many Requests for url: https://api.twelvedata.com/time_series?symbol=XAU/USD&interval=5min&outputsize=1500&timezone=UTC&order=ASC&apikey=c31c0cdced904fa3a0773f41bad78449
TwelveData unavailable, falling back to tick feed: 429 Client Error: Too Many Requests for url: https://api.twelvedata.com/time_series?symbol=XAU/USD&interval=5min&outputsize=1500&timezone=UTC&order=ASC&apikey=c31c0cdced904fa3a0773f41bad78449
  feed returned 42 ticks
  data source: fallback
Outside trading session window (PKT). Skipping evaluation.
Sun Aug 30 20:35:30 UTC 2026: Scan finished OK, pinged healthcheck
Sun Aug 30 20:40:20 UTC 2026: Starting scan
  fetch attempt 1/3 failed: 429 Client Error: Too Many Requests for url: https://api.twelvedata.com/time_series?symbol=XAU/USD&interval=5min&outputsize=1500&timezone=UTC&order=ASC&apikey=c31c0cdced904fa3a0773f41bad78449
  fetch attempt 2/3 failed: 429 Client Error: Too Many Requests for url: https://api.twelvedata.com/time_series?symbol=XAU/USD&interval=5min&outputsize=1500&timezone=UTC&order=ASC&apikey=c31c0cdced904fa3a0773f41bad78449
  fetch attempt 3/3 failed: 429 Client Error: Too Many Requests for url: https://api.twelvedata.com/time_series?symbol=XAU/USD&interval=5min&outputsize=1500&timezone=UTC&order=ASC&apikey=c31c0cdced904fa3a0773f41bad78449
TwelveData unavailable, falling back to tick feed: 429 Client Error: Too Many Requests for url: https://api.twelvedata.com/time_series?symbol=XAU/USD&interval=5min&outputsize=1500&timezone=UTC&order=ASC&apikey=c31c0cdced904fa3a0773f41bad78449
  feed returned 39 ticks
  data source: fallback
Outside trading session window (PKT). Skipping evaluation.
Sun Aug 30 20:40:31 UTC 2026: Scan finished OK, pinged healthcheck
Sun Aug 30 20:45:20 UTC 2026: Starting scan
  fetch attempt 1/3 failed: 429 Client Error: Too Many Requests for url: https://api.twelvedata.com/time_series?symbol=XAU/USD&interval=5min&outputsize=1500&timezone=UTC&order=ASC&apikey=c31c0cdced904fa3a0773f41bad78449
  fetch attempt 2/3 failed: 429 Client Error: Too Many Requests for url: https://api.twelvedata.com/time_series?symbol=XAU/USD&interval=5min&outputsize=1500&timezone=UTC&order=ASC&apikey=c31c0cdced904fa3a0773f41bad78449
  fetch attempt 3/3 failed: 429 Client Error: Too Many Requests for url: https://api.twelvedata.com/time_series?symbol=XAU/USD&interval=5min&outputsize=1500&timezone=UTC&order=ASC&apikey=c31c0cdced904fa3a0773f41bad78449
TwelveData unavailable, falling back to tick feed: 429 Client Error: Too Many Requests for url: https://api.twelvedata.com/time_series?symbol=XAU/USD&interval=5min&outputsize=1500&timezone=UTC&order=ASC&apikey=c31c0cdced904fa3a0773f41bad78449
  feed returned 37 ticks
  data source: fallback
Outside trading session window (PKT). Skipping evaluation.
Sun Aug 30 20:45:31 UTC 2026: Scan finished OK, pinged healthcheck
Sun Aug 30 20:50:20 UTC 2026: Starting scan
  fetch attempt 1/3 failed: 429 Client Error: Too Many Requests for url: https://api.twelvedata.com/time_series?symbol=XAU/USD&interval=5min&outputsize=1500&timezone=UTC&order=ASC&apikey=c31c0cdced904fa3a0773f41bad78449
  fetch attempt 2/3 failed: 429 Client Error: Too Many Requests for url: https://api.twelvedata.com/time_series?symbol=XAU/USD&interval=5min&outputsize=1500&timezone=UTC&order=ASC&apikey=c31c0cdced904fa3a0773f41bad78449
  fetch attempt 3/3 failed: 429 Client Error: Too Many Requests for url: https://api.twelvedata.com/time_series?symbol=XAU/USD&interval=5min&outputsize=1500&timezone=UTC&order=ASC&apikey=c31c0cdced904fa3a0773f41bad78449
TwelveData unavailable, falling back to tick feed: 429 Client Error: Too Many Requests for url: https://api.twelvedata.com/time_series?symbol=XAU/USD&interval=5min&outputsize=1500&timezone=UTC&order=ASC&apikey=c31c0cdced904fa3a0773f41bad78449
  feed returned 34 ticks
  data source: fallback
Outside trading session window (PKT). Skipping evaluation.
Sun Aug 30 20:50:31 UTC 2026: Scan finished OK, pinged healthcheck
Sun Aug 30 20:55:20 UTC 2026: Starting scan
  fetch attempt 1/3 failed: 429 Client Error: Too Many Requests for url: https://api.twelvedata.com/time_series?symbol=XAU/USD&interval=5min&outputsize=1500&timezone=UTC&order=ASC&apikey=c31c0cdced904fa3a0773f41bad78449
  fetch attempt 2/3 failed: 429 Client Error: Too Many Requests for url: https://api.twelvedata.com/time_series?symbol=XAU/USD&interval=5min&outputsize=1500&timezone=UTC&order=ASC&apikey=c31c0cdced904fa3a0773f41bad78449
  fetch attempt 3/3 failed: 429 Client Error: Too Many Requests for url: https://api.twelvedata.com/time_series?symbol=XAU/USD&interval=5min&outputsize=1500&timezone=UTC&order=ASC&apikey=c31c0cdced904fa3a0773f41bad78449
TwelveData unavailable, falling back to tick feed: 429 Client Error: Too Many Requests for url: https://api.twelvedata.com/time_series?symbol=XAU/USD&interval=5min&outputsize=1500&timezone=UTC&order=ASC&apikey=c31c0cdced904fa3a0773f41bad78449
  feed returned 32 ticks
  data source: fallback
Outside trading session window (PKT). Skipping evaluation.
Sun Aug 30 20:55:30 UTC 2026: Scan finished OK, pinged healthcheck
Sun Aug 30 21:00:20 UTC 2026: Starting scan
  fetch attempt 1/3 failed: 429 Client Error: Too Many Requests for url: https://api.twelvedata.com/time_series?symbol=XAU/USD&interval=5min&outputsize=1500&timezone=UTC&order=ASC&apikey=c31c0cdced904fa3a0773f41bad78449
  fetch attempt 2/3 failed: 429 Client Error: Too Many Requests for url: https://api.twelvedata.com/time_series?symbol=XAU/USD&interval=5min&outputsize=1500&timezone=UTC&order=ASC&apikey=c31c0cdced904fa3a0773f41bad78449
  fetch attempt 3/3 failed: 429 Client Error: Too Many Requests for url: https://api.twelvedata.com/time_series?symbol=XAU/USD&interval=5min&outputsize=1500&timezone=UTC&order=ASC&apikey=c31c0cdced904fa3a0773f41bad78449
TwelveData unavailable, falling back to tick feed: 429 Client Error: Too Many Requests for url: https://api.twelvedata.com/time_series?symbol=XAU/USD&interval=5min&outputsize=1500&timezone=UTC&order=ASC&apikey=c31c0cdced904fa3a0773f41bad78449
  feed returned 30 ticks
  data source: fallback
Outside trading session window (PKT). Skipping evaluation.
Sun Aug 30 21:00:34 UTC 2026: Scan finished OK, pinged healthcheck
Sun Aug 30 21:05:20 UTC 2026: Starting scan
  fetch attempt 1/3 failed: 429 Client Error: Too Many Requests for url: https://api.twelvedata.com/time_series?symbol=XAU/USD&interval=5min&outputsize=1500&timezone=UTC&order=ASC&apikey=c31c0cdced904fa3a0773f41bad78449
  fetch attempt 2/3 failed: 429 Client Error: Too Many Requests for url: https://api.twelvedata.com/time_series?symbol=XAU/USD&interval=5min&outputsize=1500&timezone=UTC&order=ASC&apikey=c31c0cdced904fa3a0773f41bad78449
  fetch attempt 3/3 failed: 429 Client Error: Too Many Requests for url: https://api.twelvedata.com/time_series?symbol=XAU/USD&interval=5min&outputsize=1500&timezone=UTC&order=ASC&apikey=c31c0cdced904fa3a0773f41bad78449
TwelveData unavailable, falling back to tick feed: 429 Client Error: Too Many Requests for url: https://api.twelvedata.com/time_series?symbol=XAU/USD&interval=5min&outputsize=1500&timezone=UTC&order=ASC&apikey=c31c0cdced904fa3a0773f41bad78449
  feed returned 27 ticks
  data source: fallback
Outside trading session window (PKT). Skipping evaluation.
Sun Aug 30 21:05:30 UTC 2026: Scan finished OK, pinged healthcheck
Sun Aug 30 21:10:20 UTC 2026: Starting scan
  fetch attempt 1/3 failed: 429 Client Error: Too Many Requests for url: https://api.twelvedata.com/time_series?symbol=XAU/USD&interval=5min&outputsize=1500&timezone=UTC&order=ASC&apikey=c31c0cdced904fa3a0773f41bad78449
  fetch attempt 2/3 failed: 429 Client Error: Too Many Requests for url: https://api.twelvedata.com/time_series?symbol=XAU/USD&interval=5min&outputsize=1500&timezone=UTC&order=ASC&apikey=c31c0cdced904fa3a0773f41bad78449
  fetch attempt 3/3 failed: 429 Client Error: Too Many Requests for url: https://api.twelvedata.com/time_series?symbol=XAU/USD&interval=5min&outputsize=1500&timezone=UTC&order=ASC&apikey=c31c0cdced904fa3a0773f41bad78449
TwelveData unavailable, falling back to tick feed: 429 Client Error: Too Many Requests for url: https://api.twelvedata.com/time_series?symbol=XAU/USD&interval=5min&outputsize=1500&timezone=UTC&order=ASC&apikey=c31c0cdced904fa3a0773f41bad78449
  feed returned 24 ticks
  data source: fallback
Outside trading session window (PKT). Skipping evaluation.
Sun Aug 30 21:10:31 UTC 2026: Scan finished OK, pinged healthcheck
Sun Aug 30 21:15:20 UTC 2026: Starting scan
  fetch attempt 1/3 failed: 429 Client Error: Too Many Requests for url: https://api.twelvedata.com/time_series?symbol=XAU/USD&interval=5min&outputsize=1500&timezone=UTC&order=ASC&apikey=c31c0cdced904fa3a0773f41bad78449
  fetch attempt 2/3 failed: 429 Client Error: Too Many Requests for url: https://api.twelvedata.com/time_series?symbol=XAU/USD&interval=5min&outputsize=1500&timezone=UTC&order=ASC&apikey=c31c0cdced904fa3a0773f41bad78449
  fetch attempt 3/3 failed: 429 Client Error: Too Many Requests for url: https://api.twelvedata.com/time_series?symbol=XAU/USD&interval=5min&outputsize=1500&timezone=UTC&order=ASC&apikey=c31c0cdced904fa3a0773f41bad78449
TwelveData unavailable, falling back to tick feed: 429 Client Error: Too Many Requests for url: https://api.twelvedata.com/time_series?symbol=XAU/USD&interval=5min&outputsize=1500&timezone=UTC&order=ASC&apikey=c31c0cdced904fa3a0773f41bad78449
  feed returned 22 ticks
  data source: fallback
Outside trading session window (PKT). Skipping evaluation.
Sun Aug 30 21:15:31 UTC 2026: Scan finished OK, pinged healthcheck
Sun Aug 30 21:20:20 UTC 2026: Starting scan
  fetch attempt 1/3 failed: 429 Client Error: Too Many Requests for url: https://api.twelvedata.com/time_series?symbol=XAU/USD&interval=5min&outputsize=1500&timezone=UTC&order=ASC&apikey=c31c0cdced904fa3a0773f41bad78449
  fetch attempt 2/3 failed: 429 Client Error: Too Many Requests for url: https://api.twelvedata.com/time_series?symbol=XAU/USD&interval=5min&outputsize=1500&timezone=UTC&order=ASC&apikey=c31c0cdced904fa3a0773f41bad78449
  fetch attempt 3/3 failed: 429 Client Error: Too Many Requests for url: https://api.twelvedata.com/time_series?symbol=XAU/USD&interval=5min&outputsize=1500&timezone=UTC&order=ASC&apikey=c31c0cdced904fa3a0773f41bad78449
TwelveData unavailable, falling back to tick feed: 429 Client Error: Too Many Requests for url: https://api.twelvedata.com/time_series?symbol=XAU/USD&interval=5min&outputsize=1500&timezone=UTC&order=ASC&apikey=c31c0cdced904fa3a0773f41bad78449
  feed returned 19 ticks
  data source: fallback
Outside trading session window (PKT). Skipping evaluation.
Sun Aug 30 21:20:31 UTC 2026: Scan finished OK, pinged healthcheck
Sun Aug 30 21:25:20 UTC 2026: Starting scan
  fetch attempt 1/3 failed: 429 Client Error: Too Many Requests for url: https://api.twelvedata.com/time_series?symbol=XAU/USD&interval=5min&outputsize=1500&timezone=UTC&order=ASC&apikey=c31c0cdced904fa3a0773f41bad78449
  fetch attempt 2/3 failed: 429 Client Error: Too Many Requests for url: https://api.twelvedata.com/time_series?symbol=XAU/USD&interval=5min&outputsize=1500&timezone=UTC&order=ASC&apikey=c31c0cdced904fa3a0773f41bad78449
  fetch attempt 3/3 failed: 429 Client Error: Too Many Requests for url: https://api.twelvedata.com/time_series?symbol=XAU/USD&interval=5min&outputsize=1500&timezone=UTC&order=ASC&apikey=c31c0cdced904fa3a0773f41bad78449
TwelveData unavailable, falling back to tick feed: 429 Client Error: Too Many Requests for url: https://api.twelvedata.com/time_series?symbol=XAU/USD&interval=5min&outputsize=1500&timezone=UTC&order=ASC&apikey=c31c0cdced904fa3a0773f41bad78449
  feed returned 17 ticks
  data source: fallback
Outside trading session window (PKT). Skipping evaluation.
Sun Aug 30 21:25:31 UTC 2026: Scan finished OK, pinged healthcheck
Sun Aug 30 21:30:20 UTC 2026: Starting scan
  fetch attempt 1/3 failed: 429 Client Error: Too Many Requests for url: https://api.twelvedata.com/time_series?symbol=XAU/USD&interval=5min&outputsize=1500&timezone=UTC&order=ASC&apikey=c31c0cdced904fa3a0773f41bad78449
  fetch attempt 2/3 failed: 429 Client Error: Too Many Requests for url: https://api.twelvedata.com/time_series?symbol=XAU/USD&interval=5min&outputsize=1500&timezone=UTC&order=ASC&apikey=c31c0cdced904fa3a0773f41bad78449
  fetch attempt 3/3 failed: 429 Client Error: Too Many Requests for url: https://api.twelvedata.com/time_series?symbol=XAU/USD&interval=5min&outputsize=1500&timezone=UTC&order=ASC&apikey=c31c0cdced904fa3a0773f41bad78449
TwelveData unavailable, falling back to tick feed: 429 Client Error: Too Many Requests for url: https://api.twelvedata.com/time_series?symbol=XAU/USD&interval=5min&outputsize=1500&timezone=UTC&order=ASC&apikey=c31c0cdced904fa3a0773f41bad78449
  feed returned 14 ticks
  data source: fallback
Outside trading session window (PKT). Skipping evaluation.
Sun Aug 30 21:30:32 UTC 2026: Scan finished OK, pinged healthcheck
Sun Aug 30 21:35:20 UTC 2026: Starting scan
  fetch attempt 1/3 failed: 429 Client Error: Too Many Requests for url: https://api.twelvedata.com/time_series?symbol=XAU/USD&interval=5min&outputsize=1500&timezone=UTC&order=ASC&apikey=c31c0cdced904fa3a0773f41bad78449
  fetch attempt 2/3 failed: 429 Client Error: Too Many Requests for url: https://api.twelvedata.com/time_series?symbol=XAU/USD&interval=5min&outputsize=1500&timezone=UTC&order=ASC&apikey=c31c0cdced904fa3a0773f41bad78449
  fetch attempt 3/3 failed: 429 Client Error: Too Many Requests for url: https://api.twelvedata.com/time_series?symbol=XAU/USD&interval=5min&outputsize=1500&timezone=UTC&order=ASC&apikey=c31c0cdced904fa3a0773f41bad78449
TwelveData unavailable, falling back to tick feed: 429 Client Error: Too Many Requests for url: https://api.twelvedata.com/time_series?symbol=XAU/USD&interval=5min&outputsize=1500&timezone=UTC&order=ASC&apikey=c31c0cdced904fa3a0773f41bad78449
  feed returned 12 ticks
  data source: fallback
Outside trading session window (PKT). Skipping evaluation.
Sun Aug 30 21:35:31 UTC 2026: Scan finished OK, pinged healthcheck
Sun Aug 30 21:40:20 UTC 2026: Starting scan
  fetch attempt 1/3 failed: 429 Client Error: Too Many Requests for url: https://api.twelvedata.com/time_series?symbol=XAU/USD&interval=5min&outputsize=1500&timezone=UTC&order=ASC&apikey=c31c0cdced904fa3a0773f41bad78449
  fetch attempt 2/3 failed: 429 Client Error: Too Many Requests for url: https://api.twelvedata.com/time_series?symbol=XAU/USD&interval=5min&outputsize=1500&timezone=UTC&order=ASC&apikey=c31c0cdced904fa3a0773f41bad78449
  fetch attempt 3/3 failed: 429 Client Error: Too Many Requests for url: https://api.twelvedata.com/time_series?symbol=XAU/USD&interval=5min&outputsize=1500&timezone=UTC&order=ASC&apikey=c31c0cdced904fa3a0773f41bad78449
TwelveData unavailable, falling back to tick feed: 429 Client Error: Too Many Requests for url: https://api.twelvedata.com/time_series?symbol=XAU/USD&interval=5min&outputsize=1500&timezone=UTC&order=ASC&apikey=c31c0cdced904fa3a0773f41bad78449
  feed returned 9 ticks
  data source: fallback
Expiring Pre-signal #29: still unresolved after 36h
  notified -> telegram:True discord:True
Outside trading session window (PKT). Skipping evaluation.
Sun Aug 30 21:40:32 UTC 2026: Scan finished OK, pinged healthcheck
Sun Aug 30 21:45:20 UTC 2026: Starting scan
  fetch attempt 1/3 failed: 429 Client Error: Too Many Requests for url: https://api.twelvedata.com/time_series?symbol=XAU/USD&interval=5min&outputsize=1500&timezone=UTC&order=ASC&apikey=c31c0cdced904fa3a0773f41bad78449
  fetch attempt 2/3 failed: 429 Client Error: Too Many Requests for url: https://api.twelvedata.com/time_series?symbol=XAU/USD&interval=5min&outputsize=1500&timezone=UTC&order=ASC&apikey=c31c0cdced904fa3a0773f41bad78449
  fetch attempt 3/3 failed: 429 Client Error: Too Many Requests for url: https://api.twelvedata.com/time_series?symbol=XAU/USD&interval=5min&outputsize=1500&timezone=UTC&order=ASC&apikey=c31c0cdced904fa3a0773f41bad78449
TwelveData unavailable, falling back to tick feed: 429 Client Error: Too Many Requests for url: https://api.twelvedata.com/time_series?symbol=XAU/USD&interval=5min&outputsize=1500&timezone=UTC&order=ASC&apikey=c31c0cdced904fa3a0773f41bad78449
  feed returned 7 ticks
  data source: fallback
Outside trading session window (PKT). Skipping evaluation.
Sun Aug 30 21:45:31 UTC 2026: Scan finished OK, pinged healthcheck
Sun Aug 30 21:50:20 UTC 2026: Starting scan
  fetch attempt 1/3 failed: 429 Client Error: Too Many Requests for url: https://api.twelvedata.com/time_series?symbol=XAU/USD&interval=5min&outputsize=1500&timezone=UTC&order=ASC&apikey=c31c0cdced904fa3a0773f41bad78449
  fetch attempt 2/3 failed: 429 Client Error: Too Many Requests for url: https://api.twelvedata.com/time_series?symbol=XAU/USD&interval=5min&outputsize=1500&timezone=UTC&order=ASC&apikey=c31c0cdced904fa3a0773f41bad78449
  fetch attempt 3/3 failed: 429 Client Error: Too Many Requests for url: https://api.twelvedata.com/time_series?symbol=XAU/USD&interval=5min&outputsize=1500&timezone=UTC&order=ASC&apikey=c31c0cdced904fa3a0773f41bad78449
TwelveData unavailable, falling back to tick feed: 429 Client Error: Too Many Requests for url: https://api.twelvedata.com/time_series?symbol=XAU/USD&interval=5min&outputsize=1500&timezone=UTC&order=ASC&apikey=c31c0cdced904fa3a0773f41bad78449
  feed returned 4 ticks
  data source: fallback
Outside trading session window (PKT). Skipping evaluation.
Sun Aug 30 21:50:30 UTC 2026: Scan finished OK, pinged healthcheck
Sun Aug 30 21:55:20 UTC 2026: Starting scan
  fetch attempt 1/3 failed: 429 Client Error: Too Many Requests for url: https://api.twelvedata.com/time_series?symbol=XAU/USD&interval=5min&outputsize=1500&timezone=UTC&order=ASC&apikey=c31c0cdced904fa3a0773f41bad78449
  fetch attempt 2/3 failed: 429 Client Error: Too Many Requests for url: https://api.twelvedata.com/time_series?symbol=XAU/USD&interval=5min&outputsize=1500&timezone=UTC&order=ASC&apikey=c31c0cdced904fa3a0773f41bad78449
  fetch attempt 3/3 failed: 429 Client Error: Too Many Requests for url: https://api.twelvedata.com/time_series?symbol=XAU/USD&interval=5min&outputsize=1500&timezone=UTC&order=ASC&apikey=c31c0cdced904fa3a0773f41bad78449
TwelveData unavailable, falling back to tick feed: 429 Client Error: Too Many Requests for url: https://api.twelvedata.com/time_series?symbol=XAU/USD&interval=5min&outputsize=1500&timezone=UTC&order=ASC&apikey=c31c0cdced904fa3a0773f41bad78449
  feed returned 2 ticks
  data source: fallback
Outside trading session window (PKT). Skipping evaluation.
Sun Aug 30 21:55:31 UTC 2026: Scan finished OK, pinged healthcheck
Sun Aug 30 22:00:20 UTC 2026: Starting scan
  fetch attempt 1/3 failed: 429 Client Error: Too Many Requests for url: https://api.twelvedata.com/time_series?symbol=XAU/USD&interval=5min&outputsize=1500&timezone=UTC&order=ASC&apikey=c31c0cdced904fa3a0773f41bad78449
  fetch attempt 2/3 failed: 429 Client Error: Too Many Requests for url: https://api.twelvedata.com/time_series?symbol=XAU/USD&interval=5min&outputsize=1500&timezone=UTC&order=ASC&apikey=c31c0cdced904fa3a0773f41bad78449
  fetch attempt 3/3 failed: 429 Client Error: Too Many Requests for url: https://api.twelvedata.com/time_series?symbol=XAU/USD&interval=5min&outputsize=1500&timezone=UTC&order=ASC&apikey=c31c0cdced904fa3a0773f41bad78449
TwelveData unavailable, falling back to tick feed: 429 Client Error: Too Many Requests for url: https://api.twelvedata.com/time_series?symbol=XAU/USD&interval=5min&outputsize=1500&timezone=UTC&order=ASC&apikey=c31c0cdced904fa3a0773f41bad78449
  feed returned 1 ticks
  data source: fallback
Data unusable: could not build any candles from the feed
  notified -> telegram:True discord:True
Sun Aug 30 22:00:34 UTC 2026: Scan finished OK, pinged healthcheck
Sun Aug 30 22:05:20 UTC 2026: Starting scan
  fetch attempt 1/3 failed: 429 Client Error: Too Many Requests for url: https://api.twelvedata.com/time_series?symbol=XAU/USD&interval=5min&outputsize=1500&timezone=UTC&order=ASC&apikey=c31c0cdced904fa3a0773f41bad78449
  fetch attempt 2/3 failed: 429 Client Error: Too Many Requests for url: https://api.twelvedata.com/time_series?symbol=XAU/USD&interval=5min&outputsize=1500&timezone=UTC&order=ASC&apikey=c31c0cdced904fa3a0773f41bad78449
  fetch attempt 3/3 failed: 429 Client Error: Too Many Requests for url: https://api.twelvedata.com/time_series?symbol=XAU/USD&interval=5min&outputsize=1500&timezone=UTC&order=ASC&apikey=c31c0cdced904fa3a0773f41bad78449
TwelveData unavailable, falling back to tick feed: 429 Client Error: Too Many Requests for url: https://api.twelvedata.com/time_series?symbol=XAU/USD&interval=5min&outputsize=1500&timezone=UTC&order=ASC&apikey=c31c0cdced904fa3a0773f41bad78449
  feed returned 3 ticks
  data source: fallback
Outside trading session window (PKT). Skipping evaluation.
Sun Aug 30 22:05:31 UTC 2026: Scan finished OK, pinged healthcheck
Sun Aug 30 22:10:20 UTC 2026: Starting scan
  fetch attempt 1/3 failed: 429 Client Error: Too Many Requests for url: https://api.twelvedata.com/time_series?symbol=XAU/USD&interval=5min&outputsize=1500&timezone=UTC&order=ASC&apikey=c31c0cdced904fa3a0773f41bad78449
  fetch attempt 2/3 failed: 429 Client Error: Too Many Requests for url: https://api.twelvedata.com/time_series?symbol=XAU/USD&interval=5min&outputsize=1500&timezone=UTC&order=ASC&apikey=c31c0cdced904fa3a0773f41bad78449
  fetch attempt 3/3 failed: 429 Client Error: Too Many Requests for url: https://api.twelvedata.com/time_series?symbol=XAU/USD&interval=5min&outputsize=1500&timezone=UTC&order=ASC&apikey=c31c0cdced904fa3a0773f41bad78449
TwelveData unavailable, falling back to tick feed: 429 Client Error: Too Many Requests for url: https://api.twelvedata.com/time_series?symbol=XAU/USD&interval=5min&outputsize=1500&timezone=UTC&order=ASC&apikey=c31c0cdced904fa3a0773f41bad78449
  feed returned 6 ticks
  data source: fallback
Outside trading session window (PKT). Skipping evaluation.
Sun Aug 30 22:10:36 UTC 2026: Scan finished OK, pinged healthcheck
Sun Aug 30 22:15:20 UTC 2026: Starting scan
  fetch attempt 1/3 failed: 429 Client Error: Too Many Requests for url: https://api.twelvedata.com/time_series?symbol=XAU/USD&interval=5min&outputsize=1500&timezone=UTC&order=ASC&apikey=c31c0cdced904fa3a0773f41bad78449
  fetch attempt 2/3 failed: 429 Client Error: Too Many Requests for url: https://api.twelvedata.com/time_series?symbol=XAU/USD&interval=5min&outputsize=1500&timezone=UTC&order=ASC&apikey=c31c0cdced904fa3a0773f41bad78449
  fetch attempt 3/3 failed: 429 Client Error: Too Many Requests for url: https://api.twelvedata.com/time_series?symbol=XAU/USD&interval=5min&outputsize=1500&timezone=UTC&order=ASC&apikey=c31c0cdced904fa3a0773f41bad78449
TwelveData unavailable, falling back to tick feed: 429 Client Error: Too Many Requests for url: https://api.twelvedata.com/time_series?symbol=XAU/USD&interval=5min&outputsize=1500&timezone=UTC&order=ASC&apikey=c31c0cdced904fa3a0773f41bad78449
  feed returned 8 ticks
  data source: fallback
Outside trading session window (PKT). Skipping evaluation.
Sun Aug 30 22:15:31 UTC 2026: Scan finished OK, pinged healthcheck
Sun Aug 30 22:20:20 UTC 2026: Starting scan
  fetch attempt 1/3 failed: 429 Client Error: Too Many Requests for url: https://api.twelvedata.com/time_series?symbol=XAU/USD&interval=5min&outputsize=1500&timezone=UTC&order=ASC&apikey=c31c0cdced904fa3a0773f41bad78449
  fetch attempt 2/3 failed: 429 Client Error: Too Many Requests for url: https://api.twelvedata.com/time_series?symbol=XAU/USD&interval=5min&outputsize=1500&timezone=UTC&order=ASC&apikey=c31c0cdced904fa3a0773f41bad78449
  fetch attempt 3/3 failed: 429 Client Error: Too Many Requests for url: https://api.twelvedata.com/time_series?symbol=XAU/USD&interval=5min&outputsize=1500&timezone=UTC&order=ASC&apikey=c31c0cdced904fa3a0773f41bad78449
TwelveData unavailable, falling back to tick feed: 429 Client Error: Too Many Requests for url: https://api.twelvedata.com/time_series?symbol=XAU/USD&interval=5min&outputsize=1500&timezone=UTC&order=ASC&apikey=c31c0cdced904fa3a0773f41bad78449
  feed returned 11 ticks
  data source: fallback
Outside trading session window (PKT). Skipping evaluation.
Sun Aug 30 22:20:30 UTC 2026: Scan finished OK, pinged healthcheck
Sun Aug 30 22:25:20 UTC 2026: Starting scan
  fetch attempt 1/3 failed: 429 Client Error: Too Many Requests for url: https://api.twelvedata.com/time_series?symbol=XAU/USD&interval=5min&outputsize=1500&timezone=UTC&order=ASC&apikey=c31c0cdced904fa3a0773f41bad78449
  fetch attempt 2/3 failed: 429 Client Error: Too Many Requests for url: https://api.twelvedata.com/time_series?symbol=XAU/USD&interval=5min&outputsize=1500&timezone=UTC&order=ASC&apikey=c31c0cdced904fa3a0773f41bad78449
  fetch attempt 3/3 failed: 429 Client Error: Too Many Requests for url: https://api.twelvedata.com/time_series?symbol=XAU/USD&interval=5min&outputsize=1500&timezone=UTC&order=ASC&apikey=c31c0cdced904fa3a0773f41bad78449
TwelveData unavailable, falling back to tick feed: 429 Client Error: Too Many Requests for url: https://api.twelvedata.com/time_series?symbol=XAU/USD&interval=5min&outputsize=1500&timezone=UTC&order=ASC&apikey=c31c0cdced904fa3a0773f41bad78449
  feed returned 13 ticks
  data source: fallback
Outside trading session window (PKT). Skipping evaluation.
Sun Aug 30 22:25:31 UTC 2026: Scan finished OK, pinged healthcheck
Sun Aug 30 22:30:20 UTC 2026: Starting scan
  fetch attempt 1/3 failed: 429 Client Error: Too Many Requests for url: https://api.twelvedata.com/time_series?symbol=XAU/USD&interval=5min&outputsize=1500&timezone=UTC&order=ASC&apikey=c31c0cdced904fa3a0773f41bad78449
  fetch attempt 2/3 failed: 429 Client Error: Too Many Requests for url: https://api.twelvedata.com/time_series?symbol=XAU/USD&interval=5min&outputsize=1500&timezone=UTC&order=ASC&apikey=c31c0cdced904fa3a0773f41bad78449
  fetch attempt 3/3 failed: 429 Client Error: Too Many Requests for url: https://api.twelvedata.com/time_series?symbol=XAU/USD&interval=5min&outputsize=1500&timezone=UTC&order=ASC&apikey=c31c0cdced904fa3a0773f41bad78449
TwelveData unavailable, falling back to tick feed: 429 Client Error: Too Many Requests for url: https://api.twelvedata.com/time_series?symbol=XAU/USD&interval=5min&outputsize=1500&timezone=UTC&order=ASC&apikey=c31c0cdced904fa3a0773f41bad78449
  feed returned 16 ticks
  data source: fallback
Outside trading session window (PKT). Skipping evaluation.
Sun Aug 30 22:30:32 UTC 2026: Scan finished OK, pinged healthcheck
Sun Aug 30 22:35:20 UTC 2026: Starting scan
  fetch attempt 1/3 failed: 429 Client Error: Too Many Requests for url: https://api.twelvedata.com/time_series?symbol=XAU/USD&interval=5min&outputsize=1500&timezone=UTC&order=ASC&apikey=c31c0cdced904fa3a0773f41bad78449
  fetch attempt 2/3 failed: 429 Client Error: Too Many Requests for url: https://api.twelvedata.com/time_series?symbol=XAU/USD&interval=5min&outputsize=1500&timezone=UTC&order=ASC&apikey=c31c0cdced904fa3a0773f41bad78449
  fetch attempt 3/3 failed: 429 Client Error: Too Many Requests for url: https://api.twelvedata.com/time_series?symbol=XAU/USD&interval=5min&outputsize=1500&timezone=UTC&order=ASC&apikey=c31c0cdced904fa3a0773f41bad78449
TwelveData unavailable, falling back to tick feed: 429 Client Error: Too Many Requests for url: https://api.twelvedata.com/time_series?symbol=XAU/USD&interval=5min&outputsize=1500&timezone=UTC&order=ASC&apikey=c31c0cdced904fa3a0773f41bad78449
  feed returned 18 ticks
  data source: fallback
Outside trading session window (PKT). Skipping evaluation.
Sun Aug 30 22:35:31 UTC 2026: Scan finished OK, pinged healthcheck
Sun Aug 30 22:40:20 UTC 2026: Starting scan
  fetch attempt 1/3 failed: 429 Client Error: Too Many Requests for url: https://api.twelvedata.com/time_series?symbol=XAU/USD&interval=5min&outputsize=1500&timezone=UTC&order=ASC&apikey=c31c0cdced904fa3a0773f41bad78449
  fetch attempt 2/3 failed: 429 Client Error: Too Many Requests for url: https://api.twelvedata.com/time_series?symbol=XAU/USD&interval=5min&outputsize=1500&timezone=UTC&order=ASC&apikey=c31c0cdced904fa3a0773f41bad78449
  fetch attempt 3/3 failed: 429 Client Error: Too Many Requests for url: https://api.twelvedata.com/time_series?symbol=XAU/USD&interval=5min&outputsize=1500&timezone=UTC&order=ASC&apikey=c31c0cdced904fa3a0773f41bad78449
TwelveData unavailable, falling back to tick feed: 429 Client Error: Too Many Requests for url: https://api.twelvedata.com/time_series?symbol=XAU/USD&interval=5min&outputsize=1500&timezone=UTC&order=ASC&apikey=c31c0cdced904fa3a0773f41bad78449
  feed returned 21 ticks
  data source: fallback
Outside trading session window (PKT). Skipping evaluation.
Sun Aug 30 22:40:30 UTC 2026: Scan finished OK, pinged healthcheck
Sun Aug 30 22:45:20 UTC 2026: Starting scan
  fetch attempt 1/3 failed: 429 Client Error: Too Many Requests for url: https://api.twelvedata.com/time_series?symbol=XAU/USD&interval=5min&outputsize=1500&timezone=UTC&order=ASC&apikey=c31c0cdced904fa3a0773f41bad78449
  fetch attempt 2/3 failed: 429 Client Error: Too Many Requests for url: https://api.twelvedata.com/time_series?symbol=XAU/USD&interval=5min&outputsize=1500&timezone=UTC&order=ASC&apikey=c31c0cdced904fa3a0773f41bad78449
  fetch attempt 3/3 failed: 429 Client Error: Too Many Requests for url: https://api.twelvedata.com/time_series?symbol=XAU/USD&interval=5min&outputsize=1500&timezone=UTC&order=ASC&apikey=c31c0cdced904fa3a0773f41bad78449
TwelveData unavailable, falling back to tick feed: 429 Client Error: Too Many Requests for url: https://api.twelvedata.com/time_series?symbol=XAU/USD&interval=5min&outputsize=1500&timezone=UTC&order=ASC&apikey=c31c0cdced904fa3a0773f41bad78449
  feed returned 23 ticks
  data source: fallback
Outside trading session window (PKT). Skipping evaluation.
Sun Aug 30 22:45:31 UTC 2026: Scan finished OK, pinged healthcheck
Sun Aug 30 22:50:20 UTC 2026: Starting scan
  fetch attempt 1/3 failed: 429 Client Error: Too Many Requests for url: https://api.twelvedata.com/time_series?symbol=XAU/USD&interval=5min&outputsize=1500&timezone=UTC&order=ASC&apikey=c31c0cdced904fa3a0773f41bad78449
  fetch attempt 2/3 failed: 429 Client Error: Too Many Requests for url: https://api.twelvedata.com/time_series?symbol=XAU/USD&interval=5min&outputsize=1500&timezone=UTC&order=ASC&apikey=c31c0cdced904fa3a0773f41bad78449
  fetch attempt 3/3 failed: 429 Client Error: Too Many Requests for url: https://api.twelvedata.com/time_series?symbol=XAU/USD&interval=5min&outputsize=1500&timezone=UTC&order=ASC&apikey=c31c0cdced904fa3a0773f41bad78449
TwelveData unavailable, falling back to tick feed: 429 Client Error: Too Many Requests for url: https://api.twelvedata.com/time_series?symbol=XAU/USD&interval=5min&outputsize=1500&timezone=UTC&order=ASC&apikey=c31c0cdced904fa3a0773f41bad78449
  feed returned 26 ticks
  data source: fallback
Outside trading session window (PKT). Skipping evaluation.
Sun Aug 30 22:50:31 UTC 2026: Scan finished OK, pinged healthcheck
Sun Aug 30 22:55:20 UTC 2026: Starting scan
  fetch attempt 1/3 failed: 429 Client Error: Too Many Requests for url: https://api.twelvedata.com/time_series?symbol=XAU/USD&interval=5min&outputsize=1500&timezone=UTC&order=ASC&apikey=c31c0cdced904fa3a0773f41bad78449
  fetch attempt 2/3 failed: 429 Client Error: Too Many Requests for url: https://api.twelvedata.com/time_series?symbol=XAU/USD&interval=5min&outputsize=1500&timezone=UTC&order=ASC&apikey=c31c0cdced904fa3a0773f41bad78449
  fetch attempt 3/3 failed: 429 Client Error: Too Many Requests for url: https://api.twelvedata.com/time_series?symbol=XAU/USD&interval=5min&outputsize=1500&timezone=UTC&order=ASC&apikey=c31c0cdced904fa3a0773f41bad78449
TwelveData unavailable, falling back to tick feed: 429 Client Error: Too Many Requests for url: https://api.twelvedata.com/time_series?symbol=XAU/USD&interval=5min&outputsize=1500&timezone=UTC&order=ASC&apikey=c31c0cdced904fa3a0773f41bad78449
  feed returned 28 ticks
  data source: fallback
Outside trading session window (PKT). Skipping evaluation.
Sun Aug 30 22:55:30 UTC 2026: Scan finished OK, pinged healthcheck
Sun Aug 30 23:00:20 UTC 2026: Starting scan
  fetch attempt 1/3 failed: 429 Client Error: Too Many Requests for url: https://api.twelvedata.com/time_series?symbol=XAU/USD&interval=5min&outputsize=1500&timezone=UTC&order=ASC&apikey=c31c0cdced904fa3a0773f41bad78449
  fetch attempt 2/3 failed: 429 Client Error: Too Many Requests for url: https://api.twelvedata.com/time_series?symbol=XAU/USD&interval=5min&outputsize=1500&timezone=UTC&order=ASC&apikey=c31c0cdced904fa3a0773f41bad78449
  fetch attempt 3/3 failed: 429 Client Error: Too Many Requests for url: https://api.twelvedata.com/time_series?symbol=XAU/USD&interval=5min&outputsize=1500&timezone=UTC&order=ASC&apikey=c31c0cdced904fa3a0773f41bad78449
TwelveData unavailable, falling back to tick feed: 429 Client Error: Too Many Requests for url: https://api.twelvedata.com/time_series?symbol=XAU/USD&interval=5min&outputsize=1500&timezone=UTC&order=ASC&apikey=c31c0cdced904fa3a0773f41bad78449
  feed returned 31 ticks
  data source: fallback
Outside trading session window (PKT). Skipping evaluation.
Sun Aug 30 23:00:33 UTC 2026: Scan finished OK, pinged healthcheck
Sun Aug 30 23:05:20 UTC 2026: Starting scan
  fetch attempt 1/3 failed: 429 Client Error: Too Many Requests for url: https://api.twelvedata.com/time_series?symbol=XAU/USD&interval=5min&outputsize=1500&timezone=UTC&order=ASC&apikey=c31c0cdced904fa3a0773f41bad78449
  fetch attempt 2/3 failed: 429 Client Error: Too Many Requests for url: https://api.twelvedata.com/time_series?symbol=XAU/USD&interval=5min&outputsize=1500&timezone=UTC&order=ASC&apikey=c31c0cdced904fa3a0773f41bad78449
  fetch attempt 3/3 failed: 429 Client Error: Too Many Requests for url: https://api.twelvedata.com/time_series?symbol=XAU/USD&interval=5min&outputsize=1500&timezone=UTC&order=ASC&apikey=c31c0cdced904fa3a0773f41bad78449
TwelveData unavailable, falling back to tick feed: 429 Client Error: Too Many Requests for url: https://api.twelvedata.com/time_series?symbol=XAU/USD&interval=5min&outputsize=1500&timezone=UTC&order=ASC&apikey=c31c0cdced904fa3a0773f41bad78449
  feed returned 33 ticks
  data source: fallback
Outside trading session window (PKT). Skipping evaluation.
Sun Aug 30 23:05:31 UTC 2026: Scan finished OK, pinged healthcheck
Sun Aug 30 23:10:20 UTC 2026: Starting scan
  fetch attempt 1/3 failed: 429 Client Error: Too Many Requests for url: https://api.twelvedata.com/time_series?symbol=XAU/USD&interval=5min&outputsize=1500&timezone=UTC&order=ASC&apikey=c31c0cdced904fa3a0773f41bad78449
  fetch attempt 2/3 failed: 429 Client Error: Too Many Requests for url: https://api.twelvedata.com/time_series?symbol=XAU/USD&interval=5min&outputsize=1500&timezone=UTC&order=ASC&apikey=c31c0cdced904fa3a0773f41bad78449
  fetch attempt 3/3 failed: 429 Client Error: Too Many Requests for url: https://api.twelvedata.com/time_series?symbol=XAU/USD&interval=5min&outputsize=1500&timezone=UTC&order=ASC&apikey=c31c0cdced904fa3a0773f41bad78449
TwelveData unavailable, falling back to tick feed: 429 Client Error: Too Many Requests for url: https://api.twelvedata.com/time_series?symbol=XAU/USD&interval=5min&outputsize=1500&timezone=UTC&order=ASC&apikey=c31c0cdced904fa3a0773f41bad78449
  feed returned 36 ticks
  data source: fallback
Outside trading session window (PKT). Skipping evaluation.
Sun Aug 30 23:10:31 UTC 2026: Scan finished OK, pinged healthcheck
Sun Aug 30 23:15:20 UTC 2026: Starting scan
  fetch attempt 1/3 failed: 429 Client Error: Too Many Requests for url: https://api.twelvedata.com/time_series?symbol=XAU/USD&interval=5min&outputsize=1500&timezone=UTC&order=ASC&apikey=c31c0cdced904fa3a0773f41bad78449
  fetch attempt 2/3 failed: 429 Client Error: Too Many Requests for url: https://api.twelvedata.com/time_series?symbol=XAU/USD&interval=5min&outputsize=1500&timezone=UTC&order=ASC&apikey=c31c0cdced904fa3a0773f41bad78449
  fetch attempt 3/3 failed: 429 Client Error: Too Many Requests for url: https://api.twelvedata.com/time_series?symbol=XAU/USD&interval=5min&outputsize=1500&timezone=UTC&order=ASC&apikey=c31c0cdced904fa3a0773f41bad78449
TwelveData unavailable, falling back to tick feed: 429 Client Error: Too Many Requests for url: https://api.twelvedata.com/time_series?symbol=XAU/USD&interval=5min&outputsize=1500&timezone=UTC&order=ASC&apikey=c31c0cdced904fa3a0773f41bad78449
  feed returned 38 ticks
  data source: fallback
Outside trading session window (PKT). Skipping evaluation.
Sun Aug 30 23:15:31 UTC 2026: Scan finished OK, pinged healthcheck
Sun Aug 30 23:20:20 UTC 2026: Starting scan
  fetch attempt 1/3 failed: 429 Client Error: Too Many Requests for url: https://api.twelvedata.com/time_series?symbol=XAU/USD&interval=5min&outputsize=1500&timezone=UTC&order=ASC&apikey=c31c0cdced904fa3a0773f41bad78449
  fetch attempt 2/3 failed: 429 Client Error: Too Many Requests for url: https://api.twelvedata.com/time_series?symbol=XAU/USD&interval=5min&outputsize=1500&timezone=UTC&order=ASC&apikey=c31c0cdced904fa3a0773f41bad78449
  fetch attempt 3/3 failed: 429 Client Error: Too Many Requests for url: https://api.twelvedata.com/time_series?symbol=XAU/USD&interval=5min&outputsize=1500&timezone=UTC&order=ASC&apikey=c31c0cdced904fa3a0773f41bad78449
TwelveData unavailable, falling back to tick feed: 429 Client Error: Too Many Requests for url: https://api.twelvedata.com/time_series?symbol=XAU/USD&interval=5min&outputsize=1500&timezone=UTC&order=ASC&apikey=c31c0cdced904fa3a0773f41bad78449
  feed returned 41 ticks
  data source: fallback
Outside trading session window (PKT). Skipping evaluation.
Sun Aug 30 23:20:30 UTC 2026: Scan finished OK, pinged healthcheck
Sun Aug 30 23:25:20 UTC 2026: Starting scan
  fetch attempt 1/3 failed: 429 Client Error: Too Many Requests for url: https://api.twelvedata.com/time_series?symbol=XAU/USD&interval=5min&outputsize=1500&timezone=UTC&order=ASC&apikey=c31c0cdced904fa3a0773f41bad78449
  fetch attempt 2/3 failed: 429 Client Error: Too Many Requests for url: https://api.twelvedata.com/time_series?symbol=XAU/USD&interval=5min&outputsize=1500&timezone=UTC&order=ASC&apikey=c31c0cdced904fa3a0773f41bad78449
  fetch attempt 3/3 failed: 429 Client Error: Too Many Requests for url: https://api.twelvedata.com/time_series?symbol=XAU/USD&interval=5min&outputsize=1500&timezone=UTC&order=ASC&apikey=c31c0cdced904fa3a0773f41bad78449
TwelveData unavailable, falling back to tick feed: 429 Client Error: Too Many Requests for url: https://api.twelvedata.com/time_series?symbol=XAU/USD&interval=5min&outputsize=1500&timezone=UTC&order=ASC&apikey=c31c0cdced904fa3a0773f41bad78449
  feed returned 43 ticks
  data source: fallback
Outside trading session window (PKT). Skipping evaluation.
Sun Aug 30 23:25:31 UTC 2026: Scan finished OK, pinged healthcheck
Sun Aug 30 23:30:20 UTC 2026: Starting scan
  fetch attempt 1/3 failed: 429 Client Error: Too Many Requests for url: https://api.twelvedata.com/time_series?symbol=XAU/USD&interval=5min&outputsize=1500&timezone=UTC&order=ASC&apikey=c31c0cdced904fa3a0773f41bad78449
  fetch attempt 2/3 failed: 429 Client Error: Too Many Requests for url: https://api.twelvedata.com/time_series?symbol=XAU/USD&interval=5min&outputsize=1500&timezone=UTC&order=ASC&apikey=c31c0cdced904fa3a0773f41bad78449
  fetch attempt 3/3 failed: 429 Client Error: Too Many Requests for url: https://api.twelvedata.com/time_series?symbol=XAU/USD&interval=5min&outputsize=1500&timezone=UTC&order=ASC&apikey=c31c0cdced904fa3a0773f41bad78449
TwelveData unavailable, falling back to tick feed: 429 Client Error: Too Many Requests for url: https://api.twelvedata.com/time_series?symbol=XAU/USD&interval=5min&outputsize=1500&timezone=UTC&order=ASC&apikey=c31c0cdced904fa3a0773f41bad78449
  feed returned 46 ticks
  data source: fallback
Outside trading session window (PKT). Skipping evaluation.
Sun Aug 30 23:30:33 UTC 2026: Scan finished OK, pinged healthcheck
Sun Aug 30 23:35:20 UTC 2026: Starting scan
  fetch attempt 1/3 failed: 429 Client Error: Too Many Requests for url: https://api.twelvedata.com/time_series?symbol=XAU/USD&interval=5min&outputsize=1500&timezone=UTC&order=ASC&apikey=c31c0cdced904fa3a0773f41bad78449
  fetch attempt 2/3 failed: 429 Client Error: Too Many Requests for url: https://api.twelvedata.com/time_series?symbol=XAU/USD&interval=5min&outputsize=1500&timezone=UTC&order=ASC&apikey=c31c0cdced904fa3a0773f41bad78449
  fetch attempt 3/3 failed: 429 Client Error: Too Many Requests for url: https://api.twelvedata.com/time_series?symbol=XAU/USD&interval=5min&outputsize=1500&timezone=UTC&order=ASC&apikey=c31c0cdced904fa3a0773f41bad78449
TwelveData unavailable, falling back to tick feed: 429 Client Error: Too Many Requests for url: https://api.twelvedata.com/time_series?symbol=XAU/USD&interval=5min&outputsize=1500&timezone=UTC&order=ASC&apikey=c31c0cdced904fa3a0773f41bad78449
  feed returned 48 ticks
  data source: fallback
Outside trading session window (PKT). Skipping evaluation.
Sun Aug 30 23:35:30 UTC 2026: Scan finished OK, pinged healthcheck
Sun Aug 30 23:40:20 UTC 2026: Starting scan
  fetch attempt 1/3 failed: 429 Client Error: Too Many Requests for url: https://api.twelvedata.com/time_series?symbol=XAU/USD&interval=5min&outputsize=1500&timezone=UTC&order=ASC&apikey=c31c0cdced904fa3a0773f41bad78449
  fetch attempt 2/3 failed: 429 Client Error: Too Many Requests for url: https://api.twelvedata.com/time_series?symbol=XAU/USD&interval=5min&outputsize=1500&timezone=UTC&order=ASC&apikey=c31c0cdced904fa3a0773f41bad78449
  fetch attempt 3/3 failed: 429 Client Error: Too Many Requests for url: https://api.twelvedata.com/time_series?symbol=XAU/USD&interval=5min&outputsize=1500&timezone=UTC&order=ASC&apikey=c31c0cdced904fa3a0773f41bad78449
TwelveData unavailable, falling back to tick feed: 429 Client Error: Too Many Requests for url: https://api.twelvedata.com/time_series?symbol=XAU/USD&interval=5min&outputsize=1500&timezone=UTC&order=ASC&apikey=c31c0cdced904fa3a0773f41bad78449
  feed returned 51 ticks
  data source: fallback
Outside trading session window (PKT). Skipping evaluation.
Sun Aug 30 23:40:31 UTC 2026: Scan finished OK, pinged healthcheck
Sun Aug 30 23:45:20 UTC 2026: Starting scan
  fetch attempt 1/3 failed: 429 Client Error: Too Many Requests for url: https://api.twelvedata.com/time_series?symbol=XAU/USD&interval=5min&outputsize=1500&timezone=UTC&order=ASC&apikey=c31c0cdced904fa3a0773f41bad78449
  fetch attempt 2/3 failed: 429 Client Error: Too Many Requests for url: https://api.twelvedata.com/time_series?symbol=XAU/USD&interval=5min&outputsize=1500&timezone=UTC&order=ASC&apikey=c31c0cdced904fa3a0773f41bad78449
  fetch attempt 3/3 failed: 429 Client Error: Too Many Requests for url: https://api.twelvedata.com/time_series?symbol=XAU/USD&interval=5min&outputsize=1500&timezone=UTC&order=ASC&apikey=c31c0cdced904fa3a0773f41bad78449
TwelveData unavailable, falling back to tick feed: 429 Client Error: Too Many Requests for url: https://api.twelvedata.com/time_series?symbol=XAU/USD&interval=5min&outputsize=1500&timezone=UTC&order=ASC&apikey=c31c0cdced904fa3a0773f41bad78449
  feed returned 53 ticks
  data source: fallback
Outside trading session window (PKT). Skipping evaluation.
Sun Aug 30 23:45:31 UTC 2026: Scan finished OK, pinged healthcheck
Sun Aug 30 23:50:20 UTC 2026: Starting scan
  fetch attempt 1/3 failed: 429 Client Error: Too Many Requests for url: https://api.twelvedata.com/time_series?symbol=XAU/USD&interval=5min&outputsize=1500&timezone=UTC&order=ASC&apikey=c31c0cdced904fa3a0773f41bad78449
  fetch attempt 2/3 failed: 429 Client Error: Too Many Requests for url: https://api.twelvedata.com/time_series?symbol=XAU/USD&interval=5min&outputsize=1500&timezone=UTC&order=ASC&apikey=c31c0cdced904fa3a0773f41bad78449
  fetch attempt 3/3 failed: 429 Client Error: Too Many Requests for url: https://api.twelvedata.com/time_series?symbol=XAU/USD&interval=5min&outputsize=1500&timezone=UTC&order=ASC&apikey=c31c0cdced904fa3a0773f41bad78449
TwelveData unavailable, falling back to tick feed: 429 Client Error: Too Many Requests for url: https://api.twelvedata.com/time_series?symbol=XAU/USD&interval=5min&outputsize=1500&timezone=UTC&order=ASC&apikey=c31c0cdced904fa3a0773f41bad78449
  feed returned 56 ticks
  data source: fallback
Outside trading session window (PKT). Skipping evaluation.
Sun Aug 30 23:50:31 UTC 2026: Scan finished OK, pinged healthcheck
Sun Aug 30 23:55:20 UTC 2026: Starting scan
  fetch attempt 1/3 failed: 429 Client Error: Too Many Requests for url: https://api.twelvedata.com/time_series?symbol=XAU/USD&interval=5min&outputsize=1500&timezone=UTC&order=ASC&apikey=c31c0cdced904fa3a0773f41bad78449
  fetch attempt 2/3 failed: 429 Client Error: Too Many Requests for url: https://api.twelvedata.com/time_series?symbol=XAU/USD&interval=5min&outputsize=1500&timezone=UTC&order=ASC&apikey=c31c0cdced904fa3a0773f41bad78449
  fetch attempt 3/3 failed: 429 Client Error: Too Many Requests for url: https://api.twelvedata.com/time_series?symbol=XAU/USD&interval=5min&outputsize=1500&timezone=UTC&order=ASC&apikey=c31c0cdced904fa3a0773f41bad78449
TwelveData unavailable, falling back to tick feed: 429 Client Error: Too Many Requests for url: https://api.twelvedata.com/time_series?symbol=XAU/USD&interval=5min&outputsize=1500&timezone=UTC&order=ASC&apikey=c31c0cdced904fa3a0773f41bad78449
  feed returned 58 ticks
  data source: fallback
Outside trading session window (PKT). Skipping evaluation.
Sun Aug 30 23:55:30 UTC 2026: Scan finished OK, pinged healthcheck
Mon Aug 31 00:00:20 UTC 2026: Starting scan
  fetch attempt 1/3 failed: HTTPSConnectionPool(host='api.twelvedata.com', port=443): Read timed out. (read timeout=30)
  fetch attempt 2/3 failed: 522 Server Error: <none> for url: https://api.twelvedata.com/time_series?symbol=XAU/USD&interval=5min&outputsize=1500&timezone=UTC&order=ASC&apikey=c31c0cdced904fa3a0773f41bad78449
  TwelveData returned 1500 5m candles
  data source: twelvedata
  live quote: 4458.71
Outside trading session window (PKT). Skipping evaluation.
Mon Aug 31 00:01:38 UTC 2026: Scan finished OK, pinged healthcheck
Mon Aug 31 00:05:20 UTC 2026: Starting scan
  TwelveData returned 1500 5m candles
  data source: twelvedata
  live quote: 4455.73
Outside trading session window (PKT). Skipping evaluation.
Mon Aug 31 00:05:37 UTC 2026: Scan finished OK, pinged healthcheck
Mon Aug 31 00:10:20 UTC 2026: Starting scan
  TwelveData returned 1500 5m candles
  data source: twelvedata
  live quote: 4458.12
Outside trading session window (PKT). Skipping evaluation.
Mon Aug 31 00:10:37 UTC 2026: Scan finished OK, pinged healthcheck
Mon Aug 31 00:15:20 UTC 2026: Starting scan
  TwelveData returned 1500 5m candles
  data source: twelvedata
  live quote: 4462.89
Outside trading session window (PKT). Skipping evaluation.
Mon Aug 31 00:15:37 UTC 2026: Scan finished OK, pinged healthcheck
Mon Aug 31 00:20:20 UTC 2026: Starting scan
  TwelveData returned 1500 5m candles
  data source: twelvedata
  live quote: 4460.10
Outside trading session window (PKT). Skipping evaluation.
Mon Aug 31 00:20:36 UTC 2026: Scan finished OK, pinged healthcheck
Mon Aug 31 00:25:20 UTC 2026: Starting scan
  TwelveData returned 1500 5m candles
  data source: twelvedata
  live quote: 4457.32
Outside trading session window (PKT). Skipping evaluation.
Mon Aug 31 00:25:35 UTC 2026: Scan finished OK, pinged healthcheck
Mon Aug 31 00:30:20 UTC 2026: Starting scan
  TwelveData returned 1500 5m candles
  data source: twelvedata
  live quote: 4455.73
Outside trading session window (PKT). Skipping evaluation.
Mon Aug 31 00:30:40 UTC 2026: Scan finished OK, pinged healthcheck
Mon Aug 31 00:35:20 UTC 2026: Starting scan
  TwelveData returned 1500 5m candles
  data source: twelvedata
  live quote: 4463.89
Outside trading session window (PKT). Skipping evaluation.
Mon Aug 31 00:35:36 UTC 2026: Scan finished OK, pinged healthcheck
Mon Aug 31 00:40:20 UTC 2026: Starting scan
  TwelveData returned 1500 5m candles
  data source: twelvedata
  live quote: 4469.07
Outside trading session window (PKT). Skipping evaluation.
Mon Aug 31 00:40:36 UTC 2026: Scan finished OK, pinged healthcheck
Mon Aug 31 00:45:20 UTC 2026: Starting scan
  TwelveData returned 1500 5m candles
  data source: twelvedata
  live quote: 4464.68
Outside trading session window (PKT). Skipping evaluation.
Mon Aug 31 00:45:36 UTC 2026: Scan finished OK, pinged healthcheck
Mon Aug 31 00:50:20 UTC 2026: Starting scan
  TwelveData returned 1500 5m candles
  data source: twelvedata
  live quote: 4467.68
Outside trading session window (PKT). Skipping evaluation.
Mon Aug 31 00:50:35 UTC 2026: Scan finished OK, pinged healthcheck
Mon Aug 31 00:55:20 UTC 2026: Starting scan
  TwelveData returned 1500 5m candles
  data source: twelvedata
  live quote: 4465.68
Outside trading session window (PKT). Skipping evaluation.
Mon Aug 31 00:55:35 UTC 2026: Scan finished OK, pinged healthcheck
Mon Aug 31 01:00:20 UTC 2026: Starting scan
  TwelveData returned 1500 5m candles
  data source: twelvedata
  live quote: 4458.51
Outside trading session window (PKT). Skipping evaluation.
Mon Aug 31 01:00:39 UTC 2026: Scan finished OK, pinged healthcheck
Mon Aug 31 01:05:20 UTC 2026: Starting scan
  TwelveData returned 1500 5m candles
  data source: twelvedata
  live quote: 4458.91
Outside trading session window (PKT). Skipping evaluation.
Mon Aug 31 01:05:36 UTC 2026: Scan finished OK, pinged healthcheck
Mon Aug 31 01:10:20 UTC 2026: Starting scan
  TwelveData returned 1500 5m candles
  data source: twelvedata
  live quote: 4442.08
Outside trading session window (PKT). Skipping evaluation.
Mon Aug 31 01:10:36 UTC 2026: Scan finished OK, pinged healthcheck
Mon Aug 31 01:15:20 UTC 2026: Starting scan
  TwelveData returned 1500 5m candles
  data source: twelvedata
  live quote: 4441.48
Outside trading session window (PKT). Skipping evaluation.
Mon Aug 31 01:15:38 UTC 2026: Scan finished OK, pinged healthcheck
Mon Aug 31 01:20:20 UTC 2026: Starting scan
  TwelveData returned 1500 5m candles
  data source: twelvedata
  live quote: 4451.77
Outside trading session window (PKT). Skipping evaluation.
Mon Aug 31 01:20:36 UTC 2026: Scan finished OK, pinged healthcheck
Mon Aug 31 01:25:20 UTC 2026: Starting scan
  TwelveData returned 1500 5m candles
  data source: twelvedata
  live quote: 4447.41
Outside trading session window (PKT). Skipping evaluation.
Mon Aug 31 01:25:36 UTC 2026: Scan finished OK, pinged healthcheck
Mon Aug 31 01:30:20 UTC 2026: Starting scan
  TwelveData returned 1500 5m candles
  data source: twelvedata
  live quote: 4444.25
Outside trading session window (PKT). Skipping evaluation.
Mon Aug 31 01:30:37 UTC 2026: Scan finished OK, pinged healthcheck
Mon Aug 31 01:35:20 UTC 2026: Starting scan
  TwelveData returned 1500 5m candles
  data source: twelvedata
  live quote: 4439.91
Outside trading session window (PKT). Skipping evaluation.
Mon Aug 31 01:35:36 UTC 2026: Scan finished OK, pinged healthcheck
Mon Aug 31 01:40:20 UTC 2026: Starting scan
  TwelveData returned 1500 5m candles
  data source: twelvedata
  live quote: 4450.38
Outside trading session window (PKT). Skipping evaluation.
Mon Aug 31 01:40:35 UTC 2026: Scan finished OK, pinged healthcheck
Mon Aug 31 01:45:20 UTC 2026: Starting scan
  TwelveData returned 1500 5m candles
  data source: twelvedata
  live quote: 4451.57
Outside trading session window (PKT). Skipping evaluation.
Mon Aug 31 01:45:36 UTC 2026: Scan finished OK, pinged healthcheck
Mon Aug 31 01:50:20 UTC 2026: Starting scan
  TwelveData returned 1500 5m candles
  data source: twelvedata
  live quote: 4438.53
Outside trading session window (PKT). Skipping evaluation.
Mon Aug 31 01:50:35 UTC 2026: Scan finished OK, pinged healthcheck
Mon Aug 31 01:55:20 UTC 2026: Starting scan
  TwelveData returned 1500 5m candles
  data source: twelvedata
  live quote: 4442.47
Outside trading session window (PKT). Skipping evaluation.
Mon Aug 31 01:55:35 UTC 2026: Scan finished OK, pinged healthcheck
Mon Aug 31 02:00:20 UTC 2026: Starting scan
  TwelveData returned 1500 5m candles
  data source: twelvedata
  live quote: 4441.29
Evaluated state: PRE_SELL | spot: 4441.2862
  notified -> telegram:True discord:True
Mon Aug 31 02:00:39 UTC 2026: Scan finished OK, pinged healthcheck
Mon Aug 31 02:05:20 UTC 2026: Starting scan
  TwelveData returned 1500 5m candles
  data source: twelvedata
  live quote: 4425.37
Evaluated state: PRE_SELL | spot: 4425.3662
No state change, no notification sent.
Mon Aug 31 02:05:36 UTC 2026: Scan finished OK, pinged healthcheck
Mon Aug 31 02:10:20 UTC 2026: Starting scan
  TwelveData returned 1500 5m candles
  data source: twelvedata
  live quote: 4431.05
  notified -> telegram:True discord:True
Evaluated state: PRE_SELL | spot: 4431.05282
No state change, no notification sent.
Mon Aug 31 02:10:38 UTC 2026: Scan finished OK, pinged healthcheck
Mon Aug 31 02:15:20 UTC 2026: Starting scan
  TwelveData returned 1500 5m candles
  data source: twelvedata
  live quote: 4424.00
Evaluated state: PRE_SELL | spot: 4423.99575
No state change, no notification sent.
Mon Aug 31 02:15:37 UTC 2026: Scan finished OK, pinged healthcheck
Mon Aug 31 02:20:20 UTC 2026: Starting scan
  TwelveData returned 1500 5m candles
  data source: twelvedata
  live quote: 4421.06
Evaluated state: NO_TRADE | spot: 4421.06194
Mon Aug 31 02:20:35 UTC 2026: Scan finished OK, pinged healthcheck
Mon Aug 31 02:25:20 UTC 2026: Starting scan
  TwelveData returned 1500 5m candles
  data source: twelvedata
  live quote: 4424.78
Evaluated state: NO_TRADE | spot: 4424.77876
No state change, no notification sent.
Mon Aug 31 02:25:34 UTC 2026: Scan finished OK, pinged healthcheck
Mon Aug 31 02:30:20 UTC 2026: Starting scan
  TwelveData returned 1500 5m candles
  data source: twelvedata
  live quote: 4425.17
Evaluated state: PRE_SELL | spot: 4425.17037
  notified -> telegram:True discord:True
Mon Aug 31 02:30:33 UTC 2026: Scan finished OK, pinged healthcheck
Mon Aug 31 02:35:20 UTC 2026: Starting scan
  TwelveData returned 1500 5m candles
  data source: twelvedata
  live quote: 4413.06
Evaluated state: PRE_SELL | spot: 4413.06267
No state change, no notification sent.
Mon Aug 31 02:35:30 UTC 2026: Scan finished OK, pinged healthcheck
Mon Aug 31 02:40:20 UTC 2026: Starting scan
  TwelveData returned 1500 5m candles
  data source: twelvedata
  live quote: 4409.75
  notified -> telegram:True discord:True
Evaluated state: PRE_SELL | spot: 4409.75438
No state change, no notification sent.
Mon Aug 31 02:40:35 UTC 2026: Scan finished OK, pinged healthcheck
Mon Aug 31 02:45:20 UTC 2026: Starting scan
  TwelveData returned 1500 5m candles
  data source: twelvedata
  live quote: 4404.90
Evaluated state: NO_TRADE | spot: 4404.89825
Mon Aug 31 02:45:29 UTC 2026: Scan finished OK, pinged healthcheck
Mon Aug 31 02:50:20 UTC 2026: Starting scan
  TwelveData returned 1500 5m candles
  data source: twelvedata
  live quote: 4401.80
Evaluated state: NO_TRADE | spot: 4401.79593
No state change, no notification sent.
Mon Aug 31 02:50:28 UTC 2026: Scan finished OK, pinged healthcheck
Mon Aug 31 02:55:20 UTC 2026: Starting scan
  TwelveData returned 1500 5m candles
  data source: twelvedata
  live quote: 4415.60
Evaluated state: NO_TRADE | spot: 4415.59588
No state change, no notification sent.
Mon Aug 31 02:55:28 UTC 2026: Scan finished OK, pinged healthcheck
Mon Aug 31 03:00:20 UTC 2026: Starting scan
  TwelveData returned 1500 5m candles
  data source: twelvedata
  live quote: 4422.04
Evaluated state: NO_TRADE | spot: 4422.03944
No state change, no notification sent.
Mon Aug 31 03:00:34 UTC 2026: Scan finished OK, pinged healthcheck
Mon Aug 31 03:05:20 UTC 2026: Starting scan
  TwelveData returned 1500 5m candles
  data source: twelvedata
  live quote: 4424.00
Evaluated state: NO_TRADE | spot: 4423.99575
No state change, no notification sent.
Mon Aug 31 03:05:29 UTC 2026: Scan finished OK, pinged healthcheck
Mon Aug 31 03:10:20 UTC 2026: Starting scan
  TwelveData returned 1500 5m candles
  data source: twelvedata
  live quote: 4425.76
Evaluated state: NO_TRADE | spot: 4425.75791
No state change, no notification sent.
Mon Aug 31 03:10:28 UTC 2026: Scan finished OK, pinged healthcheck
Mon Aug 31 03:15:20 UTC 2026: Starting scan
  TwelveData returned 1500 5m candles
  data source: twelvedata
  live quote: 4427.13
Evaluated state: NO_TRADE | spot: 4427.12945
No state change, no notification sent.
Mon Aug 31 03:15:29 UTC 2026: Scan finished OK, pinged healthcheck
Mon Aug 31 03:20:20 UTC 2026: Starting scan
  TwelveData returned 1500 5m candles
  data source: twelvedata
  live quote: 4430.07
Evaluated state: PRE_SELL | spot: 4430.07132
  notified -> telegram:True discord:True
Mon Aug 31 03:20:30 UTC 2026: Scan finished OK, pinged healthcheck
Mon Aug 31 03:25:20 UTC 2026: Starting scan
  TwelveData returned 1500 5m candles
  data source: twelvedata
  live quote: 4430.46
Evaluated state: PRE_BUY | spot: 4430.46387
  notified -> telegram:True discord:True
Mon Aug 31 03:25:29 UTC 2026: Scan finished OK, pinged healthcheck
Mon Aug 31 03:30:20 UTC 2026: Starting scan
  TwelveData returned 1500 5m candles
  data source: twelvedata
  live quote: 4429.09
Evaluated state: PRE_SELL | spot: 4429.09026
  notified -> telegram:True discord:True
Mon Aug 31 03:30:30 UTC 2026: Scan finished OK, pinged healthcheck
Mon Aug 31 03:35:20 UTC 2026: Starting scan
  TwelveData returned 1500 5m candles
  data source: twelvedata
  live quote: 4424.39
Evaluated state: PRE_SELL | spot: 4424.38722
No state change, no notification sent.
Mon Aug 31 03:35:30 UTC 2026: Scan finished OK, pinged healthcheck
Mon Aug 31 03:40:20 UTC 2026: Starting scan
  TwelveData returned 1500 5m candles
  data source: twelvedata
  live quote: 4421.06
Evaluated state: PRE_SELL | spot: 4421.06194
No state change, no notification sent.
Mon Aug 31 03:40:29 UTC 2026: Scan finished OK, pinged healthcheck
Mon Aug 31 03:45:20 UTC 2026: Starting scan
  TwelveData returned 1500 5m candles
  data source: twelvedata
  live quote: 4423.60
Evaluated state: PRE_SELL | spot: 4423.60435
No state change, no notification sent.
Mon Aug 31 03:45:28 UTC 2026: Scan finished OK, pinged healthcheck
Mon Aug 31 03:50:20 UTC 2026: Starting scan
  TwelveData returned 1500 5m candles
  data source: twelvedata
  live quote: 4423.80
Evaluated state: PRE_SELL | spot: 4423.80004
No state change, no notification sent.
Mon Aug 31 03:50:29 UTC 2026: Scan finished OK, pinged healthcheck
Mon Aug 31 03:55:20 UTC 2026: Starting scan
  TwelveData returned 1500 5m candles
  data source: twelvedata
  live quote: 4424.78
Evaluated state: NO_TRADE | spot: 4424.77876
Mon Aug 31 03:55:28 UTC 2026: Scan finished OK, pinged healthcheck
Mon Aug 31 04:00:20 UTC 2026: Starting scan
  TwelveData returned 1500 5m candles
  data source: twelvedata
  live quote: 4422.63
Evaluated state: NO_TRADE | spot: 4422.62616
No state change, no notification sent.
Mon Aug 31 04:00:31 UTC 2026: Scan finished OK, pinged healthcheck
Mon Aug 31 04:05:20 UTC 2026: Starting scan
  TwelveData returned 1500 5m candles
  data source: twelvedata
  live quote: 4419.50
Evaluated state: NO_TRADE | spot: 4419.49883
No state change, no notification sent.
Mon Aug 31 04:05:29 UTC 2026: Scan finished OK, pinged healthcheck
Mon Aug 31 04:10:20 UTC 2026: Starting scan
  TwelveData returned 1500 5m candles
  data source: twelvedata
  live quote: 4418.33
Evaluated state: NO_TRADE | spot: 4418.32722
No state change, no notification sent.
Mon Aug 31 04:10:28 UTC 2026: Scan finished OK, pinged healthcheck
Mon Aug 31 04:15:20 UTC 2026: Starting scan
  TwelveData returned 1500 5m candles
  data source: twelvedata
  live quote: 4420.87
Evaluated state: NO_TRADE | spot: 4420.86649
No state change, no notification sent.
Mon Aug 31 04:15:28 UTC 2026: Scan finished OK, pinged healthcheck
Mon Aug 31 04:20:20 UTC 2026: Starting scan
  TwelveData returned 1500 5m candles
  data source: twelvedata
  live quote: 4418.72
Evaluated state: NO_TRADE | spot: 4418.71769
No state change, no notification sent.
Mon Aug 31 04:20:28 UTC 2026: Scan finished OK, pinged healthcheck
Mon Aug 31 04:25:20 UTC 2026: Starting scan
  TwelveData returned 1500 5m candles
  data source: twelvedata
  live quote: 4417.74
Evaluated state: NO_TRADE | spot: 4417.74165
No state change, no notification sent.
Mon Aug 31 04:25:27 UTC 2026: Scan finished OK, pinged healthcheck
Mon Aug 31 04:30:20 UTC 2026: Starting scan
  TwelveData returned 1500 5m candles
  data source: twelvedata
  live quote: 4416.57
Evaluated state: NO_TRADE | spot: 4416.57097
No state change, no notification sent.
Mon Aug 31 04:30:28 UTC 2026: Scan finished OK, pinged healthcheck
Mon Aug 31 04:35:20 UTC 2026: Starting scan
  TwelveData returned 1500 5m candles
  data source: twelvedata
  live quote: 4414.23
  notified -> telegram:True discord:True
  notified -> telegram:True discord:True
Evaluated state: NO_TRADE | spot: 4414.23148
No state change, no notification sent.
Mon Aug 31 04:35:28 UTC 2026: Scan finished OK, pinged healthcheck
Mon Aug 31 04:40:20 UTC 2026: Starting scan
  TwelveData returned 1500 5m candles
  data source: twelvedata
  live quote: 4420.67
Evaluated state: NO_TRADE | spot: 4420.67106
No state change, no notification sent.
Mon Aug 31 04:40:28 UTC 2026: Scan finished OK, pinged healthcheck
Mon Aug 31 04:45:20 UTC 2026: Starting scan
  TwelveData returned 1500 5m candles
  data source: twelvedata
  live quote: 4418.91
Evaluated state: NO_TRADE | spot: 4418.91295
No state change, no notification sent.
Mon Aug 31 04:45:28 UTC 2026: Scan finished OK, pinged healthcheck
Mon Aug 31 04:50:20 UTC 2026: Starting scan
  TwelveData returned 1500 5m candles
  data source: twelvedata
  live quote: 4420.28
Evaluated state: NO_TRADE | spot: 4420.28025
No state change, no notification sent.
Mon Aug 31 04:50:28 UTC 2026: Scan finished OK, pinged healthcheck
Mon Aug 31 04:55:20 UTC 2026: Starting scan
  TwelveData returned 1500 5m candles
  data source: twelvedata
  live quote: 4420.28
Evaluated state: NO_TRADE | spot: 4420.28025
No state change, no notification sent.
Mon Aug 31 04:55:28 UTC 2026: Scan finished OK, pinged healthcheck
Mon Aug 31 05:00:20 UTC 2026: Starting scan
  TwelveData returned 1500 5m candles
  data source: twelvedata
  live quote: 4424.19
Evaluated state: PRE_BUY | spot: 4424.19148
  notified -> telegram:True discord:True
Mon Aug 31 05:00:30 UTC 2026: Scan finished OK, pinged healthcheck
Mon Aug 31 05:05:20 UTC 2026: Starting scan
  TwelveData returned 1500 5m candles
  data source: twelvedata
  live quote: 4425.17
Evaluated state: PRE_BUY | spot: 4425.17037
No state change, no notification sent.
Mon Aug 31 05:05:28 UTC 2026: Scan finished OK, pinged healthcheck
Mon Aug 31 05:10:20 UTC 2026: Starting scan
  TwelveData returned 1500 5m candles
  data source: twelvedata
  live quote: 4420.67
Evaluated state: PRE_BUY | spot: 4420.67106
No state change, no notification sent.
Mon Aug 31 05:10:29 UTC 2026: Scan finished OK, pinged healthcheck
Mon Aug 31 05:15:20 UTC 2026: Starting scan
  TwelveData returned 1500 5m candles
  data source: twelvedata
  live quote: 4424.19
Evaluated state: PRE_BUY | spot: 4424.19148
No state change, no notification sent.
Mon Aug 31 05:15:28 UTC 2026: Scan finished OK, pinged healthcheck
Mon Aug 31 05:20:20 UTC 2026: Starting scan
  TwelveData returned 1500 5m candles
  data source: twelvedata
  live quote: 4427.33
Evaluated state: PRE_BUY | spot: 4427.32545
No state change, no notification sent.
Mon Aug 31 05:20:29 UTC 2026: Scan finished OK, pinged healthcheck
Mon Aug 31 05:25:20 UTC 2026: Starting scan
  TwelveData returned 1500 5m candles
  data source: twelvedata
  live quote: 4432.82
Evaluated state: NO_TRADE | spot: 4432.8206
Mon Aug 31 05:25:28 UTC 2026: Scan finished OK, pinged healthcheck
Mon Aug 31 05:30:20 UTC 2026: Starting scan
  TwelveData returned 1500 5m candles
  data source: twelvedata
  live quote: 4440.69
  notified -> telegram:True discord:True
Evaluated state: NO_TRADE | spot: 4440.69452
No state change, no notification sent.
Mon Aug 31 05:30:29 UTC 2026: Scan finished OK, pinged healthcheck
Mon Aug 31 05:35:20 UTC 2026: Starting scan
  TwelveData returned 1500 5m candles
  data source: twelvedata
  live quote: 4432.43
Evaluated state: NO_TRADE | spot: 4432.42764
No state change, no notification sent.
Mon Aug 31 05:35:28 UTC 2026: Scan finished OK, pinged healthcheck
Mon Aug 31 05:40:20 UTC 2026: Starting scan
  TwelveData returned 1500 5m candles
  data source: twelvedata
  live quote: 4435.38
Evaluated state: NO_TRADE | spot: 4435.37656
No state change, no notification sent.
Mon Aug 31 05:40:27 UTC 2026: Scan finished OK, pinged healthcheck
Mon Aug 31 05:45:20 UTC 2026: Starting scan
  TwelveData returned 1500 5m candles
  data source: twelvedata
  live quote: 4437.94
Evaluated state: NO_TRADE | spot: 4437.93547
No state change, no notification sent.
Mon Aug 31 05:45:28 UTC 2026: Scan finished OK, pinged healthcheck
Mon Aug 31 05:50:20 UTC 2026: Starting scan
  TwelveData returned 1500 5m candles
  data source: twelvedata
  live quote: 4436.75
Evaluated state: NO_TRADE | spot: 4436.75407
No state change, no notification sent.
Mon Aug 31 05:50:27 UTC 2026: Scan finished OK, pinged healthcheck
Mon Aug 31 05:55:20 UTC 2026: Starting scan
  TwelveData returned 1500 5m candles
  data source: twelvedata
  live quote: 4437.34
Evaluated state: NO_TRADE | spot: 4437.34469
No state change, no notification sent.
Mon Aug 31 05:55:28 UTC 2026: Scan finished OK, pinged healthcheck
Mon Aug 31 06:00:20 UTC 2026: Starting scan
  TwelveData returned 1500 5m candles
  data source: twelvedata
  live quote: 4442.67
Evaluated state: NO_TRADE | spot: 4442.66738
No state change, no notification sent.
Mon Aug 31 06:00:31 UTC 2026: Scan finished OK, pinged healthcheck
Mon Aug 31 06:05:20 UTC 2026: Starting scan
  TwelveData returned 1500 5m candles
  data source: twelvedata
  live quote: 4433.61
Evaluated state: PRE_BUY | spot: 4433.60674
  notified -> telegram:True discord:True
Mon Aug 31 06:05:29 UTC 2026: Scan finished OK, pinged healthcheck
Mon Aug 31 06:10:20 UTC 2026: Starting scan
  TwelveData returned 1500 5m candles
  data source: twelvedata
  live quote: 4431.45
Evaluated state: NO_TRADE | spot: 4431.44554
Mon Aug 31 06:10:28 UTC 2026: Scan finished OK, pinged healthcheck
Mon Aug 31 06:15:20 UTC 2026: Starting scan
  TwelveData returned 1500 5m candles
  data source: twelvedata
  live quote: 4433.21
Evaluated state: PRE_BUY | spot: 4433.21364
  notified -> telegram:True discord:True
Mon Aug 31 06:15:30 UTC 2026: Scan finished OK, pinged healthcheck
Mon Aug 31 06:20:20 UTC 2026: Starting scan
  TwelveData returned 1500 5m candles
  data source: twelvedata
  live quote: 4435.77
Evaluated state: NO_TRADE | spot: 4435.77005
Mon Aug 31 06:20:28 UTC 2026: Scan finished OK, pinged healthcheck
Mon Aug 31 06:25:20 UTC 2026: Starting scan
  TwelveData returned 1500 5m candles
  data source: twelvedata
  live quote: 4436.16
Evaluated state: NO_TRADE | spot: 4436.16361
No state change, no notification sent.
Mon Aug 31 06:25:28 UTC 2026: Scan finished OK, pinged healthcheck
Mon Aug 31 06:30:20 UTC 2026: Starting scan
  TwelveData returned 1500 5m candles
  data source: twelvedata
  live quote: 4435.38
Evaluated state: NO_TRADE | spot: 4435.37656
No state change, no notification sent.
Mon Aug 31 06:30:28 UTC 2026: Scan finished OK, pinged healthcheck
Mon Aug 31 06:35:20 UTC 2026: Starting scan
  TwelveData returned 1500 5m candles
  data source: twelvedata
  live quote: 4435.18
Evaluated state: NO_TRADE | spot: 4435.17985
No state change, no notification sent.
Mon Aug 31 06:35:28 UTC 2026: Scan finished OK, pinged healthcheck
Mon Aug 31 06:40:20 UTC 2026: Starting scan
  TwelveData returned 1500 5m candles
  data source: twelvedata
  live quote: 4439.91
Evaluated state: NO_TRADE | spot: 4439.90587
No state change, no notification sent.
Mon Aug 31 06:40:27 UTC 2026: Scan finished OK, pinged healthcheck
Mon Aug 31 06:45:20 UTC 2026: Starting scan
  TwelveData returned 1500 5m candles
  data source: twelvedata
  live quote: 4440.10
Evaluated state: NO_TRADE | spot: 4440.10301
No state change, no notification sent.
Mon Aug 31 06:45:29 UTC 2026: Scan finished OK, pinged healthcheck
Mon Aug 31 06:50:20 UTC 2026: Starting scan
  TwelveData returned 1500 5m candles
  data source: twelvedata
  live quote: 4441.29
Evaluated state: NO_TRADE | spot: 4441.2862
No state change, no notification sent.
Mon Aug 31 06:50:28 UTC 2026: Scan finished OK, pinged healthcheck
Mon Aug 31 06:55:20 UTC 2026: Starting scan
  TwelveData returned 1500 5m candles
  data source: twelvedata
  live quote: 4440.10
Evaluated state: NO_TRADE | spot: 4440.10301
No state change, no notification sent.
Mon Aug 31 06:55:27 UTC 2026: Scan finished OK, pinged healthcheck
Mon Aug 31 07:00:20 UTC 2026: Starting scan
  TwelveData returned 1500 5m candles
  data source: twelvedata
  live quote: 4439.51
Evaluated state: NO_TRADE | spot: 4439.51165
No state change, no notification sent.
Mon Aug 31 07:00:34 UTC 2026: Scan finished OK, pinged healthcheck
Mon Aug 31 07:05:20 UTC 2026: Starting scan
  TwelveData returned 1500 5m candles
  data source: twelvedata
  live quote: 4439.51
Evaluated state: NO_TRADE | spot: 4439.51165
No state change, no notification sent.
Mon Aug 31 07:05:27 UTC 2026: Scan finished OK, pinged healthcheck
Mon Aug 31 07:10:20 UTC 2026: Starting scan
  TwelveData returned 1500 5m candles
  data source: twelvedata
  live quote: 4437.94
Evaluated state: NO_TRADE | spot: 4437.93547
No state change, no notification sent.
Mon Aug 31 07:10:28 UTC 2026: Scan finished OK, pinged healthcheck
Mon Aug 31 07:15:20 UTC 2026: Starting scan
  TwelveData returned 1500 5m candles
  data source: twelvedata
  live quote: 4436.16
Evaluated state: NO_TRADE | spot: 4436.16361
No state change, no notification sent.
Mon Aug 31 07:15:31 UTC 2026: Scan finished OK, pinged healthcheck
Mon Aug 31 07:20:20 UTC 2026: Starting scan
  TwelveData returned 1500 5m candles
  data source: twelvedata
  live quote: 4438.72
Evaluated state: NO_TRADE | spot: 4438.72342
No state change, no notification sent.
Mon Aug 31 07:20:27 UTC 2026: Scan finished OK, pinged healthcheck
Mon Aug 31 07:25:20 UTC 2026: Starting scan
  TwelveData returned 1500 5m candles
  data source: twelvedata
  live quote: 4445.04
  notified -> telegram:True discord:True
  notified -> telegram:True discord:True
Evaluated state: NO_TRADE | spot: 4445.03712
No state change, no notification sent.
Mon Aug 31 07:25:29 UTC 2026: Scan finished OK, pinged healthcheck
Mon Aug 31 07:30:20 UTC 2026: Starting scan
  TwelveData returned 1500 5m candles
  data source: twelvedata
  live quote: 4445.23
  notified -> telegram:True discord:True
Evaluated state: NO_TRADE | spot: 4445.23471
No state change, no notification sent.
Mon Aug 31 07:30:33 UTC 2026: Scan finished OK, pinged healthcheck
Mon Aug 31 07:35:20 UTC 2026: Starting scan
  TwelveData returned 1500 5m candles
  data source: twelvedata
  live quote: 4443.65
Evaluated state: NO_TRADE | spot: 4443.65446
No state change, no notification sent.
Mon Aug 31 07:35:27 UTC 2026: Scan finished OK, pinged healthcheck
Mon Aug 31 07:40:20 UTC 2026: Starting scan
  TwelveData returned 1500 5m candles
  data source: twelvedata
  live quote: 4442.86
Evaluated state: NO_TRADE | spot: 4442.86476
No state change, no notification sent.
Mon Aug 31 07:40:27 UTC 2026: Scan finished OK, pinged healthcheck
Mon Aug 31 07:45:20 UTC 2026: Starting scan
  TwelveData returned 1500 5m candles
  data source: twelvedata
  live quote: 4446.42
Evaluated state: NO_TRADE | spot: 4446.42063
No state change, no notification sent.
Mon Aug 31 07:45:28 UTC 2026: Scan finished OK, pinged healthcheck
Mon Aug 31 07:50:20 UTC 2026: Starting scan
  TwelveData returned 1500 5m candles
  data source: twelvedata
  live quote: 4443.85
Evaluated state: NO_TRADE | spot: 4443.85193
No state change, no notification sent.
Mon Aug 31 07:50:27 UTC 2026: Scan finished OK, pinged healthcheck
Mon Aug 31 07:55:20 UTC 2026: Starting scan
  TwelveData returned 1500 5m candles
  data source: twelvedata
  live quote: 4443.85
Evaluated state: NO_TRADE | spot: 4443.85193
No state change, no notification sent.
Mon Aug 31 07:55:27 UTC 2026: Scan finished OK, pinged healthcheck
Mon Aug 31 08:00:20 UTC 2026: Starting scan
  fetch attempt 1/3 failed: 522 Server Error: <none> for url: https://api.twelvedata.com/time_series?symbol=XAU/USD&interval=5min&outputsize=1500&timezone=UTC&order=ASC&apikey=c31c0cdced904fa3a0773f41bad78449
  fetch attempt 2/3 failed: 522 Server Error: <none> for url: https://api.twelvedata.com/time_series?symbol=XAU/USD&interval=5min&outputsize=1500&timezone=UTC&order=ASC&apikey=c31c0cdced904fa3a0773f41bad78449
  TwelveData returned 1500 5m candles
  data source: twelvedata
  live quote: 4447.61
Data warnings: feed disagrees with itself — spot $4447.61 vs candle $4442.13 ($5.48 apart)
Evaluated state: PRE_BUY | spot: 4447.60719
  notified -> telegram:True discord:True
Mon Aug 31 08:02:19 UTC 2026: Scan finished OK, pinged healthcheck
Mon Aug 31 08:05:20 UTC 2026: Starting scan
  TwelveData returned 1500 5m candles
  data source: twelvedata
  live quote: 4448.99
Evaluated state: NO_TRADE | spot: 4448.9923
Mon Aug 31 08:05:29 UTC 2026: Scan finished OK, pinged healthcheck
Mon Aug 31 08:10:20 UTC 2026: Starting scan
  TwelveData returned 1500 5m candles
  data source: twelvedata
  live quote: 4442.86
Evaluated state: PRE_BUY | spot: 4442.86476
  notified -> telegram:True discord:True
Mon Aug 31 08:10:29 UTC 2026: Scan finished OK, pinged healthcheck
Mon Aug 31 08:15:20 UTC 2026: Starting scan
  TwelveData returned 1500 5m candles
  data source: twelvedata
  live quote: 4438.33
Evaluated state: PRE_BUY | spot: 4438.32941
No state change, no notification sent.
Mon Aug 31 08:15:29 UTC 2026: Scan finished OK, pinged healthcheck
Mon Aug 31 08:20:20 UTC 2026: Starting scan
  TwelveData returned 1500 5m candles
  data source: twelvedata
  live quote: 4439.91
Evaluated state: PRE_SELL | spot: 4439.90587
  notified -> telegram:True discord:True
Mon Aug 31 08:20:28 UTC 2026: Scan finished OK, pinged healthcheck
Mon Aug 31 08:25:20 UTC 2026: Starting scan
  TwelveData returned 1500 5m candles
  data source: twelvedata
  live quote: 4439.12
Evaluated state: PRE_SELL | spot: 4439.1175
No state change, no notification sent.
Mon Aug 31 08:25:28 UTC 2026: Scan finished OK, pinged healthcheck
Mon Aug 31 08:30:20 UTC 2026: Starting scan
  TwelveData returned 1500 5m candles
  data source: twelvedata
  live quote: 4441.48
Evaluated state: PRE_SELL | spot: 4441.48346
No state change, no notification sent.
Mon Aug 31 08:30:30 UTC 2026: Scan finished OK, pinged healthcheck
Mon Aug 31 08:35:20 UTC 2026: Starting scan
  TwelveData returned 1500 5m candles
  data source: twelvedata
  live quote: 4436.75
Evaluated state: PRE_SELL | spot: 4436.75407
No state change, no notification sent.
Mon Aug 31 08:35:27 UTC 2026: Scan finished OK, pinged healthcheck
Mon Aug 31 08:40:20 UTC 2026: Starting scan
  TwelveData returned 1500 5m candles
  data source: twelvedata
  live quote: 4437.15
Evaluated state: PRE_SELL | spot: 4437.1478
No state change, no notification sent.
Mon Aug 31 08:40:29 UTC 2026: Scan finished OK, pinged healthcheck
Mon Aug 31 08:45:20 UTC 2026: Starting scan
  TwelveData returned 1500 5m candles
  data source: twelvedata
  live quote: 4435.38
Evaluated state: PRE_SELL | spot: 4435.37656
No state change, no notification sent.
Mon Aug 31 08:45:32 UTC 2026: Scan finished OK, pinged healthcheck
Mon Aug 31 08:50:20 UTC 2026: Starting scan
  TwelveData returned 1500 5m candles
  data source: twelvedata
  live quote: 4436.36
Evaluated state: PRE_BUY | spot: 4436.36041
  notified -> telegram:True discord:True
Mon Aug 31 08:50:29 UTC 2026: Scan finished OK, pinged healthcheck
Mon Aug 31 08:55:20 UTC 2026: Starting scan
  TwelveData returned 1500 5m candles
  data source: twelvedata
  live quote: 4434.98
Evaluated state: PRE_SELL | spot: 4434.98315
  notified -> telegram:True discord:True
Mon Aug 31 08:55:28 UTC 2026: Scan finished OK, pinged healthcheck
Mon Aug 31 09:00:20 UTC 2026: Starting scan
  TwelveData returned 1500 5m candles
  data source: twelvedata
  live quote: 4435.57
Evaluated state: PRE_SELL | spot: 4435.5733
No state change, no notification sent.
Mon Aug 31 09:00:34 UTC 2026: Scan finished OK, pinged healthcheck
Mon Aug 31 09:05:20 UTC 2026: Starting scan
  TwelveData returned 1500 5m candles
  data source: twelvedata
  live quote: 4438.72
Evaluated state: PRE_BUY | spot: 4438.72342
  notified -> telegram:True discord:True
Mon Aug 31 09:05:29 UTC 2026: Scan finished OK, pinged healthcheck
Mon Aug 31 09:10:20 UTC 2026: Starting scan
  TwelveData returned 1500 5m candles
  data source: twelvedata
  live quote: 4438.72
Evaluated state: PRE_BUY | spot: 4438.72342
No state change, no notification sent.
Mon Aug 31 09:10:28 UTC 2026: Scan finished OK, pinged healthcheck
Mon Aug 31 09:15:20 UTC 2026: Starting scan
  TwelveData returned 1500 5m candles
  data source: twelvedata
  live quote: 4442.67
Evaluated state: PRE_BUY | spot: 4442.66738
No state change, no notification sent.
Mon Aug 31 09:15:27 UTC 2026: Scan finished OK, pinged healthcheck
Mon Aug 31 09:20:20 UTC 2026: Starting scan
  TwelveData returned 1500 5m candles
  data source: twelvedata
  live quote: 4441.88
  notified -> telegram:True discord:True
  notified -> telegram:True discord:True
Evaluated state: NO_TRADE | spot: 4441.87803
Mon Aug 31 09:20:29 UTC 2026: Scan finished OK, pinged healthcheck
Mon Aug 31 09:25:20 UTC 2026: Starting scan
  TwelveData returned 1500 5m candles
  data source: twelvedata
  live quote: 4439.51
Evaluated state: PRE_BUY | spot: 4439.51165
  notified -> telegram:True discord:True
Mon Aug 31 09:25:28 UTC 2026: Scan finished OK, pinged healthcheck
Mon Aug 31 09:30:20 UTC 2026: Starting scan
  TwelveData returned 1500 5m candles
  data source: twelvedata
  live quote: 4439.12
Evaluated state: PRE_BUY | spot: 4439.1175
No state change, no notification sent.
Mon Aug 31 09:30:29 UTC 2026: Scan finished OK, pinged healthcheck
Mon Aug 31 09:35:20 UTC 2026: Starting scan
  TwelveData returned 1500 5m candles
  data source: twelvedata
  live quote: 4443.46
Evaluated state: PRE_BUY | spot: 4443.45701
No state change, no notification sent.
Mon Aug 31 09:35:27 UTC 2026: Scan finished OK, pinged healthcheck
Mon Aug 31 09:40:20 UTC 2026: Starting scan
  TwelveData returned 1500 5m candles
  data source: twelvedata
  live quote: 4442.08
Evaluated state: PRE_BUY | spot: 4442.07534
No state change, no notification sent.
Mon Aug 31 09:40:28 UTC 2026: Scan finished OK, pinged healthcheck
Mon Aug 31 09:45:20 UTC 2026: Starting scan
  TwelveData returned 1500 5m candles
  data source: twelvedata
  live quote: 4443.06
Evaluated state: PRE_BUY | spot: 4443.06216
No state change, no notification sent.
Mon Aug 31 09:45:28 UTC 2026: Scan finished OK, pinged healthcheck
Mon Aug 31 09:50:20 UTC 2026: Starting scan
  TwelveData returned 1500 5m candles
  data source: twelvedata
  live quote: 4443.06
Evaluated state: PRE_SELL | spot: 4443.06216
  notified -> telegram:True discord:True
Mon Aug 31 09:50:29 UTC 2026: Scan finished OK, pinged healthcheck
Mon Aug 31 09:55:20 UTC 2026: Starting scan
  TwelveData returned 1500 5m candles
  data source: twelvedata
  live quote: 4443.65
Evaluated state: PRE_SELL | spot: 4443.65446
No state change, no notification sent.
Mon Aug 31 09:55:27 UTC 2026: Scan finished OK, pinged healthcheck
Mon Aug 31 10:00:20 UTC 2026: Starting scan
  TwelveData returned 1500 5m candles
  data source: twelvedata
  live quote: 4445.23
Evaluated state: PRE_BUY | spot: 4445.23471
  notified -> telegram:True discord:True
Mon Aug 31 10:00:31 UTC 2026: Scan finished OK, pinged healthcheck
Mon Aug 31 10:05:20 UTC 2026: Starting scan
  TwelveData returned 1500 5m candles
  data source: twelvedata
  live quote: 4446.62
  notified -> telegram:True discord:True
Evaluated state: NO_TRADE | spot: 4446.61835
Mon Aug 31 10:05:29 UTC 2026: Scan finished OK, pinged healthcheck
Mon Aug 31 10:10:20 UTC 2026: Starting scan
  TwelveData returned 1500 5m candles
  data source: twelvedata
  live quote: 4450.97
  notified -> telegram:True discord:True
  notified -> telegram:True discord:True
  notified -> telegram:True discord:True
  notified -> telegram:True discord:True
  notified -> telegram:True discord:True
  notified -> telegram:True discord:True
Evaluated state: NO_TRADE | spot: 4450.97254
No state change, no notification sent.
Mon Aug 31 10:10:32 UTC 2026: Scan finished OK, pinged healthcheck
Mon Aug 31 10:15:20 UTC 2026: Starting scan
  TwelveData returned 1500 5m candles
  data source: twelvedata
  live quote: 4450.97
Evaluated state: NO_TRADE | spot: 4450.97254
No state change, no notification sent.
Mon Aug 31 10:15:29 UTC 2026: Scan finished OK, pinged healthcheck
Mon Aug 31 10:20:20 UTC 2026: Starting scan
  TwelveData returned 1500 5m candles
  data source: twelvedata
  live quote: 4447.61
Evaluated state: NO_TRADE | spot: 4447.60719
No state change, no notification sent.
Mon Aug 31 10:20:27 UTC 2026: Scan finished OK, pinged healthcheck
Mon Aug 31 10:25:20 UTC 2026: Starting scan
  TwelveData returned 1500 5m candles
  data source: twelvedata
  live quote: 4448.79
Evaluated state: NO_TRADE | spot: 4448.79438
No state change, no notification sent.
Mon Aug 31 10:25:27 UTC 2026: Scan finished OK, pinged healthcheck
Mon Aug 31 10:30:20 UTC 2026: Starting scan
  TwelveData returned 1500 5m candles
  data source: twelvedata
  live quote: 4448.00
Evaluated state: NO_TRADE | spot: 4448.00285
No state change, no notification sent.
Mon Aug 31 10:30:29 UTC 2026: Scan finished OK, pinged healthcheck
Mon Aug 31 10:35:20 UTC 2026: Starting scan
  TwelveData returned 1500 5m candles
  data source: twelvedata
  live quote: 4448.99
Evaluated state: NO_TRADE | spot: 4448.9923
No state change, no notification sent.
Mon Aug 31 10:35:27 UTC 2026: Scan finished OK, pinged healthcheck
Mon Aug 31 10:40:20 UTC 2026: Starting scan
  TwelveData returned 1500 5m candles
  data source: twelvedata
  live quote: 4450.58
Evaluated state: NO_TRADE | spot: 4450.57635
No state change, no notification sent.
Mon Aug 31 10:40:27 UTC 2026: Scan finished OK, pinged healthcheck
Mon Aug 31 10:45:20 UTC 2026: Starting scan
  TwelveData returned 1500 5m candles
  data source: twelvedata
  live quote: 4450.58
Evaluated state: NO_TRADE | spot: 4450.57635
No state change, no notification sent.
Mon Aug 31 10:45:31 UTC 2026: Scan finished OK, pinged healthcheck
Mon Aug 31 10:50:20 UTC 2026: Starting scan
  TwelveData returned 1500 5m candles
  data source: twelvedata
  live quote: 4450.97
Evaluated state: NO_TRADE | spot: 4450.97254
No state change, no notification sent.
Mon Aug 31 10:50:27 UTC 2026: Scan finished OK, pinged healthcheck
Mon Aug 31 10:55:20 UTC 2026: Starting scan
  TwelveData returned 1500 5m candles
  data source: twelvedata
  live quote: 4454.14
Evaluated state: NO_TRADE | spot: 4454.14458
No state change, no notification sent.
Mon Aug 31 10:55:27 UTC 2026: Scan finished OK, pinged healthcheck
Mon Aug 31 11:00:20 UTC 2026: Starting scan
  TwelveData returned 1500 5m candles
  data source: twelvedata
  live quote: 4454.34
Evaluated state: NO_TRADE | spot: 4454.34298
No state change, no notification sent.
Mon Aug 31 11:00:30 UTC 2026: Scan finished OK, pinged healthcheck
Mon Aug 31 11:05:20 UTC 2026: Starting scan
  TwelveData returned 1500 5m candles
  data source: twelvedata
  live quote: 4456.33
Outside trading session window (PKT). Skipping evaluation.
Mon Aug 31 11:05:30 UTC 2026: Scan finished OK, pinged healthcheck
Mon Aug 31 11:10:20 UTC 2026: Starting scan
  TwelveData returned 1500 5m candles
  data source: twelvedata
  live quote: 4456.53
Outside trading session window (PKT). Skipping evaluation.
Mon Aug 31 11:10:27 UTC 2026: Scan finished OK, pinged healthcheck
Mon Aug 31 11:15:20 UTC 2026: Starting scan
  TwelveData returned 1500 5m candles
  data source: twelvedata
  live quote: 4454.34
Outside trading session window (PKT). Skipping evaluation.
Mon Aug 31 11:15:28 UTC 2026: Scan finished OK, pinged healthcheck
Mon Aug 31 11:20:20 UTC 2026: Starting scan
  TwelveData returned 1500 5m candles
  data source: twelvedata
  live quote: 4456.33
Outside trading session window (PKT). Skipping evaluation.
Mon Aug 31 11:20:26 UTC 2026: Scan finished OK, pinged healthcheck
Mon Aug 31 11:25:20 UTC 2026: Starting scan
  TwelveData returned 1500 5m candles
  data source: twelvedata
  live quote: 4457.52
Outside trading session window (PKT). Skipping evaluation.
Mon Aug 31 11:25:28 UTC 2026: Scan finished OK, pinged healthcheck
Mon Aug 31 11:30:20 UTC 2026: Starting scan
  TwelveData returned 1500 5m candles
  data source: twelvedata
  live quote: 4462.69
Outside trading session window (PKT). Skipping evaluation.
Mon Aug 31 11:30:30 UTC 2026: Scan finished OK, pinged healthcheck
Mon Aug 31 11:35:20 UTC 2026: Starting scan
  TwelveData returned 1500 5m candles
  data source: twelvedata
  live quote: 4459.31
Outside trading session window (PKT). Skipping evaluation.
Mon Aug 31 11:35:27 UTC 2026: Scan finished OK, pinged healthcheck
Mon Aug 31 11:40:20 UTC 2026: Starting scan
  TwelveData returned 1500 5m candles
  data source: twelvedata
  live quote: 4456.13
Outside trading session window (PKT). Skipping evaluation.
Mon Aug 31 11:40:28 UTC 2026: Scan finished OK, pinged healthcheck
Mon Aug 31 11:45:20 UTC 2026: Starting scan
  TwelveData returned 1500 5m candles
  data source: twelvedata
  live quote: 4455.93
Outside trading session window (PKT). Skipping evaluation.
Mon Aug 31 11:45:28 UTC 2026: Scan finished OK, pinged healthcheck
Mon Aug 31 11:50:20 UTC 2026: Starting scan
  TwelveData returned 1500 5m candles
  data source: twelvedata
  live quote: 4453.75
Outside trading session window (PKT). Skipping evaluation.
Mon Aug 31 11:50:28 UTC 2026: Scan finished OK, pinged healthcheck
Mon Aug 31 11:55:20 UTC 2026: Starting scan
  TwelveData returned 1500 5m candles
  data source: twelvedata
  live quote: 4453.15
Outside trading session window (PKT). Skipping evaluation.
Mon Aug 31 11:55:27 UTC 2026: Scan finished OK, pinged healthcheck
Mon Aug 31 12:00:20 UTC 2026: Starting scan
  TwelveData returned 1500 5m candles
  data source: twelvedata
  live quote: 4455.34
Outside trading session window (PKT). Skipping evaluation.
Mon Aug 31 12:00:39 UTC 2026: Scan finished OK, pinged healthcheck
Mon Aug 31 12:05:20 UTC 2026: Starting scan
  TwelveData returned 1500 5m candles
  data source: twelvedata
  live quote: 4458.51
Outside trading session window (PKT). Skipping evaluation.
Mon Aug 31 12:05:29 UTC 2026: Scan finished OK, pinged healthcheck
Mon Aug 31 12:10:20 UTC 2026: Starting scan
  TwelveData returned 1500 5m candles
  data source: twelvedata
  live quote: 4456.92
Outside trading session window (PKT). Skipping evaluation.
Mon Aug 31 12:10:27 UTC 2026: Scan finished OK, pinged healthcheck
Mon Aug 31 12:15:21 UTC 2026: Starting scan
  TwelveData returned 1500 5m candles
  data source: twelvedata
  live quote: 4458.31
Outside trading session window (PKT). Skipping evaluation.
Mon Aug 31 12:15:31 UTC 2026: Scan finished OK, pinged healthcheck
Mon Aug 31 12:20:20 UTC 2026: Starting scan
  TwelveData returned 1500 5m candles
  data source: twelvedata
  live quote: 4457.52
Outside trading session window (PKT). Skipping evaluation.
Mon Aug 31 12:20:28 UTC 2026: Scan finished OK, pinged healthcheck
Mon Aug 31 12:25:20 UTC 2026: Starting scan
  TwelveData returned 1500 5m candles
  data source: twelvedata
  live quote: 4451.96
Outside trading session window (PKT). Skipping evaluation.
Mon Aug 31 12:25:28 UTC 2026: Scan finished OK, pinged healthcheck
Mon Aug 31 12:30:20 UTC 2026: Starting scan
  TwelveData returned 1500 5m candles
  data source: twelvedata
  live quote: 4449.98
Outside trading session window (PKT). Skipping evaluation.
Mon Aug 31 12:30:29 UTC 2026: Scan finished OK, pinged healthcheck
Mon Aug 31 12:35:20 UTC 2026: Starting scan
  TwelveData returned 1500 5m candles
  data source: twelvedata
  live quote: 4446.42
Outside trading session window (PKT). Skipping evaluation.
Mon Aug 31 12:35:28 UTC 2026: Scan finished OK, pinged healthcheck
Mon Aug 31 12:40:20 UTC 2026: Starting scan
  TwelveData returned 1500 5m candles
  data source: twelvedata
  live quote: 4443.26
Outside trading session window (PKT). Skipping evaluation.
Mon Aug 31 12:40:28 UTC 2026: Scan finished OK, pinged healthcheck
Mon Aug 31 12:45:20 UTC 2026: Starting scan
  TwelveData returned 1500 5m candles
  data source: twelvedata
  live quote: 4441.88
Outside trading session window (PKT). Skipping evaluation.
Mon Aug 31 12:45:30 UTC 2026: Scan finished OK, pinged healthcheck
Mon Aug 31 12:50:20 UTC 2026: Starting scan
  TwelveData returned 1500 5m candles
  data source: twelvedata
  live quote: 4436.56
Outside trading session window (PKT). Skipping evaluation.
Mon Aug 31 12:50:27 UTC 2026: Scan finished OK, pinged healthcheck
Mon Aug 31 12:55:20 UTC 2026: Starting scan
  TwelveData returned 1500 5m candles
  data source: twelvedata
  live quote: 4437.34
Outside trading session window (PKT). Skipping evaluation.
Mon Aug 31 12:55:28 UTC 2026: Scan finished OK, pinged healthcheck
Mon Aug 31 13:00:20 UTC 2026: Starting scan
  TwelveData returned 1500 5m candles
  data source: twelvedata
  live quote: 4436.75
Outside trading session window (PKT). Skipping evaluation.
Mon Aug 31 13:00:51 UTC 2026: Scan finished OK, pinged healthcheck
Mon Aug 31 13:05:20 UTC 2026: Starting scan
  TwelveData returned 1500 5m candles
  data source: twelvedata
  live quote: 4438.72
Outside trading session window (PKT). Skipping evaluation.
Mon Aug 31 13:05:35 UTC 2026: Scan finished OK, pinged healthcheck
Mon Aug 31 13:10:20 UTC 2026: Starting scan
  TwelveData returned 1500 5m candles
  data source: twelvedata
  live quote: 4445.63
Outside trading session window (PKT). Skipping evaluation.
Mon Aug 31 13:10:30 UTC 2026: Scan finished OK, pinged healthcheck
Mon Aug 31 13:15:20 UTC 2026: Starting scan
  TwelveData returned 1500 5m candles
  data source: twelvedata
  live quote: 4445.63
Outside trading session window (PKT). Skipping evaluation.
Mon Aug 31 13:15:34 UTC 2026: Scan finished OK, pinged healthcheck
Mon Aug 31 13:20:20 UTC 2026: Starting scan
  TwelveData returned 1500 5m candles
  data source: twelvedata
  live quote: 4444.05
Outside trading session window (PKT). Skipping evaluation.
Mon Aug 31 13:20:33 UTC 2026: Scan finished OK, pinged healthcheck
Mon Aug 31 13:25:20 UTC 2026: Starting scan
  TwelveData returned 1500 5m candles
  data source: twelvedata
  live quote: 4440.69
Outside trading session window (PKT). Skipping evaluation.
Mon Aug 31 13:25:29 UTC 2026: Scan finished OK, pinged healthcheck
Mon Aug 31 13:30:20 UTC 2026: Starting scan
  TwelveData returned 1500 5m candles
  data source: twelvedata
  live quote: 4446.03
Outside trading session window (PKT). Skipping evaluation.
Mon Aug 31 13:30:40 UTC 2026: Scan finished OK, pinged healthcheck
Mon Aug 31 13:35:20 UTC 2026: Starting scan
  TwelveData returned 1500 5m candles
  data source: twelvedata
  live quote: 4440.10
Outside trading session window (PKT). Skipping evaluation.
Mon Aug 31 13:35:53 UTC 2026: Scan finished OK, pinged healthcheck
Mon Aug 31 13:40:20 UTC 2026: Starting scan
  TwelveData returned 1500 5m candles
  data source: twelvedata
  live quote: 4440.89
Outside trading session window (PKT). Skipping evaluation.
Mon Aug 31 13:40:32 UTC 2026: Scan finished OK, pinged healthcheck
Mon Aug 31 13:45:20 UTC 2026: Starting scan
  TwelveData returned 1500 5m candles
  data source: twelvedata
  live quote: 4433.41
Outside trading session window (PKT). Skipping evaluation.
Mon Aug 31 13:45:50 UTC 2026: Scan finished OK, pinged healthcheck
Mon Aug 31 13:50:20 UTC 2026: Starting scan
  TwelveData returned 1500 5m candles
  data source: twelvedata
  live quote: 4426.35
Outside trading session window (PKT). Skipping evaluation.
Mon Aug 31 13:50:31 UTC 2026: Scan finished OK, pinged healthcheck
Mon Aug 31 13:55:20 UTC 2026: Starting scan
  TwelveData returned 1500 5m candles
  data source: twelvedata
  live quote: 4421.84
Outside trading session window (PKT). Skipping evaluation.
Mon Aug 31 13:55:28 UTC 2026: Scan finished OK, pinged healthcheck
Mon Aug 31 14:00:20 UTC 2026: Starting scan
  fetch attempt 1/3 failed: HTTPSConnectionPool(host='api.twelvedata.com', port=443): Read timed out.
  TwelveData returned 1500 5m candles
  data source: twelvedata
  live quote: 4418.52
Outside trading session window (PKT). Skipping evaluation.
Mon Aug 31 14:01:20 UTC 2026: Scan finished OK, pinged healthcheck
Mon Aug 31 14:05:20 UTC 2026: Starting scan
  TwelveData returned 1500 5m candles
  data source: twelvedata
  live quote: 4420.48
Outside trading session window (PKT). Skipping evaluation.
Mon Aug 31 14:05:40 UTC 2026: Scan finished OK, pinged healthcheck
Mon Aug 31 14:10:20 UTC 2026: Starting scan
  TwelveData returned 1500 5m candles
  data source: twelvedata
  live quote: 4425.95
Outside trading session window (PKT). Skipping evaluation.
Mon Aug 31 14:10:40 UTC 2026: Scan finished OK, pinged healthcheck
Mon Aug 31 14:15:20 UTC 2026: Starting scan
  TwelveData returned 1500 5m candles
  data source: twelvedata
  live quote: 4426.15
Outside trading session window (PKT). Skipping evaluation.
Mon Aug 31 14:15:38 UTC 2026: Scan finished OK, pinged healthcheck
Mon Aug 31 14:20:20 UTC 2026: Starting scan
  TwelveData returned 1500 5m candles
  data source: twelvedata
  live quote: 4428.50
Outside trading session window (PKT). Skipping evaluation.
Mon Aug 31 14:20:34 UTC 2026: Scan finished OK, pinged healthcheck
Mon Aug 31 14:25:20 UTC 2026: Starting scan
  TwelveData returned 1500 5m candles
  data source: twelvedata
  live quote: 4418.91
Outside trading session window (PKT). Skipping evaluation.
Mon Aug 31 14:25:33 UTC 2026: Scan finished OK, pinged healthcheck
Mon Aug 31 14:30:20 UTC 2026: Starting scan
  TwelveData returned 1500 5m candles
  data source: twelvedata
  live quote: 4421.45
Outside trading session window (PKT). Skipping evaluation.
Mon Aug 31 14:31:12 UTC 2026: Scan finished OK, pinged healthcheck
Mon Aug 31 14:35:20 UTC 2026: Starting scan
  TwelveData returned 1500 5m candles
  data source: twelvedata
  live quote: 4426.15
Outside trading session window (PKT). Skipping evaluation.
Mon Aug 31 14:35:35 UTC 2026: Scan finished OK, pinged healthcheck
Mon Aug 31 14:40:20 UTC 2026: Starting scan
  TwelveData returned 1500 5m candles
  data source: twelvedata
  live quote: 4434.00
Outside trading session window (PKT). Skipping evaluation.
Mon Aug 31 14:40:32 UTC 2026: Scan finished OK, pinged healthcheck
Mon Aug 31 14:45:20 UTC 2026: Starting scan
  TwelveData returned 1500 5m candles
  data source: twelvedata
  live quote: 4433.02
Outside trading session window (PKT). Skipping evaluation.
Mon Aug 31 14:45:35 UTC 2026: Scan finished OK, pinged healthcheck
Mon Aug 31 14:50:20 UTC 2026: Starting scan
  TwelveData returned 1500 5m candles
  data source: twelvedata
  live quote: 4431.84
Outside trading session window (PKT). Skipping evaluation.
Mon Aug 31 14:50:34 UTC 2026: Scan finished OK, pinged healthcheck
Mon Aug 31 14:55:20 UTC 2026: Starting scan
  TwelveData returned 1500 5m candles
  data source: twelvedata
  live quote: 4430.66
Outside trading session window (PKT). Skipping evaluation.
Mon Aug 31 14:55:36 UTC 2026: Scan finished OK, pinged healthcheck
Mon Aug 31 15:00:20 UTC 2026: Starting scan
  TwelveData returned 1500 5m candles
  data source: twelvedata
  live quote: 4433.80
Evaluated state: NO_TRADE | spot: 4433.80332
No state change, no notification sent.
Mon Aug 31 15:00:51 UTC 2026: Scan finished OK, pinged healthcheck
Mon Aug 31 15:05:20 UTC 2026: Starting scan
  TwelveData returned 1500 5m candles
  data source: twelvedata
  live quote: 4430.66
Evaluated state: NO_TRADE | spot: 4430.66017
No state change, no notification sent.
Mon Aug 31 15:05:33 UTC 2026: Scan finished OK, pinged healthcheck
Mon Aug 31 15:10:20 UTC 2026: Starting scan
  TwelveData returned 1500 5m candles
  data source: twelvedata
  live quote: 4432.03
Evaluated state: NO_TRADE | spot: 4432.03475
No state change, no notification sent.
Mon Aug 31 15:10:29 UTC 2026: Scan finished OK, pinged healthcheck
Mon Aug 31 15:15:20 UTC 2026: Starting scan
  TwelveData returned 1500 5m candles
  data source: twelvedata
  live quote: 4435.38
Evaluated state: NO_TRADE | spot: 4435.37656
No state change, no notification sent.
Mon Aug 31 15:15:35 UTC 2026: Scan finished OK, pinged healthcheck
Mon Aug 31 15:20:20 UTC 2026: Starting scan
  TwelveData returned 1500 5m candles
  data source: twelvedata
  live quote: 4430.27
Evaluated state: NO_TRADE | spot: 4430.26759
No state change, no notification sent.
Mon Aug 31 15:20:34 UTC 2026: Scan finished OK, pinged healthcheck
Mon Aug 31 15:25:20 UTC 2026: Starting scan
  TwelveData returned 1500 5m candles
  data source: twelvedata
  live quote: 4431.84
Evaluated state: NO_TRADE | spot: 4431.83833
No state change, no notification sent.
Mon Aug 31 15:25:29 UTC 2026: Scan finished OK, pinged healthcheck
Mon Aug 31 15:30:20 UTC 2026: Starting scan
  TwelveData returned 1500 5m candles
  data source: twelvedata
  live quote: 4433.21
Evaluated state: NO_TRADE | spot: 4433.21364
No state change, no notification sent.
Mon Aug 31 15:30:32 UTC 2026: Scan finished OK, pinged healthcheck
Mon Aug 31 15:35:20 UTC 2026: Starting scan
  TwelveData returned 1500 5m candles
  data source: twelvedata
  live quote: 4430.07
Evaluated state: NO_TRADE | spot: 4430.07132
No state change, no notification sent.
Mon Aug 31 15:35:29 UTC 2026: Scan finished OK, pinged healthcheck
Mon Aug 31 15:40:20 UTC 2026: Starting scan
  TwelveData returned 1500 5m candles
  data source: twelvedata
  live quote: 4429.09
Evaluated state: NO_TRADE | spot: 4429.09026
No state change, no notification sent.
Mon Aug 31 15:40:44 UTC 2026: Scan finished OK, pinged healthcheck
Mon Aug 31 15:45:20 UTC 2026: Starting scan
  TwelveData returned 1500 5m candles
  data source: twelvedata
  live quote: 4428.11
Evaluated state: NO_TRADE | spot: 4428.10964
No state change, no notification sent.
Mon Aug 31 15:45:28 UTC 2026: Scan finished OK, pinged healthcheck
Mon Aug 31 15:50:20 UTC 2026: Starting scan
  TwelveData returned 1500 5m candles
  data source: twelvedata
  live quote: 4432.62
Evaluated state: NO_TRADE | spot: 4432.62411
No state change, no notification sent.
Mon Aug 31 15:50:34 UTC 2026: Scan finished OK, pinged healthcheck
Mon Aug 31 15:55:20 UTC 2026: Starting scan
  TwelveData returned 1500 5m candles
  data source: twelvedata
  live quote: 4427.72
Evaluated state: NO_TRADE | spot: 4427.71751
No state change, no notification sent.
Mon Aug 31 15:55:28 UTC 2026: Scan finished OK, pinged healthcheck
Mon Aug 31 16:00:20 UTC 2026: Starting scan
  fetch attempt 1/3 failed: ("Connection broken: InvalidChunkLength(got length b'', 0 bytes read)", InvalidChunkLength(got length b'', 0 bytes read))
  fetch attempt 2/3 failed: HTTPSConnectionPool(host='api.twelvedata.com', port=443): Read timed out. (read timeout=30)
  TwelveData returned 1500 5m candles
  data source: twelvedata
  fetch attempt 1/2 failed: 502 Server Error: Bad Gateway for url: https://api.twelvedata.com/price?symbol=XAU/USD&apikey=c31c0cdced904fa3a0773f41bad78449
  live quote: 4426.15
Evaluated state: NO_TRADE | spot: 4426.14969
No state change, no notification sent.
Mon Aug 31 16:01:44 UTC 2026: Scan finished OK, pinged healthcheck
Mon Aug 31 16:05:20 UTC 2026: Starting scan
  TwelveData returned 1500 5m candles
  data source: twelvedata
  live quote: 4431.25
Evaluated state: NO_TRADE | spot: 4431.24917
No state change, no notification sent.
Mon Aug 31 16:05:33 UTC 2026: Scan finished OK, pinged healthcheck
Mon Aug 31 16:10:20 UTC 2026: Starting scan
  TwelveData returned 1500 5m candles
  data source: twelvedata
  live quote: 4433.80
Evaluated state: NO_TRADE | spot: 4433.80332
No state change, no notification sent.
Mon Aug 31 16:10:34 UTC 2026: Scan finished OK, pinged healthcheck
Mon Aug 31 16:15:20 UTC 2026: Starting scan
  TwelveData returned 1500 5m candles
  data source: twelvedata
  live quote: 4433.61
Evaluated state: NO_TRADE | spot: 4433.60674
No state change, no notification sent.
Mon Aug 31 16:15:33 UTC 2026: Scan finished OK, pinged healthcheck
Mon Aug 31 16:20:20 UTC 2026: Starting scan
  TwelveData returned 1500 5m candles
  data source: twelvedata
  live quote: 4434.98
Evaluated state: NO_TRADE | spot: 4434.98315
No state change, no notification sent.
Mon Aug 31 16:20:31 UTC 2026: Scan finished OK, pinged healthcheck
Mon Aug 31 16:25:20 UTC 2026: Starting scan
  TwelveData returned 1500 5m candles
  data source: twelvedata
  live quote: 4435.38
Evaluated state: PRE_BUY | spot: 4435.37656
  notified -> telegram:True discord:True
Mon Aug 31 16:25:37 UTC 2026: Scan finished OK, pinged healthcheck
Mon Aug 31 16:30:20 UTC 2026: Starting scan
  TwelveData returned 1500 5m candles
  data source: twelvedata
  fetch attempt 1/2 failed: 429 Client Error: Too Many Requests for url: https://api.twelvedata.com/price?symbol=XAU/USD&apikey=c31c0cdced904fa3a0773f41bad78449
  fetch attempt 2/2 failed: 429 Client Error: Too Many Requests for url: https://api.twelvedata.com/price?symbol=XAU/USD&apikey=c31c0cdced904fa3a0773f41bad78449
  live price fetch failed: 429 Client Error: Too Many Requests for url: https://api.twelvedata.com/price?symbol=XAU/USD&apikey=c31c0cdced904fa3a0773f41bad78449
Evaluated state: PRE_BUY | spot: 4437.3473
No state change, no notification sent.
Mon Aug 31 16:31:15 UTC 2026: Scan finished OK, pinged healthcheck
Mon Aug 31 16:35:20 UTC 2026: Starting scan
  fetch attempt 1/3 failed: 429 Client Error: Too Many Requests for url: https://api.twelvedata.com/time_series?symbol=XAU/USD&interval=5min&outputsize=1500&timezone=UTC&order=ASC&apikey=c31c0cdced904fa3a0773f41bad78449
  fetch attempt 2/3 failed: 429 Client Error: Too Many Requests for url: https://api.twelvedata.com/time_series?symbol=XAU/USD&interval=5min&outputsize=1500&timezone=UTC&order=ASC&apikey=c31c0cdced904fa3a0773f41bad78449
  fetch attempt 3/3 failed: 429 Client Error: Too Many Requests for url: https://api.twelvedata.com/time_series?symbol=XAU/USD&interval=5min&outputsize=1500&timezone=UTC&order=ASC&apikey=c31c0cdced904fa3a0773f41bad78449
TwelveData unavailable, falling back to tick feed: 429 Client Error: Too Many Requests for url: https://api.twelvedata.com/time_series?symbol=XAU/USD&interval=5min&outputsize=1500&timezone=UTC&order=ASC&apikey=c31c0cdced904fa3a0773f41bad78449
  feed returned 557 ticks
  data source: fallback
Data warnings: limited higher-timeframe history (1H 18/20) — 30m/1H confluence and obstacle checks may be incomplete
Evaluated state: PRE_BUY | spot: 4437.100098
No state change, no notification sent.
Mon Aug 31 16:35:33 UTC 2026: Scan finished OK, pinged healthcheck
Mon Aug 31 16:40:20 UTC 2026: Starting scan
  fetch attempt 1/3 failed: 429 Client Error: Too Many Requests for url: https://api.twelvedata.com/time_series?symbol=XAU/USD&interval=5min&outputsize=1500&timezone=UTC&order=ASC&apikey=c31c0cdced904fa3a0773f41bad78449
  fetch attempt 2/3 failed: 429 Client Error: Too Many Requests for url: https://api.twelvedata.com/time_series?symbol=XAU/USD&interval=5min&outputsize=1500&timezone=UTC&order=ASC&apikey=c31c0cdced904fa3a0773f41bad78449
  fetch attempt 3/3 failed: 429 Client Error: Too Many Requests for url: https://api.twelvedata.com/time_series?symbol=XAU/USD&interval=5min&outputsize=1500&timezone=UTC&order=ASC&apikey=c31c0cdced904fa3a0773f41bad78449
TwelveData unavailable, falling back to tick feed: 429 Client Error: Too Many Requests for url: https://api.twelvedata.com/time_series?symbol=XAU/USD&interval=5min&outputsize=1500&timezone=UTC&order=ASC&apikey=c31c0cdced904fa3a0773f41bad78449
  feed returned 560 ticks
  data source: fallback
Data warnings: limited higher-timeframe history (1H 18/20) — 30m/1H confluence and obstacle checks may be incomplete
Evaluated state: PRE_BUY | spot: 4433.5
No state change, no notification sent.
Mon Aug 31 16:40:32 UTC 2026: Scan finished OK, pinged healthcheck
Mon Aug 31 16:45:20 UTC 2026: Starting scan
  fetch attempt 1/3 failed: 429 Client Error: Too Many Requests for url: https://api.twelvedata.com/time_series?symbol=XAU/USD&interval=5min&outputsize=1500&timezone=UTC&order=ASC&apikey=c31c0cdced904fa3a0773f41bad78449
  fetch attempt 2/3 failed: 429 Client Error: Too Many Requests for url: https://api.twelvedata.com/time_series?symbol=XAU/USD&interval=5min&outputsize=1500&timezone=UTC&order=ASC&apikey=c31c0cdced904fa3a0773f41bad78449
  fetch attempt 3/3 failed: 429 Client Error: Too Many Requests for url: https://api.twelvedata.com/time_series?symbol=XAU/USD&interval=5min&outputsize=1500&timezone=UTC&order=ASC&apikey=c31c0cdced904fa3a0773f41bad78449
TwelveData unavailable, falling back to tick feed: 429 Client Error: Too Many Requests for url: https://api.twelvedata.com/time_series?symbol=XAU/USD&interval=5min&outputsize=1500&timezone=UTC&order=ASC&apikey=c31c0cdced904fa3a0773f41bad78449
  feed returned 562 ticks
  data source: fallback
Data warnings: limited higher-timeframe history (1H 18/20) — 30m/1H confluence and obstacle checks may be incomplete
Evaluated state: PRE_BUY | spot: 4436.399902
No state change, no notification sent.
Mon Aug 31 16:45:36 UTC 2026: Scan finished OK, pinged healthcheck
Mon Aug 31 16:50:20 UTC 2026: Starting scan
  fetch attempt 1/3 failed: 429 Client Error: Too Many Requests for url: https://api.twelvedata.com/time_series?symbol=XAU/USD&interval=5min&outputsize=1500&timezone=UTC&order=ASC&apikey=c31c0cdced904fa3a0773f41bad78449
  fetch attempt 2/3 failed: 429 Client Error: Too Many Requests for url: https://api.twelvedata.com/time_series?symbol=XAU/USD&interval=5min&outputsize=1500&timezone=UTC&order=ASC&apikey=c31c0cdced904fa3a0773f41bad78449
  fetch attempt 3/3 failed: 429 Client Error: Too Many Requests for url: https://api.twelvedata.com/time_series?symbol=XAU/USD&interval=5min&outputsize=1500&timezone=UTC&order=ASC&apikey=c31c0cdced904fa3a0773f41bad78449
TwelveData unavailable, falling back to tick feed: 429 Client Error: Too Many Requests for url: https://api.twelvedata.com/time_series?symbol=XAU/USD&interval=5min&outputsize=1500&timezone=UTC&order=ASC&apikey=c31c0cdced904fa3a0773f41bad78449
  feed returned 565 ticks
  data source: fallback
Data warnings: limited higher-timeframe history (1H 18/20) — 30m/1H confluence and obstacle checks may be incomplete
Evaluated state: PRE_BUY | spot: 4435.100098
No state change, no notification sent.
Mon Aug 31 16:50:32 UTC 2026: Scan finished OK, pinged healthcheck
Mon Aug 31 16:55:20 UTC 2026: Starting scan
  fetch attempt 1/3 failed: 429 Client Error: Too Many Requests for url: https://api.twelvedata.com/time_series?symbol=XAU/USD&interval=5min&outputsize=1500&timezone=UTC&order=ASC&apikey=c31c0cdced904fa3a0773f41bad78449
  fetch attempt 2/3 failed: 429 Client Error: Too Many Requests for url: https://api.twelvedata.com/time_series?symbol=XAU/USD&interval=5min&outputsize=1500&timezone=UTC&order=ASC&apikey=c31c0cdced904fa3a0773f41bad78449
  fetch attempt 3/3 failed: 429 Client Error: Too Many Requests for url: https://api.twelvedata.com/time_series?symbol=XAU/USD&interval=5min&outputsize=1500&timezone=UTC&order=ASC&apikey=c31c0cdced904fa3a0773f41bad78449
TwelveData unavailable, falling back to tick feed: 429 Client Error: Too Many Requests for url: https://api.twelvedata.com/time_series?symbol=XAU/USD&interval=5min&outputsize=1500&timezone=UTC&order=ASC&apikey=c31c0cdced904fa3a0773f41bad78449
  feed returned 567 ticks
  data source: fallback
Data warnings: limited higher-timeframe history (1H 18/20) — 30m/1H confluence and obstacle checks may be incomplete
Evaluated state: PRE_BUY | spot: 4435.299805
No state change, no notification sent.
Mon Aug 31 16:55:33 UTC 2026: Scan finished OK, pinged healthcheck
Mon Aug 31 17:00:20 UTC 2026: Starting scan
  fetch attempt 1/3 failed: 429 Client Error: Too Many Requests for url: https://api.twelvedata.com/time_series?symbol=XAU/USD&interval=5min&outputsize=1500&timezone=UTC&order=ASC&apikey=c31c0cdced904fa3a0773f41bad78449
  fetch attempt 2/3 failed: 429 Client Error: Too Many Requests for url: https://api.twelvedata.com/time_series?symbol=XAU/USD&interval=5min&outputsize=1500&timezone=UTC&order=ASC&apikey=c31c0cdced904fa3a0773f41bad78449
  fetch attempt 3/3 failed: 429 Client Error: Too Many Requests for url: https://api.twelvedata.com/time_series?symbol=XAU/USD&interval=5min&outputsize=1500&timezone=UTC&order=ASC&apikey=c31c0cdced904fa3a0773f41bad78449
TwelveData unavailable, falling back to tick feed: 429 Client Error: Too Many Requests for url: https://api.twelvedata.com/time_series?symbol=XAU/USD&interval=5min&outputsize=1500&timezone=UTC&order=ASC&apikey=c31c0cdced904fa3a0773f41bad78449
  feed returned 569 ticks
  data source: fallback
Data warnings: limited higher-timeframe history (1H 19/20) — 30m/1H confluence and obstacle checks may be incomplete
Evaluated state: NO_TRADE | spot: 4434.299805
Mon Aug 31 17:00:42 UTC 2026: Scan finished OK, pinged healthcheck
Mon Aug 31 17:05:20 UTC 2026: Starting scan
  fetch attempt 1/3 failed: 429 Client Error: Too Many Requests for url: https://api.twelvedata.com/time_series?symbol=XAU/USD&interval=5min&outputsize=1500&timezone=UTC&order=ASC&apikey=c31c0cdced904fa3a0773f41bad78449
  fetch attempt 2/3 failed: 429 Client Error: Too Many Requests for url: https://api.twelvedata.com/time_series?symbol=XAU/USD&interval=5min&outputsize=1500&timezone=UTC&order=ASC&apikey=c31c0cdced904fa3a0773f41bad78449
  fetch attempt 3/3 failed: 429 Client Error: Too Many Requests for url: https://api.twelvedata.com/time_series?symbol=XAU/USD&interval=5min&outputsize=1500&timezone=UTC&order=ASC&apikey=c31c0cdced904fa3a0773f41bad78449
TwelveData unavailable, falling back to tick feed: 429 Client Error: Too Many Requests for url: https://api.twelvedata.com/time_series?symbol=XAU/USD&interval=5min&outputsize=1500&timezone=UTC&order=ASC&apikey=c31c0cdced904fa3a0773f41bad78449
  feed returned 572 ticks
  data source: fallback
Data warnings: limited higher-timeframe history (1H 19/20) — 30m/1H confluence and obstacle checks may be incomplete
Evaluated state: NO_TRADE | spot: 4433.5
No state change, no notification sent.
Mon Aug 31 17:05:34 UTC 2026: Scan finished OK, pinged healthcheck
Mon Aug 31 17:10:20 UTC 2026: Starting scan
  fetch attempt 1/3 failed: 429 Client Error: Too Many Requests for url: https://api.twelvedata.com/time_series?symbol=XAU/USD&interval=5min&outputsize=1500&timezone=UTC&order=ASC&apikey=c31c0cdced904fa3a0773f41bad78449
  fetch attempt 2/3 failed: 429 Client Error: Too Many Requests for url: https://api.twelvedata.com/time_series?symbol=XAU/USD&interval=5min&outputsize=1500&timezone=UTC&order=ASC&apikey=c31c0cdced904fa3a0773f41bad78449
  fetch attempt 3/3 failed: 429 Client Error: Too Many Requests for url: https://api.twelvedata.com/time_series?symbol=XAU/USD&interval=5min&outputsize=1500&timezone=UTC&order=ASC&apikey=c31c0cdced904fa3a0773f41bad78449
TwelveData unavailable, falling back to tick feed: 429 Client Error: Too Many Requests for url: https://api.twelvedata.com/time_series?symbol=XAU/USD&interval=5min&outputsize=1500&timezone=UTC&order=ASC&apikey=c31c0cdced904fa3a0773f41bad78449
  feed returned 575 ticks
  data source: fallback
Data warnings: limited higher-timeframe history (1H 19/20) — 30m/1H confluence and obstacle checks may be incomplete
Evaluated state: NO_TRADE | spot: 4432.899902
No state change, no notification sent.
Mon Aug 31 17:10:35 UTC 2026: Scan finished OK, pinged healthcheck
Mon Aug 31 17:15:20 UTC 2026: Starting scan
  fetch attempt 1/3 failed: 429 Client Error: Too Many Requests for url: https://api.twelvedata.com/time_series?symbol=XAU/USD&interval=5min&outputsize=1500&timezone=UTC&order=ASC&apikey=c31c0cdced904fa3a0773f41bad78449
  fetch attempt 2/3 failed: 429 Client Error: Too Many Requests for url: https://api.twelvedata.com/time_series?symbol=XAU/USD&interval=5min&outputsize=1500&timezone=UTC&order=ASC&apikey=c31c0cdced904fa3a0773f41bad78449
  fetch attempt 3/3 failed: 429 Client Error: Too Many Requests for url: https://api.twelvedata.com/time_series?symbol=XAU/USD&interval=5min&outputsize=1500&timezone=UTC&order=ASC&apikey=c31c0cdced904fa3a0773f41bad78449
TwelveData unavailable, falling back to tick feed: 429 Client Error: Too Many Requests for url: https://api.twelvedata.com/time_series?symbol=XAU/USD&interval=5min&outputsize=1500&timezone=UTC&order=ASC&apikey=c31c0cdced904fa3a0773f41bad78449
  feed returned 577 ticks
  data source: fallback
Data warnings: limited higher-timeframe history (1H 19/20) — 30m/1H confluence and obstacle checks may be incomplete
Evaluated state: NO_TRADE | spot: 4435
No state change, no notification sent.
Mon Aug 31 17:15:32 UTC 2026: Scan finished OK, pinged healthcheck
Mon Aug 31 17:20:20 UTC 2026: Starting scan
  fetch attempt 1/3 failed: 429 Client Error: Too Many Requests for url: https://api.twelvedata.com/time_series?symbol=XAU/USD&interval=5min&outputsize=1500&timezone=UTC&order=ASC&apikey=c31c0cdced904fa3a0773f41bad78449
  fetch attempt 2/3 failed: 429 Client Error: Too Many Requests for url: https://api.twelvedata.com/time_series?symbol=XAU/USD&interval=5min&outputsize=1500&timezone=UTC&order=ASC&apikey=c31c0cdced904fa3a0773f41bad78449
  fetch attempt 3/3 failed: 429 Client Error: Too Many Requests for url: https://api.twelvedata.com/time_series?symbol=XAU/USD&interval=5min&outputsize=1500&timezone=UTC&order=ASC&apikey=c31c0cdced904fa3a0773f41bad78449
TwelveData unavailable, falling back to tick feed: 429 Client Error: Too Many Requests for url: https://api.twelvedata.com/time_series?symbol=XAU/USD&interval=5min&outputsize=1500&timezone=UTC&order=ASC&apikey=c31c0cdced904fa3a0773f41bad78449
  feed returned 580 ticks
  data source: fallback
Data warnings: limited higher-timeframe history (1H 19/20) — 30m/1H confluence and obstacle checks may be incomplete
Evaluated state: NO_TRADE | spot: 4436.700195
No state change, no notification sent.
Mon Aug 31 17:20:33 UTC 2026: Scan finished OK, pinged healthcheck
Mon Aug 31 17:25:20 UTC 2026: Starting scan
  fetch attempt 1/3 failed: 429 Client Error: Too Many Requests for url: https://api.twelvedata.com/time_series?symbol=XAU/USD&interval=5min&outputsize=1500&timezone=UTC&order=ASC&apikey=c31c0cdced904fa3a0773f41bad78449
  fetch attempt 2/3 failed: 429 Client Error: Too Many Requests for url: https://api.twelvedata.com/time_series?symbol=XAU/USD&interval=5min&outputsize=1500&timezone=UTC&order=ASC&apikey=c31c0cdced904fa3a0773f41bad78449
  fetch attempt 3/3 failed: 429 Client Error: Too Many Requests for url: https://api.twelvedata.com/time_series?symbol=XAU/USD&interval=5min&outputsize=1500&timezone=UTC&order=ASC&apikey=c31c0cdced904fa3a0773f41bad78449
TwelveData unavailable, falling back to tick feed: 429 Client Error: Too Many Requests for url: https://api.twelvedata.com/time_series?symbol=XAU/USD&interval=5min&outputsize=1500&timezone=UTC&order=ASC&apikey=c31c0cdced904fa3a0773f41bad78449
  feed returned 582 ticks
  data source: fallback
Data warnings: limited higher-timeframe history (1H 19/20) — 30m/1H confluence and obstacle checks may be incomplete
Evaluated state: NO_TRADE | spot: 4433.899902
No state change, no notification sent.
Mon Aug 31 17:25:32 UTC 2026: Scan finished OK, pinged healthcheck
Mon Aug 31 17:30:20 UTC 2026: Starting scan
  fetch attempt 1/3 failed: 429 Client Error: Too Many Requests for url: https://api.twelvedata.com/time_series?symbol=XAU/USD&interval=5min&outputsize=1500&timezone=UTC&order=ASC&apikey=c31c0cdced904fa3a0773f41bad78449
  fetch attempt 2/3 failed: 429 Client Error: Too Many Requests for url: https://api.twelvedata.com/time_series?symbol=XAU/USD&interval=5min&outputsize=1500&timezone=UTC&order=ASC&apikey=c31c0cdced904fa3a0773f41bad78449
  fetch attempt 3/3 failed: 429 Client Error: Too Many Requests for url: https://api.twelvedata.com/time_series?symbol=XAU/USD&interval=5min&outputsize=1500&timezone=UTC&order=ASC&apikey=c31c0cdced904fa3a0773f41bad78449
TwelveData unavailable, falling back to tick feed: 429 Client Error: Too Many Requests for url: https://api.twelvedata.com/time_series?symbol=XAU/USD&interval=5min&outputsize=1500&timezone=UTC&order=ASC&apikey=c31c0cdced904fa3a0773f41bad78449
  feed returned 585 ticks
  data source: fallback
Data warnings: limited higher-timeframe history (1H 19/20) — 30m/1H confluence and obstacle checks may be incomplete
Evaluated state: NO_TRADE | spot: 4431.399902
No state change, no notification sent.
Mon Aug 31 17:30:41 UTC 2026: Scan finished OK, pinged healthcheck
Mon Aug 31 17:35:20 UTC 2026: Starting scan
  fetch attempt 1/3 failed: 429 Client Error: Too Many Requests for url: https://api.twelvedata.com/time_series?symbol=XAU/USD&interval=5min&outputsize=1500&timezone=UTC&order=ASC&apikey=c31c0cdced904fa3a0773f41bad78449
  fetch attempt 2/3 failed: 429 Client Error: Too Many Requests for url: https://api.twelvedata.com/time_series?symbol=XAU/USD&interval=5min&outputsize=1500&timezone=UTC&order=ASC&apikey=c31c0cdced904fa3a0773f41bad78449
  fetch attempt 3/3 failed: 429 Client Error: Too Many Requests for url: https://api.twelvedata.com/time_series?symbol=XAU/USD&interval=5min&outputsize=1500&timezone=UTC&order=ASC&apikey=c31c0cdced904fa3a0773f41bad78449
TwelveData unavailable, falling back to tick feed: 429 Client Error: Too Many Requests for url: https://api.twelvedata.com/time_series?symbol=XAU/USD&interval=5min&outputsize=1500&timezone=UTC&order=ASC&apikey=c31c0cdced904fa3a0773f41bad78449
  feed returned 587 ticks
  data source: fallback
Data warnings: limited higher-timeframe history (1H 19/20) — 30m/1H confluence and obstacle checks may be incomplete
Evaluated state: NO_TRADE | spot: 4433.700195
No state change, no notification sent.
Mon Aug 31 17:35:32 UTC 2026: Scan finished OK, pinged healthcheck
Mon Aug 31 17:40:20 UTC 2026: Starting scan
  fetch attempt 1/3 failed: 429 Client Error: Too Many Requests for url: https://api.twelvedata.com/time_series?symbol=XAU/USD&interval=5min&outputsize=1500&timezone=UTC&order=ASC&apikey=c31c0cdced904fa3a0773f41bad78449
  fetch attempt 2/3 failed: 429 Client Error: Too Many Requests for url: https://api.twelvedata.com/time_series?symbol=XAU/USD&interval=5min&outputsize=1500&timezone=UTC&order=ASC&apikey=c31c0cdced904fa3a0773f41bad78449
  fetch attempt 3/3 failed: 429 Client Error: Too Many Requests for url: https://api.twelvedata.com/time_series?symbol=XAU/USD&interval=5min&outputsize=1500&timezone=UTC&order=ASC&apikey=c31c0cdced904fa3a0773f41bad78449
TwelveData unavailable, falling back to tick feed: 429 Client Error: Too Many Requests for url: https://api.twelvedata.com/time_series?symbol=XAU/USD&interval=5min&outputsize=1500&timezone=UTC&order=ASC&apikey=c31c0cdced904fa3a0773f41bad78449
  feed returned 590 ticks
  data source: fallback
Data warnings: limited higher-timeframe history (1H 19/20) — 30m/1H confluence and obstacle checks may be incomplete
Evaluated state: NO_TRADE | spot: 4434.600098
No state change, no notification sent.
Mon Aug 31 17:40:34 UTC 2026: Scan finished OK, pinged healthcheck
Mon Aug 31 17:45:20 UTC 2026: Starting scan
  fetch attempt 1/3 failed: 429 Client Error: Too Many Requests for url: https://api.twelvedata.com/time_series?symbol=XAU/USD&interval=5min&outputsize=1500&timezone=UTC&order=ASC&apikey=c31c0cdced904fa3a0773f41bad78449
  fetch attempt 2/3 failed: 429 Client Error: Too Many Requests for url: https://api.twelvedata.com/time_series?symbol=XAU/USD&interval=5min&outputsize=1500&timezone=UTC&order=ASC&apikey=c31c0cdced904fa3a0773f41bad78449
  fetch attempt 3/3 failed: 429 Client Error: Too Many Requests for url: https://api.twelvedata.com/time_series?symbol=XAU/USD&interval=5min&outputsize=1500&timezone=UTC&order=ASC&apikey=c31c0cdced904fa3a0773f41bad78449
TwelveData unavailable, falling back to tick feed: 429 Client Error: Too Many Requests for url: https://api.twelvedata.com/time_series?symbol=XAU/USD&interval=5min&outputsize=1500&timezone=UTC&order=ASC&apikey=c31c0cdced904fa3a0773f41bad78449
  feed returned 592 ticks
  data source: fallback
Data warnings: limited higher-timeframe history (1H 19/20) — 30m/1H confluence and obstacle checks may be incomplete
Evaluated state: NO_TRADE | spot: 4437.399902
No state change, no notification sent.
Mon Aug 31 17:45:32 UTC 2026: Scan finished OK, pinged healthcheck
Mon Aug 31 17:50:20 UTC 2026: Starting scan
  fetch attempt 1/3 failed: 429 Client Error: Too Many Requests for url: https://api.twelvedata.com/time_series?symbol=XAU/USD&interval=5min&outputsize=1500&timezone=UTC&order=ASC&apikey=c31c0cdced904fa3a0773f41bad78449
  fetch attempt 2/3 failed: 429 Client Error: Too Many Requests for url: https://api.twelvedata.com/time_series?symbol=XAU/USD&interval=5min&outputsize=1500&timezone=UTC&order=ASC&apikey=c31c0cdced904fa3a0773f41bad78449
  fetch attempt 3/3 failed: 429 Client Error: Too Many Requests for url: https://api.twelvedata.com/time_series?symbol=XAU/USD&interval=5min&outputsize=1500&timezone=UTC&order=ASC&apikey=c31c0cdced904fa3a0773f41bad78449
TwelveData unavailable, falling back to tick feed: 429 Client Error: Too Many Requests for url: https://api.twelvedata.com/time_series?symbol=XAU/USD&interval=5min&outputsize=1500&timezone=UTC&order=ASC&apikey=c31c0cdced904fa3a0773f41bad78449
  feed returned 595 ticks
  data source: fallback
Data warnings: limited higher-timeframe history (1H 19/20) — 30m/1H confluence and obstacle checks may be incomplete
Evaluated state: NO_TRADE | spot: 4439.899902
No state change, no notification sent.
Mon Aug 31 17:50:35 UTC 2026: Scan finished OK, pinged healthcheck
Mon Aug 31 17:55:20 UTC 2026: Starting scan
  fetch attempt 1/3 failed: 429 Client Error: Too Many Requests for url: https://api.twelvedata.com/time_series?symbol=XAU/USD&interval=5min&outputsize=1500&timezone=UTC&order=ASC&apikey=c31c0cdced904fa3a0773f41bad78449
  fetch attempt 2/3 failed: 429 Client Error: Too Many Requests for url: https://api.twelvedata.com/time_series?symbol=XAU/USD&interval=5min&outputsize=1500&timezone=UTC&order=ASC&apikey=c31c0cdced904fa3a0773f41bad78449
  fetch attempt 3/3 failed: 429 Client Error: Too Many Requests for url: https://api.twelvedata.com/time_series?symbol=XAU/USD&interval=5min&outputsize=1500&timezone=UTC&order=ASC&apikey=c31c0cdced904fa3a0773f41bad78449
TwelveData unavailable, falling back to tick feed: 429 Client Error: Too Many Requests for url: https://api.twelvedata.com/time_series?symbol=XAU/USD&interval=5min&outputsize=1500&timezone=UTC&order=ASC&apikey=c31c0cdced904fa3a0773f41bad78449
  fetch attempt 1/3 failed: 503 Server Error: Service Unavailable for url: https://xaus.com/api/v1/intraday?symbol=xau&hours=48
  fetch attempt 2/3 failed: 503 Server Error: Service Unavailable for url: https://xaus.com/api/v1/intraday?symbol=xau&hours=48
  fetch attempt 3/3 failed: 503 Server Error: Service Unavailable for url: https://xaus.com/api/v1/intraday?symbol=xau&hours=48
Data fetch failed: 503 Server Error: Service Unavailable for url: https://xaus.com/api/v1/intraday?symbol=xau&hours=48
  notified -> telegram:True discord:True
Mon Aug 31 17:55:41 UTC 2026: Scan finished OK, pinged healthcheck
Mon Aug 31 18:00:20 UTC 2026: Starting scan
  fetch attempt 1/3 failed: 429 Client Error: Too Many Requests for url: https://api.twelvedata.com/time_series?symbol=XAU/USD&interval=5min&outputsize=1500&timezone=UTC&order=ASC&apikey=c31c0cdced904fa3a0773f41bad78449
  fetch attempt 2/3 failed: 429 Client Error: Too Many Requests for url: https://api.twelvedata.com/time_series?symbol=XAU/USD&interval=5min&outputsize=1500&timezone=UTC&order=ASC&apikey=c31c0cdced904fa3a0773f41bad78449
  fetch attempt 3/3 failed: 429 Client Error: Too Many Requests for url: https://api.twelvedata.com/time_series?symbol=XAU/USD&interval=5min&outputsize=1500&timezone=UTC&order=ASC&apikey=c31c0cdced904fa3a0773f41bad78449
TwelveData unavailable, falling back to tick feed: 429 Client Error: Too Many Requests for url: https://api.twelvedata.com/time_series?symbol=XAU/USD&interval=5min&outputsize=1500&timezone=UTC&order=ASC&apikey=c31c0cdced904fa3a0773f41bad78449
  fetch attempt 1/3 failed: 503 Server Error: Service Unavailable for url: https://xaus.com/api/v1/intraday?symbol=xau&hours=48
  fetch attempt 2/3 failed: 503 Server Error: Service Unavailable for url: https://xaus.com/api/v1/intraday?symbol=xau&hours=48
  fetch attempt 3/3 failed: 503 Server Error: Service Unavailable for url: https://xaus.com/api/v1/intraday?symbol=xau&hours=48
Data fetch failed: 503 Server Error: Service Unavailable for url: https://xaus.com/api/v1/intraday?symbol=xau&hours=48
Mon Aug 31 18:00:40 UTC 2026: Scan finished OK, pinged healthcheck
Mon Aug 31 18:05:20 UTC 2026: Starting scan
  fetch attempt 1/3 failed: 429 Client Error: Too Many Requests for url: https://api.twelvedata.com/time_series?symbol=XAU/USD&interval=5min&outputsize=1500&timezone=UTC&order=ASC&apikey=c31c0cdced904fa3a0773f41bad78449
  fetch attempt 2/3 failed: 429 Client Error: Too Many Requests for url: https://api.twelvedata.com/time_series?symbol=XAU/USD&interval=5min&outputsize=1500&timezone=UTC&order=ASC&apikey=c31c0cdced904fa3a0773f41bad78449
  fetch attempt 3/3 failed: 429 Client Error: Too Many Requests for url: https://api.twelvedata.com/time_series?symbol=XAU/USD&interval=5min&outputsize=1500&timezone=UTC&order=ASC&apikey=c31c0cdced904fa3a0773f41bad78449
TwelveData unavailable, falling back to tick feed: 429 Client Error: Too Many Requests for url: https://api.twelvedata.com/time_series?symbol=XAU/USD&interval=5min&outputsize=1500&timezone=UTC&order=ASC&apikey=c31c0cdced904fa3a0773f41bad78449
  fetch attempt 1/3 failed: 503 Server Error: Service Unavailable for url: https://xaus.com/api/v1/intraday?symbol=xau&hours=48
  fetch attempt 2/3 failed: 503 Server Error: Service Unavailable for url: https://xaus.com/api/v1/intraday?symbol=xau&hours=48
  fetch attempt 3/3 failed: 503 Server Error: Service Unavailable for url: https://xaus.com/api/v1/intraday?symbol=xau&hours=48
Data fetch failed: 503 Server Error: Service Unavailable for url: https://xaus.com/api/v1/intraday?symbol=xau&hours=48
Mon Aug 31 18:05:42 UTC 2026: Scan finished OK, pinged healthcheck
Mon Aug 31 18:10:20 UTC 2026: Starting scan
  fetch attempt 1/3 failed: 429 Client Error: Too Many Requests for url: https://api.twelvedata.com/time_series?symbol=XAU/USD&interval=5min&outputsize=1500&timezone=UTC&order=ASC&apikey=c31c0cdced904fa3a0773f41bad78449
  fetch attempt 2/3 failed: 429 Client Error: Too Many Requests for url: https://api.twelvedata.com/time_series?symbol=XAU/USD&interval=5min&outputsize=1500&timezone=UTC&order=ASC&apikey=c31c0cdced904fa3a0773f41bad78449
  fetch attempt 3/3 failed: 429 Client Error: Too Many Requests for url: https://api.twelvedata.com/time_series?symbol=XAU/USD&interval=5min&outputsize=1500&timezone=UTC&order=ASC&apikey=c31c0cdced904fa3a0773f41bad78449
TwelveData unavailable, falling back to tick feed: 429 Client Error: Too Many Requests for url: https://api.twelvedata.com/time_series?symbol=XAU/USD&interval=5min&outputsize=1500&timezone=UTC&order=ASC&apikey=c31c0cdced904fa3a0773f41bad78449
  fetch attempt 1/3 failed: 503 Server Error: Service Unavailable for url: https://xaus.com/api/v1/intraday?symbol=xau&hours=48
  fetch attempt 2/3 failed: 503 Server Error: Service Unavailable for url: https://xaus.com/api/v1/intraday?symbol=xau&hours=48
  fetch attempt 3/3 failed: 503 Server Error: Service Unavailable for url: https://xaus.com/api/v1/intraday?symbol=xau&hours=48
Data fetch failed: 503 Server Error: Service Unavailable for url: https://xaus.com/api/v1/intraday?symbol=xau&hours=48
Mon Aug 31 18:10:40 UTC 2026: Scan finished OK, pinged healthcheck
Mon Aug 31 18:15:20 UTC 2026: Starting scan
  fetch attempt 1/3 failed: 429 Client Error: Too Many Requests for url: https://api.twelvedata.com/time_series?symbol=XAU/USD&interval=5min&outputsize=1500&timezone=UTC&order=ASC&apikey=c31c0cdced904fa3a0773f41bad78449
  fetch attempt 2/3 failed: 429 Client Error: Too Many Requests for url: https://api.twelvedata.com/time_series?symbol=XAU/USD&interval=5min&outputsize=1500&timezone=UTC&order=ASC&apikey=c31c0cdced904fa3a0773f41bad78449
  fetch attempt 3/3 failed: 429 Client Error: Too Many Requests for url: https://api.twelvedata.com/time_series?symbol=XAU/USD&interval=5min&outputsize=1500&timezone=UTC&order=ASC&apikey=c31c0cdced904fa3a0773f41bad78449
TwelveData unavailable, falling back to tick feed: 429 Client Error: Too Many Requests for url: https://api.twelvedata.com/time_series?symbol=XAU/USD&interval=5min&outputsize=1500&timezone=UTC&order=ASC&apikey=c31c0cdced904fa3a0773f41bad78449
  fetch attempt 1/3 failed: 503 Server Error: Service Unavailable for url: https://xaus.com/api/v1/intraday?symbol=xau&hours=48
  fetch attempt 2/3 failed: 503 Server Error: Service Unavailable for url: https://xaus.com/api/v1/intraday?symbol=xau&hours=48
  fetch attempt 3/3 failed: 503 Server Error: Service Unavailable for url: https://xaus.com/api/v1/intraday?symbol=xau&hours=48
Data fetch failed: 503 Server Error: Service Unavailable for url: https://xaus.com/api/v1/intraday?symbol=xau&hours=48
Mon Aug 31 18:15:40 UTC 2026: Scan finished OK, pinged healthcheck
Mon Aug 31 18:20:20 UTC 2026: Starting scan
  fetch attempt 1/3 failed: 429 Client Error: Too Many Requests for url: https://api.twelvedata.com/time_series?symbol=XAU/USD&interval=5min&outputsize=1500&timezone=UTC&order=ASC&apikey=c31c0cdced904fa3a0773f41bad78449
  fetch attempt 2/3 failed: 429 Client Error: Too Many Requests for url: https://api.twelvedata.com/time_series?symbol=XAU/USD&interval=5min&outputsize=1500&timezone=UTC&order=ASC&apikey=c31c0cdced904fa3a0773f41bad78449
  fetch attempt 3/3 failed: 429 Client Error: Too Many Requests for url: https://api.twelvedata.com/time_series?symbol=XAU/USD&interval=5min&outputsize=1500&timezone=UTC&order=ASC&apikey=c31c0cdced904fa3a0773f41bad78449
TwelveData unavailable, falling back to tick feed: 429 Client Error: Too Many Requests for url: https://api.twelvedata.com/time_series?symbol=XAU/USD&interval=5min&outputsize=1500&timezone=UTC&order=ASC&apikey=c31c0cdced904fa3a0773f41bad78449
  fetch attempt 1/3 failed: 503 Server Error: Service Unavailable for url: https://xaus.com/api/v1/intraday?symbol=xau&hours=48
  fetch attempt 2/3 failed: 503 Server Error: Service Unavailable for url: https://xaus.com/api/v1/intraday?symbol=xau&hours=48
  fetch attempt 3/3 failed: 503 Server Error: Service Unavailable for url: https://xaus.com/api/v1/intraday?symbol=xau&hours=48
Data fetch failed: 503 Server Error: Service Unavailable for url: https://xaus.com/api/v1/intraday?symbol=xau&hours=48
Mon Aug 31 18:20:42 UTC 2026: Scan finished OK, pinged healthcheck
Mon Aug 31 18:25:20 UTC 2026: Starting scan
  fetch attempt 1/3 failed: 429 Client Error: Too Many Requests for url: https://api.twelvedata.com/time_series?symbol=XAU/USD&interval=5min&outputsize=1500&timezone=UTC&order=ASC&apikey=c31c0cdced904fa3a0773f41bad78449
  fetch attempt 2/3 failed: 429 Client Error: Too Many Requests for url: https://api.twelvedata.com/time_series?symbol=XAU/USD&interval=5min&outputsize=1500&timezone=UTC&order=ASC&apikey=c31c0cdced904fa3a0773f41bad78449
  fetch attempt 3/3 failed: 429 Client Error: Too Many Requests for url: https://api.twelvedata.com/time_series?symbol=XAU/USD&interval=5min&outputsize=1500&timezone=UTC&order=ASC&apikey=c31c0cdced904fa3a0773f41bad78449
TwelveData unavailable, falling back to tick feed: 429 Client Error: Too Many Requests for url: https://api.twelvedata.com/time_series?symbol=XAU/USD&interval=5min&outputsize=1500&timezone=UTC&order=ASC&apikey=c31c0cdced904fa3a0773f41bad78449
  fetch attempt 1/3 failed: 503 Server Error: Service Unavailable for url: https://xaus.com/api/v1/intraday?symbol=xau&hours=48
  fetch attempt 2/3 failed: 503 Server Error: Service Unavailable for url: https://xaus.com/api/v1/intraday?symbol=xau&hours=48
  fetch attempt 3/3 failed: 503 Server Error: Service Unavailable for url: https://xaus.com/api/v1/intraday?symbol=xau&hours=48
Data fetch failed: 503 Server Error: Service Unavailable for url: https://xaus.com/api/v1/intraday?symbol=xau&hours=48
Mon Aug 31 18:25:40 UTC 2026: Scan finished OK, pinged healthcheck
Mon Aug 31 18:30:20 UTC 2026: Starting scan
  fetch attempt 1/3 failed: 429 Client Error: Too Many Requests for url: https://api.twelvedata.com/time_series?symbol=XAU/USD&interval=5min&outputsize=1500&timezone=UTC&order=ASC&apikey=c31c0cdced904fa3a0773f41bad78449
  fetch attempt 2/3 failed: 429 Client Error: Too Many Requests for url: https://api.twelvedata.com/time_series?symbol=XAU/USD&interval=5min&outputsize=1500&timezone=UTC&order=ASC&apikey=c31c0cdced904fa3a0773f41bad78449
  fetch attempt 3/3 failed: 429 Client Error: Too Many Requests for url: https://api.twelvedata.com/time_series?symbol=XAU/USD&interval=5min&outputsize=1500&timezone=UTC&order=ASC&apikey=c31c0cdced904fa3a0773f41bad78449
TwelveData unavailable, falling back to tick feed: 429 Client Error: Too Many Requests for url: https://api.twelvedata.com/time_series?symbol=XAU/USD&interval=5min&outputsize=1500&timezone=UTC&order=ASC&apikey=c31c0cdced904fa3a0773f41bad78449
  fetch attempt 1/3 failed: 503 Server Error: Service Unavailable for url: https://xaus.com/api/v1/intraday?symbol=xau&hours=48
  fetch attempt 2/3 failed: 503 Server Error: Service Unavailable for url: https://xaus.com/api/v1/intraday?symbol=xau&hours=48
  fetch attempt 3/3 failed: 503 Server Error: Service Unavailable for url: https://xaus.com/api/v1/intraday?symbol=xau&hours=48
Data fetch failed: 503 Server Error: Service Unavailable for url: https://xaus.com/api/v1/intraday?symbol=xau&hours=48
Mon Aug 31 18:30:40 UTC 2026: Scan finished OK, pinged healthcheck
Mon Aug 31 18:35:20 UTC 2026: Starting scan
  fetch attempt 1/3 failed: 429 Client Error: Too Many Requests for url: https://api.twelvedata.com/time_series?symbol=XAU/USD&interval=5min&outputsize=1500&timezone=UTC&order=ASC&apikey=c31c0cdced904fa3a0773f41bad78449
  fetch attempt 2/3 failed: 429 Client Error: Too Many Requests for url: https://api.twelvedata.com/time_series?symbol=XAU/USD&interval=5min&outputsize=1500&timezone=UTC&order=ASC&apikey=c31c0cdced904fa3a0773f41bad78449
  fetch attempt 3/3 failed: 429 Client Error: Too Many Requests for url: https://api.twelvedata.com/time_series?symbol=XAU/USD&interval=5min&outputsize=1500&timezone=UTC&order=ASC&apikey=c31c0cdced904fa3a0773f41bad78449
TwelveData unavailable, falling back to tick feed: 429 Client Error: Too Many Requests for url: https://api.twelvedata.com/time_series?symbol=XAU/USD&interval=5min&outputsize=1500&timezone=UTC&order=ASC&apikey=c31c0cdced904fa3a0773f41bad78449
  fetch attempt 1/3 failed: 503 Server Error: Service Unavailable for url: https://xaus.com/api/v1/intraday?symbol=xau&hours=48
  fetch attempt 2/3 failed: 503 Server Error: Service Unavailable for url: https://xaus.com/api/v1/intraday?symbol=xau&hours=48
  fetch attempt 3/3 failed: 503 Server Error: Service Unavailable for url: https://xaus.com/api/v1/intraday?symbol=xau&hours=48
Data fetch failed: 503 Server Error: Service Unavailable for url: https://xaus.com/api/v1/intraday?symbol=xau&hours=48
Mon Aug 31 18:35:41 UTC 2026: Scan finished OK, pinged healthcheck
Mon Aug 31 18:40:20 UTC 2026: Starting scan
  fetch attempt 1/3 failed: 429 Client Error: Too Many Requests for url: https://api.twelvedata.com/time_series?symbol=XAU/USD&interval=5min&outputsize=1500&timezone=UTC&order=ASC&apikey=c31c0cdced904fa3a0773f41bad78449
  fetch attempt 2/3 failed: 429 Client Error: Too Many Requests for url: https://api.twelvedata.com/time_series?symbol=XAU/USD&interval=5min&outputsize=1500&timezone=UTC&order=ASC&apikey=c31c0cdced904fa3a0773f41bad78449
  fetch attempt 3/3 failed: 429 Client Error: Too Many Requests for url: https://api.twelvedata.com/time_series?symbol=XAU/USD&interval=5min&outputsize=1500&timezone=UTC&order=ASC&apikey=c31c0cdced904fa3a0773f41bad78449
TwelveData unavailable, falling back to tick feed: 429 Client Error: Too Many Requests for url: https://api.twelvedata.com/time_series?symbol=XAU/USD&interval=5min&outputsize=1500&timezone=UTC&order=ASC&apikey=c31c0cdced904fa3a0773f41bad78449
  fetch attempt 1/3 failed: 503 Server Error: Service Unavailable for url: https://xaus.com/api/v1/intraday?symbol=xau&hours=48
  fetch attempt 2/3 failed: 503 Server Error: Service Unavailable for url: https://xaus.com/api/v1/intraday?symbol=xau&hours=48
  fetch attempt 3/3 failed: 503 Server Error: Service Unavailable for url: https://xaus.com/api/v1/intraday?symbol=xau&hours=48
Data fetch failed: 503 Server Error: Service Unavailable for url: https://xaus.com/api/v1/intraday?symbol=xau&hours=48
Mon Aug 31 18:40:40 UTC 2026: Scan finished OK, pinged healthcheck
Mon Aug 31 18:45:20 UTC 2026: Starting scan
  fetch attempt 1/3 failed: 429 Client Error: Too Many Requests for url: https://api.twelvedata.com/time_series?symbol=XAU/USD&interval=5min&outputsize=1500&timezone=UTC&order=ASC&apikey=c31c0cdced904fa3a0773f41bad78449
  fetch attempt 2/3 failed: 429 Client Error: Too Many Requests for url: https://api.twelvedata.com/time_series?symbol=XAU/USD&interval=5min&outputsize=1500&timezone=UTC&order=ASC&apikey=c31c0cdced904fa3a0773f41bad78449
  fetch attempt 3/3 failed: 429 Client Error: Too Many Requests for url: https://api.twelvedata.com/time_series?symbol=XAU/USD&interval=5min&outputsize=1500&timezone=UTC&order=ASC&apikey=c31c0cdced904fa3a0773f41bad78449
TwelveData unavailable, falling back to tick feed: 429 Client Error: Too Many Requests for url: https://api.twelvedata.com/time_series?symbol=XAU/USD&interval=5min&outputsize=1500&timezone=UTC&order=ASC&apikey=c31c0cdced904fa3a0773f41bad78449
  fetch attempt 1/3 failed: 503 Server Error: Service Unavailable for url: https://xaus.com/api/v1/intraday?symbol=xau&hours=48
  fetch attempt 2/3 failed: 503 Server Error: Service Unavailable for url: https://xaus.com/api/v1/intraday?symbol=xau&hours=48
  fetch attempt 3/3 failed: 503 Server Error: Service Unavailable for url: https://xaus.com/api/v1/intraday?symbol=xau&hours=48
Data fetch failed: 503 Server Error: Service Unavailable for url: https://xaus.com/api/v1/intraday?symbol=xau&hours=48
Mon Aug 31 18:45:41 UTC 2026: Scan finished OK, pinged healthcheck
Mon Aug 31 18:50:20 UTC 2026: Starting scan
  fetch attempt 1/3 failed: 429 Client Error: Too Many Requests for url: https://api.twelvedata.com/time_series?symbol=XAU/USD&interval=5min&outputsize=1500&timezone=UTC&order=ASC&apikey=c31c0cdced904fa3a0773f41bad78449
  fetch attempt 2/3 failed: 429 Client Error: Too Many Requests for url: https://api.twelvedata.com/time_series?symbol=XAU/USD&interval=5min&outputsize=1500&timezone=UTC&order=ASC&apikey=c31c0cdced904fa3a0773f41bad78449
  fetch attempt 3/3 failed: 429 Client Error: Too Many Requests for url: https://api.twelvedata.com/time_series?symbol=XAU/USD&interval=5min&outputsize=1500&timezone=UTC&order=ASC&apikey=c31c0cdced904fa3a0773f41bad78449
TwelveData unavailable, falling back to tick feed: 429 Client Error: Too Many Requests for url: https://api.twelvedata.com/time_series?symbol=XAU/USD&interval=5min&outputsize=1500&timezone=UTC&order=ASC&apikey=c31c0cdced904fa3a0773f41bad78449
  fetch attempt 1/3 failed: 503 Server Error: Service Unavailable for url: https://xaus.com/api/v1/intraday?symbol=xau&hours=48
  fetch attempt 2/3 failed: 503 Server Error: Service Unavailable for url: https://xaus.com/api/v1/intraday?symbol=xau&hours=48
  fetch attempt 3/3 failed: 503 Server Error: Service Unavailable for url: https://xaus.com/api/v1/intraday?symbol=xau&hours=48
Data fetch failed: 503 Server Error: Service Unavailable for url: https://xaus.com/api/v1/intraday?symbol=xau&hours=48
Mon Aug 31 18:50:40 UTC 2026: Scan finished OK, pinged healthcheck
Mon Aug 31 18:55:20 UTC 2026: Starting scan
  fetch attempt 1/3 failed: 429 Client Error: Too Many Requests for url: https://api.twelvedata.com/time_series?symbol=XAU/USD&interval=5min&outputsize=1500&timezone=UTC&order=ASC&apikey=c31c0cdced904fa3a0773f41bad78449
  fetch attempt 2/3 failed: 429 Client Error: Too Many Requests for url: https://api.twelvedata.com/time_series?symbol=XAU/USD&interval=5min&outputsize=1500&timezone=UTC&order=ASC&apikey=c31c0cdced904fa3a0773f41bad78449
  fetch attempt 3/3 failed: 429 Client Error: Too Many Requests for url: https://api.twelvedata.com/time_series?symbol=XAU/USD&interval=5min&outputsize=1500&timezone=UTC&order=ASC&apikey=c31c0cdced904fa3a0773f41bad78449
TwelveData unavailable, falling back to tick feed: 429 Client Error: Too Many Requests for url: https://api.twelvedata.com/time_series?symbol=XAU/USD&interval=5min&outputsize=1500&timezone=UTC&order=ASC&apikey=c31c0cdced904fa3a0773f41bad78449
  fetch attempt 1/3 failed: 503 Server Error: Service Unavailable for url: https://xaus.com/api/v1/intraday?symbol=xau&hours=48
  fetch attempt 2/3 failed: 503 Server Error: Service Unavailable for url: https://xaus.com/api/v1/intraday?symbol=xau&hours=48
  fetch attempt 3/3 failed: 503 Server Error: Service Unavailable for url: https://xaus.com/api/v1/intraday?symbol=xau&hours=48
Data fetch failed: 503 Server Error: Service Unavailable for url: https://xaus.com/api/v1/intraday?symbol=xau&hours=48
  notified -> telegram:True discord:True
Mon Aug 31 18:55:42 UTC 2026: Scan finished OK, pinged healthcheck
Mon Aug 31 19:00:20 UTC 2026: Starting scan
  fetch attempt 1/3 failed: 429 Client Error: Too Many Requests for url: https://api.twelvedata.com/time_series?symbol=XAU/USD&interval=5min&outputsize=1500&timezone=UTC&order=ASC&apikey=c31c0cdced904fa3a0773f41bad78449
  fetch attempt 2/3 failed: 429 Client Error: Too Many Requests for url: https://api.twelvedata.com/time_series?symbol=XAU/USD&interval=5min&outputsize=1500&timezone=UTC&order=ASC&apikey=c31c0cdced904fa3a0773f41bad78449
  fetch attempt 3/3 failed: 429 Client Error: Too Many Requests for url: https://api.twelvedata.com/time_series?symbol=XAU/USD&interval=5min&outputsize=1500&timezone=UTC&order=ASC&apikey=c31c0cdced904fa3a0773f41bad78449
TwelveData unavailable, falling back to tick feed: 429 Client Error: Too Many Requests for url: https://api.twelvedata.com/time_series?symbol=XAU/USD&interval=5min&outputsize=1500&timezone=UTC&order=ASC&apikey=c31c0cdced904fa3a0773f41bad78449
  fetch attempt 1/3 failed: 503 Server Error: Service Unavailable for url: https://xaus.com/api/v1/intraday?symbol=xau&hours=48
  fetch attempt 2/3 failed: 503 Server Error: Service Unavailable for url: https://xaus.com/api/v1/intraday?symbol=xau&hours=48
  fetch attempt 3/3 failed: 503 Server Error: Service Unavailable for url: https://xaus.com/api/v1/intraday?symbol=xau&hours=48
Data fetch failed: 503 Server Error: Service Unavailable for url: https://xaus.com/api/v1/intraday?symbol=xau&hours=48
Mon Aug 31 19:00:41 UTC 2026: Scan finished OK, pinged healthcheck
Mon Aug 31 19:05:20 UTC 2026: Starting scan
  fetch attempt 1/3 failed: 429 Client Error: Too Many Requests for url: https://api.twelvedata.com/time_series?symbol=XAU/USD&interval=5min&outputsize=1500&timezone=UTC&order=ASC&apikey=c31c0cdced904fa3a0773f41bad78449
  fetch attempt 2/3 failed: 429 Client Error: Too Many Requests for url: https://api.twelvedata.com/time_series?symbol=XAU/USD&interval=5min&outputsize=1500&timezone=UTC&order=ASC&apikey=c31c0cdced904fa3a0773f41bad78449
  fetch attempt 3/3 failed: 429 Client Error: Too Many Requests for url: https://api.twelvedata.com/time_series?symbol=XAU/USD&interval=5min&outputsize=1500&timezone=UTC&order=ASC&apikey=c31c0cdced904fa3a0773f41bad78449
TwelveData unavailable, falling back to tick feed: 429 Client Error: Too Many Requests for url: https://api.twelvedata.com/time_series?symbol=XAU/USD&interval=5min&outputsize=1500&timezone=UTC&order=ASC&apikey=c31c0cdced904fa3a0773f41bad78449
  fetch attempt 1/3 failed: 503 Server Error: Service Unavailable for url: https://xaus.com/api/v1/intraday?symbol=xau&hours=48
  fetch attempt 2/3 failed: 503 Server Error: Service Unavailable for url: https://xaus.com/api/v1/intraday?symbol=xau&hours=48
  fetch attempt 3/3 failed: 503 Server Error: Service Unavailable for url: https://xaus.com/api/v1/intraday?symbol=xau&hours=48
Data fetch failed: 503 Server Error: Service Unavailable for url: https://xaus.com/api/v1/intraday?symbol=xau&hours=48
Mon Aug 31 19:05:40 UTC 2026: Scan finished OK, pinged healthcheck
Mon Aug 31 19:10:20 UTC 2026: Starting scan
  fetch attempt 1/3 failed: 429 Client Error: Too Many Requests for url: https://api.twelvedata.com/time_series?symbol=XAU/USD&interval=5min&outputsize=1500&timezone=UTC&order=ASC&apikey=c31c0cdced904fa3a0773f41bad78449
  fetch attempt 2/3 failed: 429 Client Error: Too Many Requests for url: https://api.twelvedata.com/time_series?symbol=XAU/USD&interval=5min&outputsize=1500&timezone=UTC&order=ASC&apikey=c31c0cdced904fa3a0773f41bad78449
  fetch attempt 3/3 failed: 429 Client Error: Too Many Requests for url: https://api.twelvedata.com/time_series?symbol=XAU/USD&interval=5min&outputsize=1500&timezone=UTC&order=ASC&apikey=c31c0cdced904fa3a0773f41bad78449
TwelveData unavailable, falling back to tick feed: 429 Client Error: Too Many Requests for url: https://api.twelvedata.com/time_series?symbol=XAU/USD&interval=5min&outputsize=1500&timezone=UTC&order=ASC&apikey=c31c0cdced904fa3a0773f41bad78449
  fetch attempt 1/3 failed: 503 Server Error: Service Unavailable for url: https://xaus.com/api/v1/intraday?symbol=xau&hours=48
  fetch attempt 2/3 failed: 503 Server Error: Service Unavailable for url: https://xaus.com/api/v1/intraday?symbol=xau&hours=48
  fetch attempt 3/3 failed: 503 Server Error: Service Unavailable for url: https://xaus.com/api/v1/intraday?symbol=xau&hours=48
Data fetch failed: 503 Server Error: Service Unavailable for url: https://xaus.com/api/v1/intraday?symbol=xau&hours=48
Mon Aug 31 19:10:41 UTC 2026: Scan finished OK, pinged healthcheck
Mon Aug 31 19:15:20 UTC 2026: Starting scan
  fetch attempt 1/3 failed: 429 Client Error: Too Many Requests for url: https://api.twelvedata.com/time_series?symbol=XAU/USD&interval=5min&outputsize=1500&timezone=UTC&order=ASC&apikey=c31c0cdced904fa3a0773f41bad78449
  fetch attempt 2/3 failed: 429 Client Error: Too Many Requests for url: https://api.twelvedata.com/time_series?symbol=XAU/USD&interval=5min&outputsize=1500&timezone=UTC&order=ASC&apikey=c31c0cdced904fa3a0773f41bad78449
  fetch attempt 3/3 failed: 429 Client Error: Too Many Requests for url: https://api.twelvedata.com/time_series?symbol=XAU/USD&interval=5min&outputsize=1500&timezone=UTC&order=ASC&apikey=c31c0cdced904fa3a0773f41bad78449
TwelveData unavailable, falling back to tick feed: 429 Client Error: Too Many Requests for url: https://api.twelvedata.com/time_series?symbol=XAU/USD&interval=5min&outputsize=1500&timezone=UTC&order=ASC&apikey=c31c0cdced904fa3a0773f41bad78449
  fetch attempt 1/3 failed: 503 Server Error: Service Unavailable for url: https://xaus.com/api/v1/intraday?symbol=xau&hours=48
  fetch attempt 2/3 failed: 503 Server Error: Service Unavailable for url: https://xaus.com/api/v1/intraday?symbol=xau&hours=48
  fetch attempt 3/3 failed: 503 Server Error: Service Unavailable for url: https://xaus.com/api/v1/intraday?symbol=xau&hours=48
Data fetch failed: 503 Server Error: Service Unavailable for url: https://xaus.com/api/v1/intraday?symbol=xau&hours=48
Mon Aug 31 19:15:41 UTC 2026: Scan finished OK, pinged healthcheck
Mon Aug 31 19:20:20 UTC 2026: Starting scan
  fetch attempt 1/3 failed: 429 Client Error: Too Many Requests for url: https://api.twelvedata.com/time_series?symbol=XAU/USD&interval=5min&outputsize=1500&timezone=UTC&order=ASC&apikey=c31c0cdced904fa3a0773f41bad78449
  fetch attempt 2/3 failed: 429 Client Error: Too Many Requests for url: https://api.twelvedata.com/time_series?symbol=XAU/USD&interval=5min&outputsize=1500&timezone=UTC&order=ASC&apikey=c31c0cdced904fa3a0773f41bad78449
  fetch attempt 3/3 failed: 429 Client Error: Too Many Requests for url: https://api.twelvedata.com/time_series?symbol=XAU/USD&interval=5min&outputsize=1500&timezone=UTC&order=ASC&apikey=c31c0cdced904fa3a0773f41bad78449
TwelveData unavailable, falling back to tick feed: 429 Client Error: Too Many Requests for url: https://api.twelvedata.com/time_series?symbol=XAU/USD&interval=5min&outputsize=1500&timezone=UTC&order=ASC&apikey=c31c0cdced904fa3a0773f41bad78449
  fetch attempt 1/3 failed: 503 Server Error: Service Unavailable for url: https://xaus.com/api/v1/intraday?symbol=xau&hours=48
  fetch attempt 2/3 failed: 503 Server Error: Service Unavailable for url: https://xaus.com/api/v1/intraday?symbol=xau&hours=48
  fetch attempt 3/3 failed: 503 Server Error: Service Unavailable for url: https://xaus.com/api/v1/intraday?symbol=xau&hours=48
Data fetch failed: 503 Server Error: Service Unavailable for url: https://xaus.com/api/v1/intraday?symbol=xau&hours=48
Mon Aug 31 19:20:40 UTC 2026: Scan finished OK, pinged healthcheck
Mon Aug 31 19:25:20 UTC 2026: Starting scan
  fetch attempt 1/3 failed: 429 Client Error: Too Many Requests for url: https://api.twelvedata.com/time_series?symbol=XAU/USD&interval=5min&outputsize=1500&timezone=UTC&order=ASC&apikey=c31c0cdced904fa3a0773f41bad78449
  fetch attempt 2/3 failed: 429 Client Error: Too Many Requests for url: https://api.twelvedata.com/time_series?symbol=XAU/USD&interval=5min&outputsize=1500&timezone=UTC&order=ASC&apikey=c31c0cdced904fa3a0773f41bad78449
  fetch attempt 3/3 failed: 429 Client Error: Too Many Requests for url: https://api.twelvedata.com/time_series?symbol=XAU/USD&interval=5min&outputsize=1500&timezone=UTC&order=ASC&apikey=c31c0cdced904fa3a0773f41bad78449
TwelveData unavailable, falling back to tick feed: 429 Client Error: Too Many Requests for url: https://api.twelvedata.com/time_series?symbol=XAU/USD&interval=5min&outputsize=1500&timezone=UTC&order=ASC&apikey=c31c0cdced904fa3a0773f41bad78449
  fetch attempt 1/3 failed: 503 Server Error: Service Unavailable for url: https://xaus.com/api/v1/intraday?symbol=xau&hours=48
  fetch attempt 2/3 failed: 503 Server Error: Service Unavailable for url: https://xaus.com/api/v1/intraday?symbol=xau&hours=48
  fetch attempt 3/3 failed: 503 Server Error: Service Unavailable for url: https://xaus.com/api/v1/intraday?symbol=xau&hours=48
Data fetch failed: 503 Server Error: Service Unavailable for url: https://xaus.com/api/v1/intraday?symbol=xau&hours=48
Mon Aug 31 19:25:40 UTC 2026: Scan finished OK, pinged healthcheck
Mon Aug 31 19:30:20 UTC 2026: Starting scan
  fetch attempt 1/3 failed: 429 Client Error: Too Many Requests for url: https://api.twelvedata.com/time_series?symbol=XAU/USD&interval=5min&outputsize=1500&timezone=UTC&order=ASC&apikey=c31c0cdced904fa3a0773f41bad78449
  fetch attempt 2/3 failed: 429 Client Error: Too Many Requests for url: https://api.twelvedata.com/time_series?symbol=XAU/USD&interval=5min&outputsize=1500&timezone=UTC&order=ASC&apikey=c31c0cdced904fa3a0773f41bad78449
  fetch attempt 3/3 failed: 429 Client Error: Too Many Requests for url: https://api.twelvedata.com/time_series?symbol=XAU/USD&interval=5min&outputsize=1500&timezone=UTC&order=ASC&apikey=c31c0cdced904fa3a0773f41bad78449
TwelveData unavailable, falling back to tick feed: 429 Client Error: Too Many Requests for url: https://api.twelvedata.com/time_series?symbol=XAU/USD&interval=5min&outputsize=1500&timezone=UTC&order=ASC&apikey=c31c0cdced904fa3a0773f41bad78449
  fetch attempt 1/3 failed: 503 Server Error: Service Unavailable for url: https://xaus.com/api/v1/intraday?symbol=xau&hours=48
  fetch attempt 2/3 failed: 503 Server Error: Service Unavailable for url: https://xaus.com/api/v1/intraday?symbol=xau&hours=48
  fetch attempt 3/3 failed: 503 Server Error: Service Unavailable for url: https://xaus.com/api/v1/intraday?symbol=xau&hours=48
Data fetch failed: 503 Server Error: Service Unavailable for url: https://xaus.com/api/v1/intraday?symbol=xau&hours=48
Mon Aug 31 19:30:42 UTC 2026: Scan finished OK, pinged healthcheck
Mon Aug 31 19:35:20 UTC 2026: Starting scan
  fetch attempt 1/3 failed: 429 Client Error: Too Many Requests for url: https://api.twelvedata.com/time_series?symbol=XAU/USD&interval=5min&outputsize=1500&timezone=UTC&order=ASC&apikey=c31c0cdced904fa3a0773f41bad78449
  fetch attempt 2/3 failed: 429 Client Error: Too Many Requests for url: https://api.twelvedata.com/time_series?symbol=XAU/USD&interval=5min&outputsize=1500&timezone=UTC&order=ASC&apikey=c31c0cdced904fa3a0773f41bad78449
  fetch attempt 3/3 failed: 429 Client Error: Too Many Requests for url: https://api.twelvedata.com/time_series?symbol=XAU/USD&interval=5min&outputsize=1500&timezone=UTC&order=ASC&apikey=c31c0cdced904fa3a0773f41bad78449
TwelveData unavailable, falling back to tick feed: 429 Client Error: Too Many Requests for url: https://api.twelvedata.com/time_series?symbol=XAU/USD&interval=5min&outputsize=1500&timezone=UTC&order=ASC&apikey=c31c0cdced904fa3a0773f41bad78449
  fetch attempt 1/3 failed: 503 Server Error: Service Unavailable for url: https://xaus.com/api/v1/intraday?symbol=xau&hours=48
  fetch attempt 2/3 failed: 503 Server Error: Service Unavailable for url: https://xaus.com/api/v1/intraday?symbol=xau&hours=48
  fetch attempt 3/3 failed: 503 Server Error: Service Unavailable for url: https://xaus.com/api/v1/intraday?symbol=xau&hours=48
Data fetch failed: 503 Server Error: Service Unavailable for url: https://xaus.com/api/v1/intraday?symbol=xau&hours=48
Mon Aug 31 19:35:41 UTC 2026: Scan finished OK, pinged healthcheck
Mon Aug 31 19:40:20 UTC 2026: Starting scan
  fetch attempt 1/3 failed: 429 Client Error: Too Many Requests for url: https://api.twelvedata.com/time_series?symbol=XAU/USD&interval=5min&outputsize=1500&timezone=UTC&order=ASC&apikey=c31c0cdced904fa3a0773f41bad78449
  fetch attempt 2/3 failed: 429 Client Error: Too Many Requests for url: https://api.twelvedata.com/time_series?symbol=XAU/USD&interval=5min&outputsize=1500&timezone=UTC&order=ASC&apikey=c31c0cdced904fa3a0773f41bad78449
  fetch attempt 3/3 failed: 429 Client Error: Too Many Requests for url: https://api.twelvedata.com/time_series?symbol=XAU/USD&interval=5min&outputsize=1500&timezone=UTC&order=ASC&apikey=c31c0cdced904fa3a0773f41bad78449
TwelveData unavailable, falling back to tick feed: 429 Client Error: Too Many Requests for url: https://api.twelvedata.com/time_series?symbol=XAU/USD&interval=5min&outputsize=1500&timezone=UTC&order=ASC&apikey=c31c0cdced904fa3a0773f41bad78449
  fetch attempt 1/3 failed: 503 Server Error: Service Unavailable for url: https://xaus.com/api/v1/intraday?symbol=xau&hours=48
  fetch attempt 2/3 failed: 503 Server Error: Service Unavailable for url: https://xaus.com/api/v1/intraday?symbol=xau&hours=48
  fetch attempt 3/3 failed: 503 Server Error: Service Unavailable for url: https://xaus.com/api/v1/intraday?symbol=xau&hours=48
Data fetch failed: 503 Server Error: Service Unavailable for url: https://xaus.com/api/v1/intraday?symbol=xau&hours=48
Mon Aug 31 19:40:41 UTC 2026: Scan finished OK, pinged healthcheck
Mon Aug 31 19:45:20 UTC 2026: Starting scan
  fetch attempt 1/3 failed: 429 Client Error: Too Many Requests for url: https://api.twelvedata.com/time_series?symbol=XAU/USD&interval=5min&outputsize=1500&timezone=UTC&order=ASC&apikey=c31c0cdced904fa3a0773f41bad78449
  fetch attempt 2/3 failed: 429 Client Error: Too Many Requests for url: https://api.twelvedata.com/time_series?symbol=XAU/USD&interval=5min&outputsize=1500&timezone=UTC&order=ASC&apikey=c31c0cdced904fa3a0773f41bad78449
  fetch attempt 3/3 failed: 429 Client Error: Too Many Requests for url: https://api.twelvedata.com/time_series?symbol=XAU/USD&interval=5min&outputsize=1500&timezone=UTC&order=ASC&apikey=c31c0cdced904fa3a0773f41bad78449
TwelveData unavailable, falling back to tick feed: 429 Client Error: Too Many Requests for url: https://api.twelvedata.com/time_series?symbol=XAU/USD&interval=5min&outputsize=1500&timezone=UTC&order=ASC&apikey=c31c0cdced904fa3a0773f41bad78449
  fetch attempt 1/3 failed: 503 Server Error: Service Unavailable for url: https://xaus.com/api/v1/intraday?symbol=xau&hours=48
  fetch attempt 2/3 failed: 503 Server Error: Service Unavailable for url: https://xaus.com/api/v1/intraday?symbol=xau&hours=48
  fetch attempt 3/3 failed: 503 Server Error: Service Unavailable for url: https://xaus.com/api/v1/intraday?symbol=xau&hours=48
Data fetch failed: 503 Server Error: Service Unavailable for url: https://xaus.com/api/v1/intraday?symbol=xau&hours=48
Mon Aug 31 19:45:40 UTC 2026: Scan finished OK, pinged healthcheck
Mon Aug 31 19:50:20 UTC 2026: Starting scan
  fetch attempt 1/3 failed: 429 Client Error: Too Many Requests for url: https://api.twelvedata.com/time_series?symbol=XAU/USD&interval=5min&outputsize=1500&timezone=UTC&order=ASC&apikey=c31c0cdced904fa3a0773f41bad78449
  fetch attempt 2/3 failed: 429 Client Error: Too Many Requests for url: https://api.twelvedata.com/time_series?symbol=XAU/USD&interval=5min&outputsize=1500&timezone=UTC&order=ASC&apikey=c31c0cdced904fa3a0773f41bad78449
  fetch attempt 3/3 failed: 429 Client Error: Too Many Requests for url: https://api.twelvedata.com/time_series?symbol=XAU/USD&interval=5min&outputsize=1500&timezone=UTC&order=ASC&apikey=c31c0cdced904fa3a0773f41bad78449
TwelveData unavailable, falling back to tick feed: 429 Client Error: Too Many Requests for url: https://api.twelvedata.com/time_series?symbol=XAU/USD&interval=5min&outputsize=1500&timezone=UTC&order=ASC&apikey=c31c0cdced904fa3a0773f41bad78449
  fetch attempt 1/3 failed: 503 Server Error: Service Unavailable for url: https://xaus.com/api/v1/intraday?symbol=xau&hours=48
  fetch attempt 2/3 failed: 503 Server Error: Service Unavailable for url: https://xaus.com/api/v1/intraday?symbol=xau&hours=48
  fetch attempt 3/3 failed: 503 Server Error: Service Unavailable for url: https://xaus.com/api/v1/intraday?symbol=xau&hours=48
Data fetch failed: 503 Server Error: Service Unavailable for url: https://xaus.com/api/v1/intraday?symbol=xau&hours=48
Mon Aug 31 19:50:41 UTC 2026: Scan finished OK, pinged healthcheck
Mon Aug 31 19:55:20 UTC 2026: Starting scan
  fetch attempt 1/3 failed: 429 Client Error: Too Many Requests for url: https://api.twelvedata.com/time_series?symbol=XAU/USD&interval=5min&outputsize=1500&timezone=UTC&order=ASC&apikey=c31c0cdced904fa3a0773f41bad78449
  fetch attempt 2/3 failed: 429 Client Error: Too Many Requests for url: https://api.twelvedata.com/time_series?symbol=XAU/USD&interval=5min&outputsize=1500&timezone=UTC&order=ASC&apikey=c31c0cdced904fa3a0773f41bad78449
  fetch attempt 3/3 failed: 429 Client Error: Too Many Requests for url: https://api.twelvedata.com/time_series?symbol=XAU/USD&interval=5min&outputsize=1500&timezone=UTC&order=ASC&apikey=c31c0cdced904fa3a0773f41bad78449
TwelveData unavailable, falling back to tick feed: 429 Client Error: Too Many Requests for url: https://api.twelvedata.com/time_series?symbol=XAU/USD&interval=5min&outputsize=1500&timezone=UTC&order=ASC&apikey=c31c0cdced904fa3a0773f41bad78449
  fetch attempt 1/3 failed: 503 Server Error: Service Unavailable for url: https://xaus.com/api/v1/intraday?symbol=xau&hours=48
  fetch attempt 2/3 failed: 503 Server Error: Service Unavailable for url: https://xaus.com/api/v1/intraday?symbol=xau&hours=48
  fetch attempt 3/3 failed: 503 Server Error: Service Unavailable for url: https://xaus.com/api/v1/intraday?symbol=xau&hours=48
Data fetch failed: 503 Server Error: Service Unavailable for url: https://xaus.com/api/v1/intraday?symbol=xau&hours=48
Mon Aug 31 19:55:40 UTC 2026: Scan finished OK, pinged healthcheck
Mon Aug 31 20:00:20 UTC 2026: Starting scan
  fetch attempt 1/3 failed: 429 Client Error: Too Many Requests for url: https://api.twelvedata.com/time_series?symbol=XAU/USD&interval=5min&outputsize=1500&timezone=UTC&order=ASC&apikey=c31c0cdced904fa3a0773f41bad78449
  fetch attempt 2/3 failed: 429 Client Error: Too Many Requests for url: https://api.twelvedata.com/time_series?symbol=XAU/USD&interval=5min&outputsize=1500&timezone=UTC&order=ASC&apikey=c31c0cdced904fa3a0773f41bad78449
  fetch attempt 3/3 failed: 429 Client Error: Too Many Requests for url: https://api.twelvedata.com/time_series?symbol=XAU/USD&interval=5min&outputsize=1500&timezone=UTC&order=ASC&apikey=c31c0cdced904fa3a0773f41bad78449
TwelveData unavailable, falling back to tick feed: 429 Client Error: Too Many Requests for url: https://api.twelvedata.com/time_series?symbol=XAU/USD&interval=5min&outputsize=1500&timezone=UTC&order=ASC&apikey=c31c0cdced904fa3a0773f41bad78449
  fetch attempt 1/3 failed: 503 Server Error: Service Unavailable for url: https://xaus.com/api/v1/intraday?symbol=xau&hours=48
  fetch attempt 2/3 failed: 503 Server Error: Service Unavailable for url: https://xaus.com/api/v1/intraday?symbol=xau&hours=48
  fetch attempt 3/3 failed: 503 Server Error: Service Unavailable for url: https://xaus.com/api/v1/intraday?symbol=xau&hours=48
Data fetch failed: 503 Server Error: Service Unavailable for url: https://xaus.com/api/v1/intraday?symbol=xau&hours=48
  notified -> telegram:True discord:True
Mon Aug 31 20:00:43 UTC 2026: Scan finished OK, pinged healthcheck
Mon Aug 31 20:05:20 UTC 2026: Starting scan
  fetch attempt 1/3 failed: 429 Client Error: Too Many Requests for url: https://api.twelvedata.com/time_series?symbol=XAU/USD&interval=5min&outputsize=1500&timezone=UTC&order=ASC&apikey=c31c0cdced904fa3a0773f41bad78449
  fetch attempt 2/3 failed: 429 Client Error: Too Many Requests for url: https://api.twelvedata.com/time_series?symbol=XAU/USD&interval=5min&outputsize=1500&timezone=UTC&order=ASC&apikey=c31c0cdced904fa3a0773f41bad78449
  fetch attempt 3/3 failed: 429 Client Error: Too Many Requests for url: https://api.twelvedata.com/time_series?symbol=XAU/USD&interval=5min&outputsize=1500&timezone=UTC&order=ASC&apikey=c31c0cdced904fa3a0773f41bad78449
TwelveData unavailable, falling back to tick feed: 429 Client Error: Too Many Requests for url: https://api.twelvedata.com/time_series?symbol=XAU/USD&interval=5min&outputsize=1500&timezone=UTC&order=ASC&apikey=c31c0cdced904fa3a0773f41bad78449
  fetch attempt 1/3 failed: 503 Server Error: Service Unavailable for url: https://xaus.com/api/v1/intraday?symbol=xau&hours=48
  fetch attempt 2/3 failed: 503 Server Error: Service Unavailable for url: https://xaus.com/api/v1/intraday?symbol=xau&hours=48
  fetch attempt 3/3 failed: 503 Server Error: Service Unavailable for url: https://xaus.com/api/v1/intraday?symbol=xau&hours=48
Data fetch failed: 503 Server Error: Service Unavailable for url: https://xaus.com/api/v1/intraday?symbol=xau&hours=48
Mon Aug 31 20:05:42 UTC 2026: Scan finished OK, pinged healthcheck
Mon Aug 31 20:10:20 UTC 2026: Starting scan
  fetch attempt 1/3 failed: 429 Client Error: Too Many Requests for url: https://api.twelvedata.com/time_series?symbol=XAU/USD&interval=5min&outputsize=1500&timezone=UTC&order=ASC&apikey=c31c0cdced904fa3a0773f41bad78449
  fetch attempt 2/3 failed: 429 Client Error: Too Many Requests for url: https://api.twelvedata.com/time_series?symbol=XAU/USD&interval=5min&outputsize=1500&timezone=UTC&order=ASC&apikey=c31c0cdced904fa3a0773f41bad78449
  fetch attempt 3/3 failed: 429 Client Error: Too Many Requests for url: https://api.twelvedata.com/time_series?symbol=XAU/USD&interval=5min&outputsize=1500&timezone=UTC&order=ASC&apikey=c31c0cdced904fa3a0773f41bad78449
TwelveData unavailable, falling back to tick feed: 429 Client Error: Too Many Requests for url: https://api.twelvedata.com/time_series?symbol=XAU/USD&interval=5min&outputsize=1500&timezone=UTC&order=ASC&apikey=c31c0cdced904fa3a0773f41bad78449
  fetch attempt 1/3 failed: 503 Server Error: Service Unavailable for url: https://xaus.com/api/v1/intraday?symbol=xau&hours=48
  fetch attempt 2/3 failed: 503 Server Error: Service Unavailable for url: https://xaus.com/api/v1/intraday?symbol=xau&hours=48
  fetch attempt 3/3 failed: 503 Server Error: Service Unavailable for url: https://xaus.com/api/v1/intraday?symbol=xau&hours=48
Data fetch failed: 503 Server Error: Service Unavailable for url: https://xaus.com/api/v1/intraday?symbol=xau&hours=48
Mon Aug 31 20:10:41 UTC 2026: Scan finished OK, pinged healthcheck
Mon Aug 31 20:15:20 UTC 2026: Starting scan
  fetch attempt 1/3 failed: 429 Client Error: Too Many Requests for url: https://api.twelvedata.com/time_series?symbol=XAU/USD&interval=5min&outputsize=1500&timezone=UTC&order=ASC&apikey=c31c0cdced904fa3a0773f41bad78449
  fetch attempt 2/3 failed: 429 Client Error: Too Many Requests for url: https://api.twelvedata.com/time_series?symbol=XAU/USD&interval=5min&outputsize=1500&timezone=UTC&order=ASC&apikey=c31c0cdced904fa3a0773f41bad78449
  fetch attempt 3/3 failed: 429 Client Error: Too Many Requests for url: https://api.twelvedata.com/time_series?symbol=XAU/USD&interval=5min&outputsize=1500&timezone=UTC&order=ASC&apikey=c31c0cdced904fa3a0773f41bad78449
TwelveData unavailable, falling back to tick feed: 429 Client Error: Too Many Requests for url: https://api.twelvedata.com/time_series?symbol=XAU/USD&interval=5min&outputsize=1500&timezone=UTC&order=ASC&apikey=c31c0cdced904fa3a0773f41bad78449
  fetch attempt 1/3 failed: 503 Server Error: Service Unavailable for url: https://xaus.com/api/v1/intraday?symbol=xau&hours=48
  fetch attempt 2/3 failed: 503 Server Error: Service Unavailable for url: https://xaus.com/api/v1/intraday?symbol=xau&hours=48
  fetch attempt 3/3 failed: 503 Server Error: Service Unavailable for url: https://xaus.com/api/v1/intraday?symbol=xau&hours=48
Data fetch failed: 503 Server Error: Service Unavailable for url: https://xaus.com/api/v1/intraday?symbol=xau&hours=48
Mon Aug 31 20:15:41 UTC 2026: Scan finished OK, pinged healthcheck
Mon Aug 31 20:20:20 UTC 2026: Starting scan
  fetch attempt 1/3 failed: 429 Client Error: Too Many Requests for url: https://api.twelvedata.com/time_series?symbol=XAU/USD&interval=5min&outputsize=1500&timezone=UTC&order=ASC&apikey=c31c0cdced904fa3a0773f41bad78449
  fetch attempt 2/3 failed: 429 Client Error: Too Many Requests for url: https://api.twelvedata.com/time_series?symbol=XAU/USD&interval=5min&outputsize=1500&timezone=UTC&order=ASC&apikey=c31c0cdced904fa3a0773f41bad78449
  fetch attempt 3/3 failed: 429 Client Error: Too Many Requests for url: https://api.twelvedata.com/time_series?symbol=XAU/USD&interval=5min&outputsize=1500&timezone=UTC&order=ASC&apikey=c31c0cdced904fa3a0773f41bad78449
TwelveData unavailable, falling back to tick feed: 429 Client Error: Too Many Requests for url: https://api.twelvedata.com/time_series?symbol=XAU/USD&interval=5min&outputsize=1500&timezone=UTC&order=ASC&apikey=c31c0cdced904fa3a0773f41bad78449
  fetch attempt 1/3 failed: 503 Server Error: Service Unavailable for url: https://xaus.com/api/v1/intraday?symbol=xau&hours=48
  fetch attempt 2/3 failed: 503 Server Error: Service Unavailable for url: https://xaus.com/api/v1/intraday?symbol=xau&hours=48
  fetch attempt 3/3 failed: 503 Server Error: Service Unavailable for url: https://xaus.com/api/v1/intraday?symbol=xau&hours=48
Data fetch failed: 503 Server Error: Service Unavailable for url: https://xaus.com/api/v1/intraday?symbol=xau&hours=48
Mon Aug 31 20:20:40 UTC 2026: Scan finished OK, pinged healthcheck
Mon Aug 31 20:25:20 UTC 2026: Starting scan
  fetch attempt 1/3 failed: 429 Client Error: Too Many Requests for url: https://api.twelvedata.com/time_series?symbol=XAU/USD&interval=5min&outputsize=1500&timezone=UTC&order=ASC&apikey=c31c0cdced904fa3a0773f41bad78449
  fetch attempt 2/3 failed: 429 Client Error: Too Many Requests for url: https://api.twelvedata.com/time_series?symbol=XAU/USD&interval=5min&outputsize=1500&timezone=UTC&order=ASC&apikey=c31c0cdced904fa3a0773f41bad78449
  fetch attempt 3/3 failed: 429 Client Error: Too Many Requests for url: https://api.twelvedata.com/time_series?symbol=XAU/USD&interval=5min&outputsize=1500&timezone=UTC&order=ASC&apikey=c31c0cdced904fa3a0773f41bad78449
TwelveData unavailable, falling back to tick feed: 429 Client Error: Too Many Requests for url: https://api.twelvedata.com/time_series?symbol=XAU/USD&interval=5min&outputsize=1500&timezone=UTC&order=ASC&apikey=c31c0cdced904fa3a0773f41bad78449
  fetch attempt 1/3 failed: 503 Server Error: Service Unavailable for url: https://xaus.com/api/v1/intraday?symbol=xau&hours=48
  fetch attempt 2/3 failed: 503 Server Error: Service Unavailable for url: https://xaus.com/api/v1/intraday?symbol=xau&hours=48
  fetch attempt 3/3 failed: 503 Server Error: Service Unavailable for url: https://xaus.com/api/v1/intraday?symbol=xau&hours=48
Data fetch failed: 503 Server Error: Service Unavailable for url: https://xaus.com/api/v1/intraday?symbol=xau&hours=48
Mon Aug 31 20:25:40 UTC 2026: Scan finished OK, pinged healthcheck
Mon Aug 31 20:30:20 UTC 2026: Starting scan
  fetch attempt 1/3 failed: 429 Client Error: Too Many Requests for url: https://api.twelvedata.com/time_series?symbol=XAU/USD&interval=5min&outputsize=1500&timezone=UTC&order=ASC&apikey=c31c0cdced904fa3a0773f41bad78449
  fetch attempt 2/3 failed: 429 Client Error: Too Many Requests for url: https://api.twelvedata.com/time_series?symbol=XAU/USD&interval=5min&outputsize=1500&timezone=UTC&order=ASC&apikey=c31c0cdced904fa3a0773f41bad78449
  fetch attempt 3/3 failed: 429 Client Error: Too Many Requests for url: https://api.twelvedata.com/time_series?symbol=XAU/USD&interval=5min&outputsize=1500&timezone=UTC&order=ASC&apikey=c31c0cdced904fa3a0773f41bad78449
TwelveData unavailable, falling back to tick feed: 429 Client Error: Too Many Requests for url: https://api.twelvedata.com/time_series?symbol=XAU/USD&interval=5min&outputsize=1500&timezone=UTC&order=ASC&apikey=c31c0cdced904fa3a0773f41bad78449
  fetch attempt 1/3 failed: 503 Server Error: Service Unavailable for url: https://xaus.com/api/v1/intraday?symbol=xau&hours=48
  fetch attempt 2/3 failed: 503 Server Error: Service Unavailable for url: https://xaus.com/api/v1/intraday?symbol=xau&hours=48
  fetch attempt 3/3 failed: 503 Server Error: Service Unavailable for url: https://xaus.com/api/v1/intraday?symbol=xau&hours=48
Data fetch failed: 503 Server Error: Service Unavailable for url: https://xaus.com/api/v1/intraday?symbol=xau&hours=48
Mon Aug 31 20:30:42 UTC 2026: Scan finished OK, pinged healthcheck
Mon Aug 31 20:35:20 UTC 2026: Starting scan
  fetch attempt 1/3 failed: 429 Client Error: Too Many Requests for url: https://api.twelvedata.com/time_series?symbol=XAU/USD&interval=5min&outputsize=1500&timezone=UTC&order=ASC&apikey=c31c0cdced904fa3a0773f41bad78449
  fetch attempt 2/3 failed: 429 Client Error: Too Many Requests for url: https://api.twelvedata.com/time_series?symbol=XAU/USD&interval=5min&outputsize=1500&timezone=UTC&order=ASC&apikey=c31c0cdced904fa3a0773f41bad78449
  fetch attempt 3/3 failed: 429 Client Error: Too Many Requests for url: https://api.twelvedata.com/time_series?symbol=XAU/USD&interval=5min&outputsize=1500&timezone=UTC&order=ASC&apikey=c31c0cdced904fa3a0773f41bad78449
TwelveData unavailable, falling back to tick feed: 429 Client Error: Too Many Requests for url: https://api.twelvedata.com/time_series?symbol=XAU/USD&interval=5min&outputsize=1500&timezone=UTC&order=ASC&apikey=c31c0cdced904fa3a0773f41bad78449
  fetch attempt 1/3 failed: 503 Server Error: Service Unavailable for url: https://xaus.com/api/v1/intraday?symbol=xau&hours=48
  fetch attempt 2/3 failed: 503 Server Error: Service Unavailable for url: https://xaus.com/api/v1/intraday?symbol=xau&hours=48
  fetch attempt 3/3 failed: 503 Server Error: Service Unavailable for url: https://xaus.com/api/v1/intraday?symbol=xau&hours=48
Data fetch failed: 503 Server Error: Service Unavailable for url: https://xaus.com/api/v1/intraday?symbol=xau&hours=48
Mon Aug 31 20:35:40 UTC 2026: Scan finished OK, pinged healthcheck
Mon Aug 31 20:40:20 UTC 2026: Starting scan
  fetch attempt 1/3 failed: 429 Client Error: Too Many Requests for url: https://api.twelvedata.com/time_series?symbol=XAU/USD&interval=5min&outputsize=1500&timezone=UTC&order=ASC&apikey=c31c0cdced904fa3a0773f41bad78449
  fetch attempt 2/3 failed: 429 Client Error: Too Many Requests for url: https://api.twelvedata.com/time_series?symbol=XAU/USD&interval=5min&outputsize=1500&timezone=UTC&order=ASC&apikey=c31c0cdced904fa3a0773f41bad78449
  fetch attempt 3/3 failed: 429 Client Error: Too Many Requests for url: https://api.twelvedata.com/time_series?symbol=XAU/USD&interval=5min&outputsize=1500&timezone=UTC&order=ASC&apikey=c31c0cdced904fa3a0773f41bad78449
TwelveData unavailable, falling back to tick feed: 429 Client Error: Too Many Requests for url: https://api.twelvedata.com/time_series?symbol=XAU/USD&interval=5min&outputsize=1500&timezone=UTC&order=ASC&apikey=c31c0cdced904fa3a0773f41bad78449
  fetch attempt 1/3 failed: 503 Server Error: Service Unavailable for url: https://xaus.com/api/v1/intraday?symbol=xau&hours=48
  fetch attempt 2/3 failed: 503 Server Error: Service Unavailable for url: https://xaus.com/api/v1/intraday?symbol=xau&hours=48
  fetch attempt 3/3 failed: 503 Server Error: Service Unavailable for url: https://xaus.com/api/v1/intraday?symbol=xau&hours=48
Data fetch failed: 503 Server Error: Service Unavailable for url: https://xaus.com/api/v1/intraday?symbol=xau&hours=48
Mon Aug 31 20:40:40 UTC 2026: Scan finished OK, pinged healthcheck
Mon Aug 31 20:45:20 UTC 2026: Starting scan
  fetch attempt 1/3 failed: 429 Client Error: Too Many Requests for url: https://api.twelvedata.com/time_series?symbol=XAU/USD&interval=5min&outputsize=1500&timezone=UTC&order=ASC&apikey=c31c0cdced904fa3a0773f41bad78449
  fetch attempt 2/3 failed: 429 Client Error: Too Many Requests for url: https://api.twelvedata.com/time_series?symbol=XAU/USD&interval=5min&outputsize=1500&timezone=UTC&order=ASC&apikey=c31c0cdced904fa3a0773f41bad78449
  fetch attempt 3/3 failed: 429 Client Error: Too Many Requests for url: https://api.twelvedata.com/time_series?symbol=XAU/USD&interval=5min&outputsize=1500&timezone=UTC&order=ASC&apikey=c31c0cdced904fa3a0773f41bad78449
TwelveData unavailable, falling back to tick feed: 429 Client Error: Too Many Requests for url: https://api.twelvedata.com/time_series?symbol=XAU/USD&interval=5min&outputsize=1500&timezone=UTC&order=ASC&apikey=c31c0cdced904fa3a0773f41bad78449
  fetch attempt 1/3 failed: 503 Server Error: Service Unavailable for url: https://xaus.com/api/v1/intraday?symbol=xau&hours=48
  fetch attempt 2/3 failed: 503 Server Error: Service Unavailable for url: https://xaus.com/api/v1/intraday?symbol=xau&hours=48
  fetch attempt 3/3 failed: 503 Server Error: Service Unavailable for url: https://xaus.com/api/v1/intraday?symbol=xau&hours=48
Data fetch failed: 503 Server Error: Service Unavailable for url: https://xaus.com/api/v1/intraday?symbol=xau&hours=48
Mon Aug 31 20:45:40 UTC 2026: Scan finished OK, pinged healthcheck
Mon Aug 31 20:50:20 UTC 2026: Starting scan
  fetch attempt 1/3 failed: 429 Client Error: Too Many Requests for url: https://api.twelvedata.com/time_series?symbol=XAU/USD&interval=5min&outputsize=1500&timezone=UTC&order=ASC&apikey=c31c0cdced904fa3a0773f41bad78449
  fetch attempt 2/3 failed: 429 Client Error: Too Many Requests for url: https://api.twelvedata.com/time_series?symbol=XAU/USD&interval=5min&outputsize=1500&timezone=UTC&order=ASC&apikey=c31c0cdced904fa3a0773f41bad78449
  fetch attempt 3/3 failed: 429 Client Error: Too Many Requests for url: https://api.twelvedata.com/time_series?symbol=XAU/USD&interval=5min&outputsize=1500&timezone=UTC&order=ASC&apikey=c31c0cdced904fa3a0773f41bad78449
TwelveData unavailable, falling back to tick feed: 429 Client Error: Too Many Requests for url: https://api.twelvedata.com/time_series?symbol=XAU/USD&interval=5min&outputsize=1500&timezone=UTC&order=ASC&apikey=c31c0cdced904fa3a0773f41bad78449
  fetch attempt 1/3 failed: 503 Server Error: Service Unavailable for url: https://xaus.com/api/v1/intraday?symbol=xau&hours=48
  fetch attempt 2/3 failed: 503 Server Error: Service Unavailable for url: https://xaus.com/api/v1/intraday?symbol=xau&hours=48
  fetch attempt 3/3 failed: 503 Server Error: Service Unavailable for url: https://xaus.com/api/v1/intraday?symbol=xau&hours=48
Data fetch failed: 503 Server Error: Service Unavailable for url: https://xaus.com/api/v1/intraday?symbol=xau&hours=48
Mon Aug 31 20:50:40 UTC 2026: Scan finished OK, pinged healthcheck
Mon Aug 31 20:55:20 UTC 2026: Starting scan
  fetch attempt 1/3 failed: 429 Client Error: Too Many Requests for url: https://api.twelvedata.com/time_series?symbol=XAU/USD&interval=5min&outputsize=1500&timezone=UTC&order=ASC&apikey=c31c0cdced904fa3a0773f41bad78449
  fetch attempt 2/3 failed: 429 Client Error: Too Many Requests for url: https://api.twelvedata.com/time_series?symbol=XAU/USD&interval=5min&outputsize=1500&timezone=UTC&order=ASC&apikey=c31c0cdced904fa3a0773f41bad78449
  fetch attempt 3/3 failed: 429 Client Error: Too Many Requests for url: https://api.twelvedata.com/time_series?symbol=XAU/USD&interval=5min&outputsize=1500&timezone=UTC&order=ASC&apikey=c31c0cdced904fa3a0773f41bad78449
TwelveData unavailable, falling back to tick feed: 429 Client Error: Too Many Requests for url: https://api.twelvedata.com/time_series?symbol=XAU/USD&interval=5min&outputsize=1500&timezone=UTC&order=ASC&apikey=c31c0cdced904fa3a0773f41bad78449
  fetch attempt 1/3 failed: 503 Server Error: Service Unavailable for url: https://xaus.com/api/v1/intraday?symbol=xau&hours=48
  fetch attempt 2/3 failed: 503 Server Error: Service Unavailable for url: https://xaus.com/api/v1/intraday?symbol=xau&hours=48
  fetch attempt 3/3 failed: 503 Server Error: Service Unavailable for url: https://xaus.com/api/v1/intraday?symbol=xau&hours=48
Data fetch failed: 503 Server Error: Service Unavailable for url: https://xaus.com/api/v1/intraday?symbol=xau&hours=48
Mon Aug 31 20:55:41 UTC 2026: Scan finished OK, pinged healthcheck
Mon Aug 31 21:00:20 UTC 2026: Starting scan
  fetch attempt 1/3 failed: 429 Client Error: Too Many Requests for url: https://api.twelvedata.com/time_series?symbol=XAU/USD&interval=5min&outputsize=1500&timezone=UTC&order=ASC&apikey=c31c0cdced904fa3a0773f41bad78449
  fetch attempt 2/3 failed: 429 Client Error: Too Many Requests for url: https://api.twelvedata.com/time_series?symbol=XAU/USD&interval=5min&outputsize=1500&timezone=UTC&order=ASC&apikey=c31c0cdced904fa3a0773f41bad78449
  fetch attempt 3/3 failed: 429 Client Error: Too Many Requests for url: https://api.twelvedata.com/time_series?symbol=XAU/USD&interval=5min&outputsize=1500&timezone=UTC&order=ASC&apikey=c31c0cdced904fa3a0773f41bad78449
TwelveData unavailable, falling back to tick feed: 429 Client Error: Too Many Requests for url: https://api.twelvedata.com/time_series?symbol=XAU/USD&interval=5min&outputsize=1500&timezone=UTC&order=ASC&apikey=c31c0cdced904fa3a0773f41bad78449
  fetch attempt 1/3 failed: 503 Server Error: Service Unavailable for url: https://xaus.com/api/v1/intraday?symbol=xau&hours=48
  fetch attempt 2/3 failed: 503 Server Error: Service Unavailable for url: https://xaus.com/api/v1/intraday?symbol=xau&hours=48
  fetch attempt 3/3 failed: 503 Server Error: Service Unavailable for url: https://xaus.com/api/v1/intraday?symbol=xau&hours=48
Data fetch failed: 503 Server Error: Service Unavailable for url: https://xaus.com/api/v1/intraday?symbol=xau&hours=48
  notified -> telegram:True discord:True
Mon Aug 31 21:00:42 UTC 2026: Scan finished OK, pinged healthcheck
Mon Aug 31 21:05:20 UTC 2026: Starting scan
  fetch attempt 1/3 failed: 429 Client Error: Too Many Requests for url: https://api.twelvedata.com/time_series?symbol=XAU/USD&interval=5min&outputsize=1500&timezone=UTC&order=ASC&apikey=c31c0cdced904fa3a0773f41bad78449
  fetch attempt 2/3 failed: 429 Client Error: Too Many Requests for url: https://api.twelvedata.com/time_series?symbol=XAU/USD&interval=5min&outputsize=1500&timezone=UTC&order=ASC&apikey=c31c0cdced904fa3a0773f41bad78449
  fetch attempt 3/3 failed: 429 Client Error: Too Many Requests for url: https://api.twelvedata.com/time_series?symbol=XAU/USD&interval=5min&outputsize=1500&timezone=UTC&order=ASC&apikey=c31c0cdced904fa3a0773f41bad78449
TwelveData unavailable, falling back to tick feed: 429 Client Error: Too Many Requests for url: https://api.twelvedata.com/time_series?symbol=XAU/USD&interval=5min&outputsize=1500&timezone=UTC&order=ASC&apikey=c31c0cdced904fa3a0773f41bad78449
  fetch attempt 1/3 failed: 503 Server Error: Service Unavailable for url: https://xaus.com/api/v1/intraday?symbol=xau&hours=48
  fetch attempt 2/3 failed: 503 Server Error: Service Unavailable for url: https://xaus.com/api/v1/intraday?symbol=xau&hours=48
  fetch attempt 3/3 failed: 503 Server Error: Service Unavailable for url: https://xaus.com/api/v1/intraday?symbol=xau&hours=48
Data fetch failed: 503 Server Error: Service Unavailable for url: https://xaus.com/api/v1/intraday?symbol=xau&hours=48
Mon Aug 31 21:05:40 UTC 2026: Scan finished OK, pinged healthcheck
Mon Aug 31 21:10:20 UTC 2026: Starting scan
  fetch attempt 1/3 failed: 429 Client Error: Too Many Requests for url: https://api.twelvedata.com/time_series?symbol=XAU/USD&interval=5min&outputsize=1500&timezone=UTC&order=ASC&apikey=c31c0cdced904fa3a0773f41bad78449
  fetch attempt 2/3 failed: 429 Client Error: Too Many Requests for url: https://api.twelvedata.com/time_series?symbol=XAU/USD&interval=5min&outputsize=1500&timezone=UTC&order=ASC&apikey=c31c0cdced904fa3a0773f41bad78449
  fetch attempt 3/3 failed: 429 Client Error: Too Many Requests for url: https://api.twelvedata.com/time_series?symbol=XAU/USD&interval=5min&outputsize=1500&timezone=UTC&order=ASC&apikey=c31c0cdced904fa3a0773f41bad78449
TwelveData unavailable, falling back to tick feed: 429 Client Error: Too Many Requests for url: https://api.twelvedata.com/time_series?symbol=XAU/USD&interval=5min&outputsize=1500&timezone=UTC&order=ASC&apikey=c31c0cdced904fa3a0773f41bad78449
  fetch attempt 1/3 failed: 503 Server Error: Service Unavailable for url: https://xaus.com/api/v1/intraday?symbol=xau&hours=48
  fetch attempt 2/3 failed: 503 Server Error: Service Unavailable for url: https://xaus.com/api/v1/intraday?symbol=xau&hours=48
  fetch attempt 3/3 failed: 503 Server Error: Service Unavailable for url: https://xaus.com/api/v1/intraday?symbol=xau&hours=48
Data fetch failed: 503 Server Error: Service Unavailable for url: https://xaus.com/api/v1/intraday?symbol=xau&hours=48
Mon Aug 31 21:10:40 UTC 2026: Scan finished OK, pinged healthcheck
Mon Aug 31 21:15:20 UTC 2026: Starting scan
  fetch attempt 1/3 failed: 429 Client Error: Too Many Requests for url: https://api.twelvedata.com/time_series?symbol=XAU/USD&interval=5min&outputsize=1500&timezone=UTC&order=ASC&apikey=c31c0cdced904fa3a0773f41bad78449
  fetch attempt 2/3 failed: 429 Client Error: Too Many Requests for url: https://api.twelvedata.com/time_series?symbol=XAU/USD&interval=5min&outputsize=1500&timezone=UTC&order=ASC&apikey=c31c0cdced904fa3a0773f41bad78449
  fetch attempt 3/3 failed: 429 Client Error: Too Many Requests for url: https://api.twelvedata.com/time_series?symbol=XAU/USD&interval=5min&outputsize=1500&timezone=UTC&order=ASC&apikey=c31c0cdced904fa3a0773f41bad78449
TwelveData unavailable, falling back to tick feed: 429 Client Error: Too Many Requests for url: https://api.twelvedata.com/time_series?symbol=XAU/USD&interval=5min&outputsize=1500&timezone=UTC&order=ASC&apikey=c31c0cdced904fa3a0773f41bad78449
  fetch attempt 1/3 failed: 503 Server Error: Service Unavailable for url: https://xaus.com/api/v1/intraday?symbol=xau&hours=48
  fetch attempt 2/3 failed: 503 Server Error: Service Unavailable for url: https://xaus.com/api/v1/intraday?symbol=xau&hours=48
  fetch attempt 3/3 failed: 503 Server Error: Service Unavailable for url: https://xaus.com/api/v1/intraday?symbol=xau&hours=48
Data fetch failed: 503 Server Error: Service Unavailable for url: https://xaus.com/api/v1/intraday?symbol=xau&hours=48
Mon Aug 31 21:15:41 UTC 2026: Scan finished OK, pinged healthcheck
Mon Aug 31 21:20:20 UTC 2026: Starting scan
  fetch attempt 1/3 failed: 429 Client Error: Too Many Requests for url: https://api.twelvedata.com/time_series?symbol=XAU/USD&interval=5min&outputsize=1500&timezone=UTC&order=ASC&apikey=c31c0cdced904fa3a0773f41bad78449
  fetch attempt 2/3 failed: 429 Client Error: Too Many Requests for url: https://api.twelvedata.com/time_series?symbol=XAU/USD&interval=5min&outputsize=1500&timezone=UTC&order=ASC&apikey=c31c0cdced904fa3a0773f41bad78449
  fetch attempt 3/3 failed: 429 Client Error: Too Many Requests for url: https://api.twelvedata.com/time_series?symbol=XAU/USD&interval=5min&outputsize=1500&timezone=UTC&order=ASC&apikey=c31c0cdced904fa3a0773f41bad78449
TwelveData unavailable, falling back to tick feed: 429 Client Error: Too Many Requests for url: https://api.twelvedata.com/time_series?symbol=XAU/USD&interval=5min&outputsize=1500&timezone=UTC&order=ASC&apikey=c31c0cdced904fa3a0773f41bad78449
  fetch attempt 1/3 failed: 503 Server Error: Service Unavailable for url: https://xaus.com/api/v1/intraday?symbol=xau&hours=48
  fetch attempt 2/3 failed: 503 Server Error: Service Unavailable for url: https://xaus.com/api/v1/intraday?symbol=xau&hours=48
  fetch attempt 3/3 failed: 503 Server Error: Service Unavailable for url: https://xaus.com/api/v1/intraday?symbol=xau&hours=48
Data fetch failed: 503 Server Error: Service Unavailable for url: https://xaus.com/api/v1/intraday?symbol=xau&hours=48
Mon Aug 31 21:20:40 UTC 2026: Scan finished OK, pinged healthcheck
Mon Aug 31 21:25:20 UTC 2026: Starting scan
  fetch attempt 1/3 failed: 429 Client Error: Too Many Requests for url: https://api.twelvedata.com/time_series?symbol=XAU/USD&interval=5min&outputsize=1500&timezone=UTC&order=ASC&apikey=c31c0cdced904fa3a0773f41bad78449
  fetch attempt 2/3 failed: 429 Client Error: Too Many Requests for url: https://api.twelvedata.com/time_series?symbol=XAU/USD&interval=5min&outputsize=1500&timezone=UTC&order=ASC&apikey=c31c0cdced904fa3a0773f41bad78449
  fetch attempt 3/3 failed: 429 Client Error: Too Many Requests for url: https://api.twelvedata.com/time_series?symbol=XAU/USD&interval=5min&outputsize=1500&timezone=UTC&order=ASC&apikey=c31c0cdced904fa3a0773f41bad78449
TwelveData unavailable, falling back to tick feed: 429 Client Error: Too Many Requests for url: https://api.twelvedata.com/time_series?symbol=XAU/USD&interval=5min&outputsize=1500&timezone=UTC&order=ASC&apikey=c31c0cdced904fa3a0773f41bad78449
  fetch attempt 1/3 failed: 503 Server Error: Service Unavailable for url: https://xaus.com/api/v1/intraday?symbol=xau&hours=48
  fetch attempt 2/3 failed: 503 Server Error: Service Unavailable for url: https://xaus.com/api/v1/intraday?symbol=xau&hours=48
  fetch attempt 3/3 failed: 503 Server Error: Service Unavailable for url: https://xaus.com/api/v1/intraday?symbol=xau&hours=48
Data fetch failed: 503 Server Error: Service Unavailable for url: https://xaus.com/api/v1/intraday?symbol=xau&hours=48
Mon Aug 31 21:25:40 UTC 2026: Scan finished OK, pinged healthcheck
Mon Aug 31 21:30:20 UTC 2026: Starting scan
  fetch attempt 1/3 failed: 429 Client Error: Too Many Requests for url: https://api.twelvedata.com/time_series?symbol=XAU/USD&interval=5min&outputsize=1500&timezone=UTC&order=ASC&apikey=c31c0cdced904fa3a0773f41bad78449
  fetch attempt 2/3 failed: 429 Client Error: Too Many Requests for url: https://api.twelvedata.com/time_series?symbol=XAU/USD&interval=5min&outputsize=1500&timezone=UTC&order=ASC&apikey=c31c0cdced904fa3a0773f41bad78449
  fetch attempt 3/3 failed: 429 Client Error: Too Many Requests for url: https://api.twelvedata.com/time_series?symbol=XAU/USD&interval=5min&outputsize=1500&timezone=UTC&order=ASC&apikey=c31c0cdced904fa3a0773f41bad78449
TwelveData unavailable, falling back to tick feed: 429 Client Error: Too Many Requests for url: https://api.twelvedata.com/time_series?symbol=XAU/USD&interval=5min&outputsize=1500&timezone=UTC&order=ASC&apikey=c31c0cdced904fa3a0773f41bad78449
  fetch attempt 1/3 failed: 503 Server Error: Service Unavailable for url: https://xaus.com/api/v1/intraday?symbol=xau&hours=48
  fetch attempt 2/3 failed: 503 Server Error: Service Unavailable for url: https://xaus.com/api/v1/intraday?symbol=xau&hours=48
  fetch attempt 3/3 failed: 503 Server Error: Service Unavailable for url: https://xaus.com/api/v1/intraday?symbol=xau&hours=48
Data fetch failed: 503 Server Error: Service Unavailable for url: https://xaus.com/api/v1/intraday?symbol=xau&hours=48
Mon Aug 31 21:30:41 UTC 2026: Scan finished OK, pinged healthcheck
Mon Aug 31 21:35:20 UTC 2026: Starting scan
  fetch attempt 1/3 failed: 429 Client Error: Too Many Requests for url: https://api.twelvedata.com/time_series?symbol=XAU/USD&interval=5min&outputsize=1500&timezone=UTC&order=ASC&apikey=c31c0cdced904fa3a0773f41bad78449
  fetch attempt 2/3 failed: 429 Client Error: Too Many Requests for url: https://api.twelvedata.com/time_series?symbol=XAU/USD&interval=5min&outputsize=1500&timezone=UTC&order=ASC&apikey=c31c0cdced904fa3a0773f41bad78449
  fetch attempt 3/3 failed: 429 Client Error: Too Many Requests for url: https://api.twelvedata.com/time_series?symbol=XAU/USD&interval=5min&outputsize=1500&timezone=UTC&order=ASC&apikey=c31c0cdced904fa3a0773f41bad78449
TwelveData unavailable, falling back to tick feed: 429 Client Error: Too Many Requests for url: https://api.twelvedata.com/time_series?symbol=XAU/USD&interval=5min&outputsize=1500&timezone=UTC&order=ASC&apikey=c31c0cdced904fa3a0773f41bad78449
  fetch attempt 1/3 failed: 503 Server Error: Service Unavailable for url: https://xaus.com/api/v1/intraday?symbol=xau&hours=48
  fetch attempt 2/3 failed: 503 Server Error: Service Unavailable for url: https://xaus.com/api/v1/intraday?symbol=xau&hours=48
  fetch attempt 3/3 failed: 503 Server Error: Service Unavailable for url: https://xaus.com/api/v1/intraday?symbol=xau&hours=48
Data fetch failed: 503 Server Error: Service Unavailable for url: https://xaus.com/api/v1/intraday?symbol=xau&hours=48
Mon Aug 31 21:35:40 UTC 2026: Scan finished OK, pinged healthcheck
Mon Aug 31 21:40:20 UTC 2026: Starting scan
  fetch attempt 1/3 failed: 429 Client Error: Too Many Requests for url: https://api.twelvedata.com/time_series?symbol=XAU/USD&interval=5min&outputsize=1500&timezone=UTC&order=ASC&apikey=c31c0cdced904fa3a0773f41bad78449
  fetch attempt 2/3 failed: 429 Client Error: Too Many Requests for url: https://api.twelvedata.com/time_series?symbol=XAU/USD&interval=5min&outputsize=1500&timezone=UTC&order=ASC&apikey=c31c0cdced904fa3a0773f41bad78449
  fetch attempt 3/3 failed: 429 Client Error: Too Many Requests for url: https://api.twelvedata.com/time_series?symbol=XAU/USD&interval=5min&outputsize=1500&timezone=UTC&order=ASC&apikey=c31c0cdced904fa3a0773f41bad78449
TwelveData unavailable, falling back to tick feed: 429 Client Error: Too Many Requests for url: https://api.twelvedata.com/time_series?symbol=XAU/USD&interval=5min&outputsize=1500&timezone=UTC&order=ASC&apikey=c31c0cdced904fa3a0773f41bad78449
  fetch attempt 1/3 failed: 503 Server Error: Service Unavailable for url: https://xaus.com/api/v1/intraday?symbol=xau&hours=48
  fetch attempt 2/3 failed: 503 Server Error: Service Unavailable for url: https://xaus.com/api/v1/intraday?symbol=xau&hours=48
  fetch attempt 3/3 failed: 503 Server Error: Service Unavailable for url: https://xaus.com/api/v1/intraday?symbol=xau&hours=48
Data fetch failed: 503 Server Error: Service Unavailable for url: https://xaus.com/api/v1/intraday?symbol=xau&hours=48
Mon Aug 31 21:40:40 UTC 2026: Scan finished OK, pinged healthcheck
Mon Aug 31 21:45:20 UTC 2026: Starting scan
  fetch attempt 1/3 failed: 429 Client Error: Too Many Requests for url: https://api.twelvedata.com/time_series?symbol=XAU/USD&interval=5min&outputsize=1500&timezone=UTC&order=ASC&apikey=c31c0cdced904fa3a0773f41bad78449
  fetch attempt 2/3 failed: 429 Client Error: Too Many Requests for url: https://api.twelvedata.com/time_series?symbol=XAU/USD&interval=5min&outputsize=1500&timezone=UTC&order=ASC&apikey=c31c0cdced904fa3a0773f41bad78449
  fetch attempt 3/3 failed: 429 Client Error: Too Many Requests for url: https://api.twelvedata.com/time_series?symbol=XAU/USD&interval=5min&outputsize=1500&timezone=UTC&order=ASC&apikey=c31c0cdced904fa3a0773f41bad78449
TwelveData unavailable, falling back to tick feed: 429 Client Error: Too Many Requests for url: https://api.twelvedata.com/time_series?symbol=XAU/USD&interval=5min&outputsize=1500&timezone=UTC&order=ASC&apikey=c31c0cdced904fa3a0773f41bad78449
  fetch attempt 1/3 failed: 503 Server Error: Service Unavailable for url: https://xaus.com/api/v1/intraday?symbol=xau&hours=48
  fetch attempt 2/3 failed: 503 Server Error: Service Unavailable for url: https://xaus.com/api/v1/intraday?symbol=xau&hours=48
  fetch attempt 3/3 failed: 503 Server Error: Service Unavailable for url: https://xaus.com/api/v1/intraday?symbol=xau&hours=48
Data fetch failed: 503 Server Error: Service Unavailable for url: https://xaus.com/api/v1/intraday?symbol=xau&hours=48
Mon Aug 31 21:45:40 UTC 2026: Scan finished OK, pinged healthcheck
Mon Aug 31 21:50:20 UTC 2026: Starting scan
  fetch attempt 1/3 failed: 429 Client Error: Too Many Requests for url: https://api.twelvedata.com/time_series?symbol=XAU/USD&interval=5min&outputsize=1500&timezone=UTC&order=ASC&apikey=c31c0cdced904fa3a0773f41bad78449
  fetch attempt 2/3 failed: 429 Client Error: Too Many Requests for url: https://api.twelvedata.com/time_series?symbol=XAU/USD&interval=5min&outputsize=1500&timezone=UTC&order=ASC&apikey=c31c0cdced904fa3a0773f41bad78449
  fetch attempt 3/3 failed: 429 Client Error: Too Many Requests for url: https://api.twelvedata.com/time_series?symbol=XAU/USD&interval=5min&outputsize=1500&timezone=UTC&order=ASC&apikey=c31c0cdced904fa3a0773f41bad78449
TwelveData unavailable, falling back to tick feed: 429 Client Error: Too Many Requests for url: https://api.twelvedata.com/time_series?symbol=XAU/USD&interval=5min&outputsize=1500&timezone=UTC&order=ASC&apikey=c31c0cdced904fa3a0773f41bad78449
  fetch attempt 1/3 failed: 503 Server Error: Service Unavailable for url: https://xaus.com/api/v1/intraday?symbol=xau&hours=48
  fetch attempt 2/3 failed: 503 Server Error: Service Unavailable for url: https://xaus.com/api/v1/intraday?symbol=xau&hours=48
  fetch attempt 3/3 failed: 503 Server Error: Service Unavailable for url: https://xaus.com/api/v1/intraday?symbol=xau&hours=48
Data fetch failed: 503 Server Error: Service Unavailable for url: https://xaus.com/api/v1/intraday?symbol=xau&hours=48
Mon Aug 31 21:50:40 UTC 2026: Scan finished OK, pinged healthcheck
Mon Aug 31 21:55:20 UTC 2026: Starting scan
  fetch attempt 1/3 failed: 429 Client Error: Too Many Requests for url: https://api.twelvedata.com/time_series?symbol=XAU/USD&interval=5min&outputsize=1500&timezone=UTC&order=ASC&apikey=c31c0cdced904fa3a0773f41bad78449
  fetch attempt 2/3 failed: 429 Client Error: Too Many Requests for url: https://api.twelvedata.com/time_series?symbol=XAU/USD&interval=5min&outputsize=1500&timezone=UTC&order=ASC&apikey=c31c0cdced904fa3a0773f41bad78449
  fetch attempt 3/3 failed: 429 Client Error: Too Many Requests for url: https://api.twelvedata.com/time_series?symbol=XAU/USD&interval=5min&outputsize=1500&timezone=UTC&order=ASC&apikey=c31c0cdced904fa3a0773f41bad78449
TwelveData unavailable, falling back to tick feed: 429 Client Error: Too Many Requests for url: https://api.twelvedata.com/time_series?symbol=XAU/USD&interval=5min&outputsize=1500&timezone=UTC&order=ASC&apikey=c31c0cdced904fa3a0773f41bad78449
  fetch attempt 1/3 failed: 503 Server Error: Service Unavailable for url: https://xaus.com/api/v1/intraday?symbol=xau&hours=48
  fetch attempt 2/3 failed: 503 Server Error: Service Unavailable for url: https://xaus.com/api/v1/intraday?symbol=xau&hours=48
  fetch attempt 3/3 failed: 503 Server Error: Service Unavailable for url: https://xaus.com/api/v1/intraday?symbol=xau&hours=48
Data fetch failed: 503 Server Error: Service Unavailable for url: https://xaus.com/api/v1/intraday?symbol=xau&hours=48
Mon Aug 31 21:55:40 UTC 2026: Scan finished OK, pinged healthcheck
Mon Aug 31 22:00:20 UTC 2026: Starting scan
  fetch attempt 1/3 failed: 429 Client Error: Too Many Requests for url: https://api.twelvedata.com/time_series?symbol=XAU/USD&interval=5min&outputsize=1500&timezone=UTC&order=ASC&apikey=c31c0cdced904fa3a0773f41bad78449
  fetch attempt 2/3 failed: 429 Client Error: Too Many Requests for url: https://api.twelvedata.com/time_series?symbol=XAU/USD&interval=5min&outputsize=1500&timezone=UTC&order=ASC&apikey=c31c0cdced904fa3a0773f41bad78449
  fetch attempt 3/3 failed: 429 Client Error: Too Many Requests for url: https://api.twelvedata.com/time_series?symbol=XAU/USD&interval=5min&outputsize=1500&timezone=UTC&order=ASC&apikey=c31c0cdced904fa3a0773f41bad78449
TwelveData unavailable, falling back to tick feed: 429 Client Error: Too Many Requests for url: https://api.twelvedata.com/time_series?symbol=XAU/USD&interval=5min&outputsize=1500&timezone=UTC&order=ASC&apikey=c31c0cdced904fa3a0773f41bad78449
  fetch attempt 1/3 failed: 503 Server Error: Service Unavailable for url: https://xaus.com/api/v1/intraday?symbol=xau&hours=48
  fetch attempt 2/3 failed: 503 Server Error: Service Unavailable for url: https://xaus.com/api/v1/intraday?symbol=xau&hours=48
  fetch attempt 3/3 failed: 503 Server Error: Service Unavailable for url: https://xaus.com/api/v1/intraday?symbol=xau&hours=48
Data fetch failed: 503 Server Error: Service Unavailable for url: https://xaus.com/api/v1/intraday?symbol=xau&hours=48
  notified -> telegram:True discord:True
Mon Aug 31 22:00:44 UTC 2026: Scan finished OK, pinged healthcheck
Mon Aug 31 22:05:20 UTC 2026: Starting scan
  fetch attempt 1/3 failed: 429 Client Error: Too Many Requests for url: https://api.twelvedata.com/time_series?symbol=XAU/USD&interval=5min&outputsize=1500&timezone=UTC&order=ASC&apikey=c31c0cdced904fa3a0773f41bad78449
  fetch attempt 2/3 failed: 429 Client Error: Too Many Requests for url: https://api.twelvedata.com/time_series?symbol=XAU/USD&interval=5min&outputsize=1500&timezone=UTC&order=ASC&apikey=c31c0cdced904fa3a0773f41bad78449
  fetch attempt 3/3 failed: 429 Client Error: Too Many Requests for url: https://api.twelvedata.com/time_series?symbol=XAU/USD&interval=5min&outputsize=1500&timezone=UTC&order=ASC&apikey=c31c0cdced904fa3a0773f41bad78449
TwelveData unavailable, falling back to tick feed: 429 Client Error: Too Many Requests for url: https://api.twelvedata.com/time_series?symbol=XAU/USD&interval=5min&outputsize=1500&timezone=UTC&order=ASC&apikey=c31c0cdced904fa3a0773f41bad78449
  fetch attempt 1/3 failed: 503 Server Error: Service Unavailable for url: https://xaus.com/api/v1/intraday?symbol=xau&hours=48
  fetch attempt 2/3 failed: 503 Server Error: Service Unavailable for url: https://xaus.com/api/v1/intraday?symbol=xau&hours=48
  fetch attempt 3/3 failed: 503 Server Error: Service Unavailable for url: https://xaus.com/api/v1/intraday?symbol=xau&hours=48
Data fetch failed: 503 Server Error: Service Unavailable for url: https://xaus.com/api/v1/intraday?symbol=xau&hours=48
Mon Aug 31 22:05:41 UTC 2026: Scan finished OK, pinged healthcheck
Mon Aug 31 22:10:20 UTC 2026: Starting scan
  fetch attempt 1/3 failed: 429 Client Error: Too Many Requests for url: https://api.twelvedata.com/time_series?symbol=XAU/USD&interval=5min&outputsize=1500&timezone=UTC&order=ASC&apikey=c31c0cdced904fa3a0773f41bad78449
  fetch attempt 2/3 failed: 429 Client Error: Too Many Requests for url: https://api.twelvedata.com/time_series?symbol=XAU/USD&interval=5min&outputsize=1500&timezone=UTC&order=ASC&apikey=c31c0cdced904fa3a0773f41bad78449
  fetch attempt 3/3 failed: 429 Client Error: Too Many Requests for url: https://api.twelvedata.com/time_series?symbol=XAU/USD&interval=5min&outputsize=1500&timezone=UTC&order=ASC&apikey=c31c0cdced904fa3a0773f41bad78449
TwelveData unavailable, falling back to tick feed: 429 Client Error: Too Many Requests for url: https://api.twelvedata.com/time_series?symbol=XAU/USD&interval=5min&outputsize=1500&timezone=UTC&order=ASC&apikey=c31c0cdced904fa3a0773f41bad78449
  fetch attempt 1/3 failed: 503 Server Error: Service Unavailable for url: https://xaus.com/api/v1/intraday?symbol=xau&hours=48
  fetch attempt 2/3 failed: 503 Server Error: Service Unavailable for url: https://xaus.com/api/v1/intraday?symbol=xau&hours=48
  fetch attempt 3/3 failed: 503 Server Error: Service Unavailable for url: https://xaus.com/api/v1/intraday?symbol=xau&hours=48
Data fetch failed: 503 Server Error: Service Unavailable for url: https://xaus.com/api/v1/intraday?symbol=xau&hours=48
Mon Aug 31 22:10:40 UTC 2026: Scan finished OK, pinged healthcheck
Mon Aug 31 22:15:20 UTC 2026: Starting scan
  fetch attempt 1/3 failed: 429 Client Error: Too Many Requests for url: https://api.twelvedata.com/time_series?symbol=XAU/USD&interval=5min&outputsize=1500&timezone=UTC&order=ASC&apikey=c31c0cdced904fa3a0773f41bad78449
  fetch attempt 2/3 failed: 429 Client Error: Too Many Requests for url: https://api.twelvedata.com/time_series?symbol=XAU/USD&interval=5min&outputsize=1500&timezone=UTC&order=ASC&apikey=c31c0cdced904fa3a0773f41bad78449
  fetch attempt 3/3 failed: 429 Client Error: Too Many Requests for url: https://api.twelvedata.com/time_series?symbol=XAU/USD&interval=5min&outputsize=1500&timezone=UTC&order=ASC&apikey=c31c0cdced904fa3a0773f41bad78449
TwelveData unavailable, falling back to tick feed: 429 Client Error: Too Many Requests for url: https://api.twelvedata.com/time_series?symbol=XAU/USD&interval=5min&outputsize=1500&timezone=UTC&order=ASC&apikey=c31c0cdced904fa3a0773f41bad78449
  fetch attempt 1/3 failed: 503 Server Error: Service Unavailable for url: https://xaus.com/api/v1/intraday?symbol=xau&hours=48
  fetch attempt 2/3 failed: 503 Server Error: Service Unavailable for url: https://xaus.com/api/v1/intraday?symbol=xau&hours=48
  fetch attempt 3/3 failed: 503 Server Error: Service Unavailable for url: https://xaus.com/api/v1/intraday?symbol=xau&hours=48
Data fetch failed: 503 Server Error: Service Unavailable for url: https://xaus.com/api/v1/intraday?symbol=xau&hours=48
Mon Aug 31 22:15:40 UTC 2026: Scan finished OK, pinged healthcheck
Mon Aug 31 22:20:20 UTC 2026: Starting scan
  fetch attempt 1/3 failed: 429 Client Error: Too Many Requests for url: https://api.twelvedata.com/time_series?symbol=XAU/USD&interval=5min&outputsize=1500&timezone=UTC&order=ASC&apikey=c31c0cdced904fa3a0773f41bad78449
  fetch attempt 2/3 failed: 429 Client Error: Too Many Requests for url: https://api.twelvedata.com/time_series?symbol=XAU/USD&interval=5min&outputsize=1500&timezone=UTC&order=ASC&apikey=c31c0cdced904fa3a0773f41bad78449
  fetch attempt 3/3 failed: 429 Client Error: Too Many Requests for url: https://api.twelvedata.com/time_series?symbol=XAU/USD&interval=5min&outputsize=1500&timezone=UTC&order=ASC&apikey=c31c0cdced904fa3a0773f41bad78449
TwelveData unavailable, falling back to tick feed: 429 Client Error: Too Many Requests for url: https://api.twelvedata.com/time_series?symbol=XAU/USD&interval=5min&outputsize=1500&timezone=UTC&order=ASC&apikey=c31c0cdced904fa3a0773f41bad78449
  fetch attempt 1/3 failed: 503 Server Error: Service Unavailable for url: https://xaus.com/api/v1/intraday?symbol=xau&hours=48
  fetch attempt 2/3 failed: 503 Server Error: Service Unavailable for url: https://xaus.com/api/v1/intraday?symbol=xau&hours=48
  fetch attempt 3/3 failed: 503 Server Error: Service Unavailable for url: https://xaus.com/api/v1/intraday?symbol=xau&hours=48
Data fetch failed: 503 Server Error: Service Unavailable for url: https://xaus.com/api/v1/intraday?symbol=xau&hours=48
Mon Aug 31 22:20:40 UTC 2026: Scan finished OK, pinged healthcheck
Mon Aug 31 22:25:20 UTC 2026: Starting scan
  fetch attempt 1/3 failed: 429 Client Error: Too Many Requests for url: https://api.twelvedata.com/time_series?symbol=XAU/USD&interval=5min&outputsize=1500&timezone=UTC&order=ASC&apikey=c31c0cdced904fa3a0773f41bad78449
  fetch attempt 2/3 failed: 429 Client Error: Too Many Requests for url: https://api.twelvedata.com/time_series?symbol=XAU/USD&interval=5min&outputsize=1500&timezone=UTC&order=ASC&apikey=c31c0cdced904fa3a0773f41bad78449
  fetch attempt 3/3 failed: 429 Client Error: Too Many Requests for url: https://api.twelvedata.com/time_series?symbol=XAU/USD&interval=5min&outputsize=1500&timezone=UTC&order=ASC&apikey=c31c0cdced904fa3a0773f41bad78449
TwelveData unavailable, falling back to tick feed: 429 Client Error: Too Many Requests for url: https://api.twelvedata.com/time_series?symbol=XAU/USD&interval=5min&outputsize=1500&timezone=UTC&order=ASC&apikey=c31c0cdced904fa3a0773f41bad78449
  fetch attempt 1/3 failed: 503 Server Error: Service Unavailable for url: https://xaus.com/api/v1/intraday?symbol=xau&hours=48
  fetch attempt 2/3 failed: 503 Server Error: Service Unavailable for url: https://xaus.com/api/v1/intraday?symbol=xau&hours=48
  fetch attempt 3/3 failed: 503 Server Error: Service Unavailable for url: https://xaus.com/api/v1/intraday?symbol=xau&hours=48
Data fetch failed: 503 Server Error: Service Unavailable for url: https://xaus.com/api/v1/intraday?symbol=xau&hours=48
Mon Aug 31 22:25:40 UTC 2026: Scan finished OK, pinged healthcheck
Mon Aug 31 22:30:20 UTC 2026: Starting scan
  fetch attempt 1/3 failed: 429 Client Error: Too Many Requests for url: https://api.twelvedata.com/time_series?symbol=XAU/USD&interval=5min&outputsize=1500&timezone=UTC&order=ASC&apikey=c31c0cdced904fa3a0773f41bad78449
  fetch attempt 2/3 failed: 429 Client Error: Too Many Requests for url: https://api.twelvedata.com/time_series?symbol=XAU/USD&interval=5min&outputsize=1500&timezone=UTC&order=ASC&apikey=c31c0cdced904fa3a0773f41bad78449
  fetch attempt 3/3 failed: 429 Client Error: Too Many Requests for url: https://api.twelvedata.com/time_series?symbol=XAU/USD&interval=5min&outputsize=1500&timezone=UTC&order=ASC&apikey=c31c0cdced904fa3a0773f41bad78449
TwelveData unavailable, falling back to tick feed: 429 Client Error: Too Many Requests for url: https://api.twelvedata.com/time_series?symbol=XAU/USD&interval=5min&outputsize=1500&timezone=UTC&order=ASC&apikey=c31c0cdced904fa3a0773f41bad78449
  fetch attempt 1/3 failed: 503 Server Error: Service Unavailable for url: https://xaus.com/api/v1/intraday?symbol=xau&hours=48
  fetch attempt 2/3 failed: 503 Server Error: Service Unavailable for url: https://xaus.com/api/v1/intraday?symbol=xau&hours=48
  fetch attempt 3/3 failed: 503 Server Error: Service Unavailable for url: https://xaus.com/api/v1/intraday?symbol=xau&hours=48
Data fetch failed: 503 Server Error: Service Unavailable for url: https://xaus.com/api/v1/intraday?symbol=xau&hours=48
Mon Aug 31 22:30:42 UTC 2026: Scan finished OK, pinged healthcheck
Mon Aug 31 22:35:20 UTC 2026: Starting scan
  fetch attempt 1/3 failed: 429 Client Error: Too Many Requests for url: https://api.twelvedata.com/time_series?symbol=XAU/USD&interval=5min&outputsize=1500&timezone=UTC&order=ASC&apikey=c31c0cdced904fa3a0773f41bad78449
  fetch attempt 2/3 failed: 429 Client Error: Too Many Requests for url: https://api.twelvedata.com/time_series?symbol=XAU/USD&interval=5min&outputsize=1500&timezone=UTC&order=ASC&apikey=c31c0cdced904fa3a0773f41bad78449
  fetch attempt 3/3 failed: 429 Client Error: Too Many Requests for url: https://api.twelvedata.com/time_series?symbol=XAU/USD&interval=5min&outputsize=1500&timezone=UTC&order=ASC&apikey=c31c0cdced904fa3a0773f41bad78449
TwelveData unavailable, falling back to tick feed: 429 Client Error: Too Many Requests for url: https://api.twelvedata.com/time_series?symbol=XAU/USD&interval=5min&outputsize=1500&timezone=UTC&order=ASC&apikey=c31c0cdced904fa3a0773f41bad78449
  fetch attempt 1/3 failed: 503 Server Error: Service Unavailable for url: https://xaus.com/api/v1/intraday?symbol=xau&hours=48
  fetch attempt 2/3 failed: 503 Server Error: Service Unavailable for url: https://xaus.com/api/v1/intraday?symbol=xau&hours=48
  fetch attempt 3/3 failed: 503 Server Error: Service Unavailable for url: https://xaus.com/api/v1/intraday?symbol=xau&hours=48
Data fetch failed: 503 Server Error: Service Unavailable for url: https://xaus.com/api/v1/intraday?symbol=xau&hours=48
Mon Aug 31 22:35:40 UTC 2026: Scan finished OK, pinged healthcheck
Mon Aug 31 22:40:20 UTC 2026: Starting scan
  fetch attempt 1/3 failed: 429 Client Error: Too Many Requests for url: https://api.twelvedata.com/time_series?symbol=XAU/USD&interval=5min&outputsize=1500&timezone=UTC&order=ASC&apikey=c31c0cdced904fa3a0773f41bad78449
  fetch attempt 2/3 failed: 429 Client Error: Too Many Requests for url: https://api.twelvedata.com/time_series?symbol=XAU/USD&interval=5min&outputsize=1500&timezone=UTC&order=ASC&apikey=c31c0cdced904fa3a0773f41bad78449
  fetch attempt 3/3 failed: 429 Client Error: Too Many Requests for url: https://api.twelvedata.com/time_series?symbol=XAU/USD&interval=5min&outputsize=1500&timezone=UTC&order=ASC&apikey=c31c0cdced904fa3a0773f41bad78449
TwelveData unavailable, falling back to tick feed: 429 Client Error: Too Many Requests for url: https://api.twelvedata.com/time_series?symbol=XAU/USD&interval=5min&outputsize=1500&timezone=UTC&order=ASC&apikey=c31c0cdced904fa3a0773f41bad78449
  fetch attempt 1/3 failed: 503 Server Error: Service Unavailable for url: https://xaus.com/api/v1/intraday?symbol=xau&hours=48
  fetch attempt 2/3 failed: 503 Server Error: Service Unavailable for url: https://xaus.com/api/v1/intraday?symbol=xau&hours=48
  fetch attempt 3/3 failed: 503 Server Error: Service Unavailable for url: https://xaus.com/api/v1/intraday?symbol=xau&hours=48
Data fetch failed: 503 Server Error: Service Unavailable for url: https://xaus.com/api/v1/intraday?symbol=xau&hours=48
Mon Aug 31 22:40:40 UTC 2026: Scan finished OK, pinged healthcheck
Mon Aug 31 22:45:20 UTC 2026: Starting scan
  fetch attempt 1/3 failed: 429 Client Error: Too Many Requests for url: https://api.twelvedata.com/time_series?symbol=XAU/USD&interval=5min&outputsize=1500&timezone=UTC&order=ASC&apikey=c31c0cdced904fa3a0773f41bad78449
  fetch attempt 2/3 failed: 429 Client Error: Too Many Requests for url: https://api.twelvedata.com/time_series?symbol=XAU/USD&interval=5min&outputsize=1500&timezone=UTC&order=ASC&apikey=c31c0cdced904fa3a0773f41bad78449
  fetch attempt 3/3 failed: 429 Client Error: Too Many Requests for url: https://api.twelvedata.com/time_series?symbol=XAU/USD&interval=5min&outputsize=1500&timezone=UTC&order=ASC&apikey=c31c0cdced904fa3a0773f41bad78449
TwelveData unavailable, falling back to tick feed: 429 Client Error: Too Many Requests for url: https://api.twelvedata.com/time_series?symbol=XAU/USD&interval=5min&outputsize=1500&timezone=UTC&order=ASC&apikey=c31c0cdced904fa3a0773f41bad78449
  fetch attempt 1/3 failed: 503 Server Error: Service Unavailable for url: https://xaus.com/api/v1/intraday?symbol=xau&hours=48
  fetch attempt 2/3 failed: 503 Server Error: Service Unavailable for url: https://xaus.com/api/v1/intraday?symbol=xau&hours=48
  fetch attempt 3/3 failed: 503 Server Error: Service Unavailable for url: https://xaus.com/api/v1/intraday?symbol=xau&hours=48
Data fetch failed: 503 Server Error: Service Unavailable for url: https://xaus.com/api/v1/intraday?symbol=xau&hours=48
Mon Aug 31 22:45:41 UTC 2026: Scan finished OK, pinged healthcheck
Mon Aug 31 22:50:20 UTC 2026: Starting scan
  fetch attempt 1/3 failed: 429 Client Error: Too Many Requests for url: https://api.twelvedata.com/time_series?symbol=XAU/USD&interval=5min&outputsize=1500&timezone=UTC&order=ASC&apikey=c31c0cdced904fa3a0773f41bad78449
  fetch attempt 2/3 failed: 429 Client Error: Too Many Requests for url: https://api.twelvedata.com/time_series?symbol=XAU/USD&interval=5min&outputsize=1500&timezone=UTC&order=ASC&apikey=c31c0cdced904fa3a0773f41bad78449
  fetch attempt 3/3 failed: 429 Client Error: Too Many Requests for url: https://api.twelvedata.com/time_series?symbol=XAU/USD&interval=5min&outputsize=1500&timezone=UTC&order=ASC&apikey=c31c0cdced904fa3a0773f41bad78449
TwelveData unavailable, falling back to tick feed: 429 Client Error: Too Many Requests for url: https://api.twelvedata.com/time_series?symbol=XAU/USD&interval=5min&outputsize=1500&timezone=UTC&order=ASC&apikey=c31c0cdced904fa3a0773f41bad78449
  fetch attempt 1/3 failed: 503 Server Error: Service Unavailable for url: https://xaus.com/api/v1/intraday?symbol=xau&hours=48
  fetch attempt 2/3 failed: 503 Server Error: Service Unavailable for url: https://xaus.com/api/v1/intraday?symbol=xau&hours=48
  fetch attempt 3/3 failed: 503 Server Error: Service Unavailable for url: https://xaus.com/api/v1/intraday?symbol=xau&hours=48
Data fetch failed: 503 Server Error: Service Unavailable for url: https://xaus.com/api/v1/intraday?symbol=xau&hours=48
Mon Aug 31 22:50:39 UTC 2026: Scan finished OK, pinged healthcheck
Mon Aug 31 22:55:20 UTC 2026: Starting scan
  fetch attempt 1/3 failed: 429 Client Error: Too Many Requests for url: https://api.twelvedata.com/time_series?symbol=XAU/USD&interval=5min&outputsize=1500&timezone=UTC&order=ASC&apikey=c31c0cdced904fa3a0773f41bad78449
  fetch attempt 2/3 failed: 429 Client Error: Too Many Requests for url: https://api.twelvedata.com/time_series?symbol=XAU/USD&interval=5min&outputsize=1500&timezone=UTC&order=ASC&apikey=c31c0cdced904fa3a0773f41bad78449
  fetch attempt 3/3 failed: 429 Client Error: Too Many Requests for url: https://api.twelvedata.com/time_series?symbol=XAU/USD&interval=5min&outputsize=1500&timezone=UTC&order=ASC&apikey=c31c0cdced904fa3a0773f41bad78449
TwelveData unavailable, falling back to tick feed: 429 Client Error: Too Many Requests for url: https://api.twelvedata.com/time_series?symbol=XAU/USD&interval=5min&outputsize=1500&timezone=UTC&order=ASC&apikey=c31c0cdced904fa3a0773f41bad78449
  fetch attempt 1/3 failed: 503 Server Error: Service Unavailable for url: https://xaus.com/api/v1/intraday?symbol=xau&hours=48
  fetch attempt 2/3 failed: 503 Server Error: Service Unavailable for url: https://xaus.com/api/v1/intraday?symbol=xau&hours=48
  fetch attempt 3/3 failed: 503 Server Error: Service Unavailable for url: https://xaus.com/api/v1/intraday?symbol=xau&hours=48
Data fetch failed: 503 Server Error: Service Unavailable for url: https://xaus.com/api/v1/intraday?symbol=xau&hours=48
Mon Aug 31 22:55:40 UTC 2026: Scan finished OK, pinged healthcheck
Mon Aug 31 23:00:20 UTC 2026: Starting scan
  fetch attempt 1/3 failed: 429 Client Error: Too Many Requests for url: https://api.twelvedata.com/time_series?symbol=XAU/USD&interval=5min&outputsize=1500&timezone=UTC&order=ASC&apikey=c31c0cdced904fa3a0773f41bad78449
  fetch attempt 2/3 failed: 429 Client Error: Too Many Requests for url: https://api.twelvedata.com/time_series?symbol=XAU/USD&interval=5min&outputsize=1500&timezone=UTC&order=ASC&apikey=c31c0cdced904fa3a0773f41bad78449
  fetch attempt 3/3 failed: 429 Client Error: Too Many Requests for url: https://api.twelvedata.com/time_series?symbol=XAU/USD&interval=5min&outputsize=1500&timezone=UTC&order=ASC&apikey=c31c0cdced904fa3a0773f41bad78449
TwelveData unavailable, falling back to tick feed: 429 Client Error: Too Many Requests for url: https://api.twelvedata.com/time_series?symbol=XAU/USD&interval=5min&outputsize=1500&timezone=UTC&order=ASC&apikey=c31c0cdced904fa3a0773f41bad78449
  fetch attempt 1/3 failed: 503 Server Error: Service Unavailable for url: https://xaus.com/api/v1/intraday?symbol=xau&hours=48
  fetch attempt 2/3 failed: 503 Server Error: Service Unavailable for url: https://xaus.com/api/v1/intraday?symbol=xau&hours=48
  fetch attempt 3/3 failed: 503 Server Error: Service Unavailable for url: https://xaus.com/api/v1/intraday?symbol=xau&hours=48
Data fetch failed: 503 Server Error: Service Unavailable for url: https://xaus.com/api/v1/intraday?symbol=xau&hours=48
  notified -> telegram:True discord:True
Mon Aug 31 23:00:43 UTC 2026: Scan finished OK, pinged healthcheck
Mon Aug 31 23:05:20 UTC 2026: Starting scan
  fetch attempt 1/3 failed: 429 Client Error: Too Many Requests for url: https://api.twelvedata.com/time_series?symbol=XAU/USD&interval=5min&outputsize=1500&timezone=UTC&order=ASC&apikey=c31c0cdced904fa3a0773f41bad78449
  fetch attempt 2/3 failed: 429 Client Error: Too Many Requests for url: https://api.twelvedata.com/time_series?symbol=XAU/USD&interval=5min&outputsize=1500&timezone=UTC&order=ASC&apikey=c31c0cdced904fa3a0773f41bad78449
  fetch attempt 3/3 failed: 429 Client Error: Too Many Requests for url: https://api.twelvedata.com/time_series?symbol=XAU/USD&interval=5min&outputsize=1500&timezone=UTC&order=ASC&apikey=c31c0cdced904fa3a0773f41bad78449
TwelveData unavailable, falling back to tick feed: 429 Client Error: Too Many Requests for url: https://api.twelvedata.com/time_series?symbol=XAU/USD&interval=5min&outputsize=1500&timezone=UTC&order=ASC&apikey=c31c0cdced904fa3a0773f41bad78449
  fetch attempt 1/3 failed: 503 Server Error: Service Unavailable for url: https://xaus.com/api/v1/intraday?symbol=xau&hours=48
  fetch attempt 2/3 failed: 503 Server Error: Service Unavailable for url: https://xaus.com/api/v1/intraday?symbol=xau&hours=48
  fetch attempt 3/3 failed: 503 Server Error: Service Unavailable for url: https://xaus.com/api/v1/intraday?symbol=xau&hours=48
Data fetch failed: 503 Server Error: Service Unavailable for url: https://xaus.com/api/v1/intraday?symbol=xau&hours=48
Mon Aug 31 23:05:40 UTC 2026: Scan finished OK, pinged healthcheck
Mon Aug 31 23:10:20 UTC 2026: Starting scan
  fetch attempt 1/3 failed: 429 Client Error: Too Many Requests for url: https://api.twelvedata.com/time_series?symbol=XAU/USD&interval=5min&outputsize=1500&timezone=UTC&order=ASC&apikey=c31c0cdced904fa3a0773f41bad78449
  fetch attempt 2/3 failed: 429 Client Error: Too Many Requests for url: https://api.twelvedata.com/time_series?symbol=XAU/USD&interval=5min&outputsize=1500&timezone=UTC&order=ASC&apikey=c31c0cdced904fa3a0773f41bad78449
  fetch attempt 3/3 failed: 429 Client Error: Too Many Requests for url: https://api.twelvedata.com/time_series?symbol=XAU/USD&interval=5min&outputsize=1500&timezone=UTC&order=ASC&apikey=c31c0cdced904fa3a0773f41bad78449
TwelveData unavailable, falling back to tick feed: 429 Client Error: Too Many Requests for url: https://api.twelvedata.com/time_series?symbol=XAU/USD&interval=5min&outputsize=1500&timezone=UTC&order=ASC&apikey=c31c0cdced904fa3a0773f41bad78449
  fetch attempt 1/3 failed: 503 Server Error: Service Unavailable for url: https://xaus.com/api/v1/intraday?symbol=xau&hours=48
  fetch attempt 2/3 failed: 503 Server Error: Service Unavailable for url: https://xaus.com/api/v1/intraday?symbol=xau&hours=48
  fetch attempt 3/3 failed: 503 Server Error: Service Unavailable for url: https://xaus.com/api/v1/intraday?symbol=xau&hours=48
Data fetch failed: 503 Server Error: Service Unavailable for url: https://xaus.com/api/v1/intraday?symbol=xau&hours=48
Mon Aug 31 23:10:40 UTC 2026: Scan finished OK, pinged healthcheck
Mon Aug 31 23:15:20 UTC 2026: Starting scan
  fetch attempt 1/3 failed: 429 Client Error: Too Many Requests for url: https://api.twelvedata.com/time_series?symbol=XAU/USD&interval=5min&outputsize=1500&timezone=UTC&order=ASC&apikey=c31c0cdced904fa3a0773f41bad78449
  fetch attempt 2/3 failed: 429 Client Error: Too Many Requests for url: https://api.twelvedata.com/time_series?symbol=XAU/USD&interval=5min&outputsize=1500&timezone=UTC&order=ASC&apikey=c31c0cdced904fa3a0773f41bad78449
  fetch attempt 3/3 failed: 429 Client Error: Too Many Requests for url: https://api.twelvedata.com/time_series?symbol=XAU/USD&interval=5min&outputsize=1500&timezone=UTC&order=ASC&apikey=c31c0cdced904fa3a0773f41bad78449
TwelveData unavailable, falling back to tick feed: 429 Client Error: Too Many Requests for url: https://api.twelvedata.com/time_series?symbol=XAU/USD&interval=5min&outputsize=1500&timezone=UTC&order=ASC&apikey=c31c0cdced904fa3a0773f41bad78449
  fetch attempt 1/3 failed: 503 Server Error: Service Unavailable for url: https://xaus.com/api/v1/intraday?symbol=xau&hours=48
  fetch attempt 2/3 failed: 503 Server Error: Service Unavailable for url: https://xaus.com/api/v1/intraday?symbol=xau&hours=48
  fetch attempt 3/3 failed: 503 Server Error: Service Unavailable for url: https://xaus.com/api/v1/intraday?symbol=xau&hours=48
Data fetch failed: 503 Server Error: Service Unavailable for url: https://xaus.com/api/v1/intraday?symbol=xau&hours=48
Mon Aug 31 23:15:40 UTC 2026: Scan finished OK, pinged healthcheck
Mon Aug 31 23:20:20 UTC 2026: Starting scan
  fetch attempt 1/3 failed: 429 Client Error: Too Many Requests for url: https://api.twelvedata.com/time_series?symbol=XAU/USD&interval=5min&outputsize=1500&timezone=UTC&order=ASC&apikey=c31c0cdced904fa3a0773f41bad78449
  fetch attempt 2/3 failed: 429 Client Error: Too Many Requests for url: https://api.twelvedata.com/time_series?symbol=XAU/USD&interval=5min&outputsize=1500&timezone=UTC&order=ASC&apikey=c31c0cdced904fa3a0773f41bad78449
  fetch attempt 3/3 failed: 429 Client Error: Too Many Requests for url: https://api.twelvedata.com/time_series?symbol=XAU/USD&interval=5min&outputsize=1500&timezone=UTC&order=ASC&apikey=c31c0cdced904fa3a0773f41bad78449
TwelveData unavailable, falling back to tick feed: 429 Client Error: Too Many Requests for url: https://api.twelvedata.com/time_series?symbol=XAU/USD&interval=5min&outputsize=1500&timezone=UTC&order=ASC&apikey=c31c0cdced904fa3a0773f41bad78449
  fetch attempt 1/3 failed: 503 Server Error: Service Unavailable for url: https://xaus.com/api/v1/intraday?symbol=xau&hours=48
  fetch attempt 2/3 failed: 503 Server Error: Service Unavailable for url: https://xaus.com/api/v1/intraday?symbol=xau&hours=48
  fetch attempt 3/3 failed: 503 Server Error: Service Unavailable for url: https://xaus.com/api/v1/intraday?symbol=xau&hours=48
Data fetch failed: 503 Server Error: Service Unavailable for url: https://xaus.com/api/v1/intraday?symbol=xau&hours=48
Mon Aug 31 23:20:39 UTC 2026: Scan finished OK, pinged healthcheck
Mon Aug 31 23:25:20 UTC 2026: Starting scan
  fetch attempt 1/3 failed: 429 Client Error: Too Many Requests for url: https://api.twelvedata.com/time_series?symbol=XAU/USD&interval=5min&outputsize=1500&timezone=UTC&order=ASC&apikey=c31c0cdced904fa3a0773f41bad78449
  fetch attempt 2/3 failed: 429 Client Error: Too Many Requests for url: https://api.twelvedata.com/time_series?symbol=XAU/USD&interval=5min&outputsize=1500&timezone=UTC&order=ASC&apikey=c31c0cdced904fa3a0773f41bad78449
  fetch attempt 3/3 failed: 429 Client Error: Too Many Requests for url: https://api.twelvedata.com/time_series?symbol=XAU/USD&interval=5min&outputsize=1500&timezone=UTC&order=ASC&apikey=c31c0cdced904fa3a0773f41bad78449
TwelveData unavailable, falling back to tick feed: 429 Client Error: Too Many Requests for url: https://api.twelvedata.com/time_series?symbol=XAU/USD&interval=5min&outputsize=1500&timezone=UTC&order=ASC&apikey=c31c0cdced904fa3a0773f41bad78449
  fetch attempt 1/3 failed: 503 Server Error: Service Unavailable for url: https://xaus.com/api/v1/intraday?symbol=xau&hours=48
  fetch attempt 2/3 failed: 503 Server Error: Service Unavailable for url: https://xaus.com/api/v1/intraday?symbol=xau&hours=48
  fetch attempt 3/3 failed: 503 Server Error: Service Unavailable for url: https://xaus.com/api/v1/intraday?symbol=xau&hours=48
Data fetch failed: 503 Server Error: Service Unavailable for url: https://xaus.com/api/v1/intraday?symbol=xau&hours=48
Mon Aug 31 23:25:40 UTC 2026: Scan finished OK, pinged healthcheck
Mon Aug 31 23:30:20 UTC 2026: Starting scan
  fetch attempt 1/3 failed: 429 Client Error: Too Many Requests for url: https://api.twelvedata.com/time_series?symbol=XAU/USD&interval=5min&outputsize=1500&timezone=UTC&order=ASC&apikey=c31c0cdced904fa3a0773f41bad78449
  fetch attempt 2/3 failed: 429 Client Error: Too Many Requests for url: https://api.twelvedata.com/time_series?symbol=XAU/USD&interval=5min&outputsize=1500&timezone=UTC&order=ASC&apikey=c31c0cdced904fa3a0773f41bad78449
  fetch attempt 3/3 failed: 429 Client Error: Too Many Requests for url: https://api.twelvedata.com/time_series?symbol=XAU/USD&interval=5min&outputsize=1500&timezone=UTC&order=ASC&apikey=c31c0cdced904fa3a0773f41bad78449
TwelveData unavailable, falling back to tick feed: 429 Client Error: Too Many Requests for url: https://api.twelvedata.com/time_series?symbol=XAU/USD&interval=5min&outputsize=1500&timezone=UTC&order=ASC&apikey=c31c0cdced904fa3a0773f41bad78449
  fetch attempt 1/3 failed: 503 Server Error: Service Unavailable for url: https://xaus.com/api/v1/intraday?symbol=xau&hours=48
  fetch attempt 2/3 failed: 503 Server Error: Service Unavailable for url: https://xaus.com/api/v1/intraday?symbol=xau&hours=48
  fetch attempt 3/3 failed: 503 Server Error: Service Unavailable for url: https://xaus.com/api/v1/intraday?symbol=xau&hours=48
Data fetch failed: 503 Server Error: Service Unavailable for url: https://xaus.com/api/v1/intraday?symbol=xau&hours=48
Mon Aug 31 23:30:41 UTC 2026: Scan finished OK, pinged healthcheck
Mon Aug 31 23:35:20 UTC 2026: Starting scan
  fetch attempt 1/3 failed: 429 Client Error: Too Many Requests for url: https://api.twelvedata.com/time_series?symbol=XAU/USD&interval=5min&outputsize=1500&timezone=UTC&order=ASC&apikey=c31c0cdced904fa3a0773f41bad78449
  fetch attempt 2/3 failed: 429 Client Error: Too Many Requests for url: https://api.twelvedata.com/time_series?symbol=XAU/USD&interval=5min&outputsize=1500&timezone=UTC&order=ASC&apikey=c31c0cdced904fa3a0773f41bad78449
  fetch attempt 3/3 failed: 429 Client Error: Too Many Requests for url: https://api.twelvedata.com/time_series?symbol=XAU/USD&interval=5min&outputsize=1500&timezone=UTC&order=ASC&apikey=c31c0cdced904fa3a0773f41bad78449
TwelveData unavailable, falling back to tick feed: 429 Client Error: Too Many Requests for url: https://api.twelvedata.com/time_series?symbol=XAU/USD&interval=5min&outputsize=1500&timezone=UTC&order=ASC&apikey=c31c0cdced904fa3a0773f41bad78449
  fetch attempt 1/3 failed: 503 Server Error: Service Unavailable for url: https://xaus.com/api/v1/intraday?symbol=xau&hours=48
  fetch attempt 2/3 failed: 503 Server Error: Service Unavailable for url: https://xaus.com/api/v1/intraday?symbol=xau&hours=48
  fetch attempt 3/3 failed: 503 Server Error: Service Unavailable for url: https://xaus.com/api/v1/intraday?symbol=xau&hours=48
Data fetch failed: 503 Server Error: Service Unavailable for url: https://xaus.com/api/v1/intraday?symbol=xau&hours=48
Mon Aug 31 23:35:40 UTC 2026: Scan finished OK, pinged healthcheck
Mon Aug 31 23:40:20 UTC 2026: Starting scan
  fetch attempt 1/3 failed: 429 Client Error: Too Many Requests for url: https://api.twelvedata.com/time_series?symbol=XAU/USD&interval=5min&outputsize=1500&timezone=UTC&order=ASC&apikey=c31c0cdced904fa3a0773f41bad78449
  fetch attempt 2/3 failed: 429 Client Error: Too Many Requests for url: https://api.twelvedata.com/time_series?symbol=XAU/USD&interval=5min&outputsize=1500&timezone=UTC&order=ASC&apikey=c31c0cdced904fa3a0773f41bad78449
  fetch attempt 3/3 failed: 429 Client Error: Too Many Requests for url: https://api.twelvedata.com/time_series?symbol=XAU/USD&interval=5min&outputsize=1500&timezone=UTC&order=ASC&apikey=c31c0cdced904fa3a0773f41bad78449
TwelveData unavailable, falling back to tick feed: 429 Client Error: Too Many Requests for url: https://api.twelvedata.com/time_series?symbol=XAU/USD&interval=5min&outputsize=1500&timezone=UTC&order=ASC&apikey=c31c0cdced904fa3a0773f41bad78449
  fetch attempt 1/3 failed: 503 Server Error: Service Unavailable for url: https://xaus.com/api/v1/intraday?symbol=xau&hours=48
  fetch attempt 2/3 failed: 503 Server Error: Service Unavailable for url: https://xaus.com/api/v1/intraday?symbol=xau&hours=48
  fetch attempt 3/3 failed: 503 Server Error: Service Unavailable for url: https://xaus.com/api/v1/intraday?symbol=xau&hours=48
Data fetch failed: 503 Server Error: Service Unavailable for url: https://xaus.com/api/v1/intraday?symbol=xau&hours=48
Mon Aug 31 23:40:40 UTC 2026: Scan finished OK, pinged healthcheck
Mon Aug 31 23:45:20 UTC 2026: Starting scan
  fetch attempt 1/3 failed: 429 Client Error: Too Many Requests for url: https://api.twelvedata.com/time_series?symbol=XAU/USD&interval=5min&outputsize=1500&timezone=UTC&order=ASC&apikey=c31c0cdced904fa3a0773f41bad78449
  fetch attempt 2/3 failed: 429 Client Error: Too Many Requests for url: https://api.twelvedata.com/time_series?symbol=XAU/USD&interval=5min&outputsize=1500&timezone=UTC&order=ASC&apikey=c31c0cdced904fa3a0773f41bad78449
  fetch attempt 3/3 failed: 429 Client Error: Too Many Requests for url: https://api.twelvedata.com/time_series?symbol=XAU/USD&interval=5min&outputsize=1500&timezone=UTC&order=ASC&apikey=c31c0cdced904fa3a0773f41bad78449
TwelveData unavailable, falling back to tick feed: 429 Client Error: Too Many Requests for url: https://api.twelvedata.com/time_series?symbol=XAU/USD&interval=5min&outputsize=1500&timezone=UTC&order=ASC&apikey=c31c0cdced904fa3a0773f41bad78449
  fetch attempt 1/3 failed: 503 Server Error: Service Unavailable for url: https://xaus.com/api/v1/intraday?symbol=xau&hours=48
  fetch attempt 2/3 failed: 503 Server Error: Service Unavailable for url: https://xaus.com/api/v1/intraday?symbol=xau&hours=48
  fetch attempt 3/3 failed: 503 Server Error: Service Unavailable for url: https://xaus.com/api/v1/intraday?symbol=xau&hours=48
Data fetch failed: 503 Server Error: Service Unavailable for url: https://xaus.com/api/v1/intraday?symbol=xau&hours=48
Mon Aug 31 23:45:40 UTC 2026: Scan finished OK, pinged healthcheck
Mon Aug 31 23:50:20 UTC 2026: Starting scan
  fetch attempt 1/3 failed: 429 Client Error: Too Many Requests for url: https://api.twelvedata.com/time_series?symbol=XAU/USD&interval=5min&outputsize=1500&timezone=UTC&order=ASC&apikey=c31c0cdced904fa3a0773f41bad78449
  fetch attempt 2/3 failed: 429 Client Error: Too Many Requests for url: https://api.twelvedata.com/time_series?symbol=XAU/USD&interval=5min&outputsize=1500&timezone=UTC&order=ASC&apikey=c31c0cdced904fa3a0773f41bad78449
  fetch attempt 3/3 failed: 429 Client Error: Too Many Requests for url: https://api.twelvedata.com/time_series?symbol=XAU/USD&interval=5min&outputsize=1500&timezone=UTC&order=ASC&apikey=c31c0cdced904fa3a0773f41bad78449
TwelveData unavailable, falling back to tick feed: 429 Client Error: Too Many Requests for url: https://api.twelvedata.com/time_series?symbol=XAU/USD&interval=5min&outputsize=1500&timezone=UTC&order=ASC&apikey=c31c0cdced904fa3a0773f41bad78449
  fetch attempt 1/3 failed: 503 Server Error: Service Unavailable for url: https://xaus.com/api/v1/intraday?symbol=xau&hours=48
  fetch attempt 2/3 failed: 503 Server Error: Service Unavailable for url: https://xaus.com/api/v1/intraday?symbol=xau&hours=48
  fetch attempt 3/3 failed: 503 Server Error: Service Unavailable for url: https://xaus.com/api/v1/intraday?symbol=xau&hours=48
Data fetch failed: 503 Server Error: Service Unavailable for url: https://xaus.com/api/v1/intraday?symbol=xau&hours=48
Mon Aug 31 23:50:40 UTC 2026: Scan finished OK, pinged healthcheck
Mon Aug 31 23:55:20 UTC 2026: Starting scan
  fetch attempt 1/3 failed: 429 Client Error: Too Many Requests for url: https://api.twelvedata.com/time_series?symbol=XAU/USD&interval=5min&outputsize=1500&timezone=UTC&order=ASC&apikey=c31c0cdced904fa3a0773f41bad78449
  fetch attempt 2/3 failed: 429 Client Error: Too Many Requests for url: https://api.twelvedata.com/time_series?symbol=XAU/USD&interval=5min&outputsize=1500&timezone=UTC&order=ASC&apikey=c31c0cdced904fa3a0773f41bad78449
  fetch attempt 3/3 failed: 429 Client Error: Too Many Requests for url: https://api.twelvedata.com/time_series?symbol=XAU/USD&interval=5min&outputsize=1500&timezone=UTC&order=ASC&apikey=c31c0cdced904fa3a0773f41bad78449
TwelveData unavailable, falling back to tick feed: 429 Client Error: Too Many Requests for url: https://api.twelvedata.com/time_series?symbol=XAU/USD&interval=5min&outputsize=1500&timezone=UTC&order=ASC&apikey=c31c0cdced904fa3a0773f41bad78449
  fetch attempt 1/3 failed: 503 Server Error: Service Unavailable for url: https://xaus.com/api/v1/intraday?symbol=xau&hours=48
  fetch attempt 2/3 failed: 503 Server Error: Service Unavailable for url: https://xaus.com/api/v1/intraday?symbol=xau&hours=48
  fetch attempt 3/3 failed: 503 Server Error: Service Unavailable for url: https://xaus.com/api/v1/intraday?symbol=xau&hours=48
Data fetch failed: 503 Server Error: Service Unavailable for url: https://xaus.com/api/v1/intraday?symbol=xau&hours=48
Mon Aug 31 23:55:40 UTC 2026: Scan finished OK, pinged healthcheck
Tue Sep  1 00:00:20 UTC 2026: Starting scan
  TwelveData returned 1500 5m candles
  data source: twelvedata
  live quote: 4451.17
  notified -> telegram:True discord:True
Outside trading session window (PKT). Skipping evaluation.
Tue Sep  1 00:00:39 UTC 2026: Scan finished OK, pinged healthcheck
Tue Sep  1 00:05:20 UTC 2026: Starting scan
  TwelveData returned 1500 5m candles
  data source: twelvedata
  live quote: 4452.76
Outside trading session window (PKT). Skipping evaluation.
Tue Sep  1 00:05:29 UTC 2026: Scan finished OK, pinged healthcheck
Tue Sep  1 00:10:20 UTC 2026: Starting scan
  TwelveData returned 1500 5m candles
  data source: twelvedata
  live quote: 4454.94
Outside trading session window (PKT). Skipping evaluation.
Tue Sep  1 00:10:27 UTC 2026: Scan finished OK, pinged healthcheck
Tue Sep  1 00:15:20 UTC 2026: Starting scan
  TwelveData returned 1500 5m candles
  data source: twelvedata
  live quote: 4457.72
Outside trading session window (PKT). Skipping evaluation.
Tue Sep  1 00:15:31 UTC 2026: Scan finished OK, pinged healthcheck
Tue Sep  1 00:20:20 UTC 2026: Starting scan
  TwelveData returned 1500 5m candles
  data source: twelvedata
  live quote: 4457.72
Outside trading session window (PKT). Skipping evaluation.
Tue Sep  1 00:20:28 UTC 2026: Scan finished OK, pinged healthcheck
Tue Sep  1 00:25:20 UTC 2026: Starting scan
  TwelveData returned 1500 5m candles
  data source: twelvedata
  live quote: 4458.71
Outside trading session window (PKT). Skipping evaluation.
Tue Sep  1 00:25:27 UTC 2026: Scan finished OK, pinged healthcheck
Tue Sep  1 00:30:20 UTC 2026: Starting scan
  TwelveData returned 1500 5m candles
  data source: twelvedata
  live quote: 4460.30
Outside trading session window (PKT). Skipping evaluation.
Tue Sep  1 00:30:31 UTC 2026: Scan finished OK, pinged healthcheck
Tue Sep  1 00:35:20 UTC 2026: Starting scan
  TwelveData returned 1500 5m candles
  data source: twelvedata
  live quote: 4457.12
Outside trading session window (PKT). Skipping evaluation.
Tue Sep  1 00:35:27 UTC 2026: Scan finished OK, pinged healthcheck
Tue Sep  1 00:40:20 UTC 2026: Starting scan
  TwelveData returned 1500 5m candles
  data source: twelvedata
  live quote: 4455.14
Outside trading session window (PKT). Skipping evaluation.
Tue Sep  1 00:40:27 UTC 2026: Scan finished OK, pinged healthcheck
Tue Sep  1 00:45:20 UTC 2026: Starting scan
  TwelveData returned 1500 5m candles
  data source: twelvedata
  live quote: 4453.35
Outside trading session window (PKT). Skipping evaluation.
Tue Sep  1 00:45:31 UTC 2026: Scan finished OK, pinged healthcheck
Tue Sep  1 00:50:20 UTC 2026: Starting scan
  TwelveData returned 1500 5m candles
  data source: twelvedata
  live quote: 4455.34
Outside trading session window (PKT). Skipping evaluation.
Tue Sep  1 00:50:29 UTC 2026: Scan finished OK, pinged healthcheck
Tue Sep  1 00:55:20 UTC 2026: Starting scan
  TwelveData returned 1500 5m candles
  data source: twelvedata
  live quote: 4458.12
Outside trading session window (PKT). Skipping evaluation.
Tue Sep  1 00:55:27 UTC 2026: Scan finished OK, pinged healthcheck
Tue Sep  1 01:00:20 UTC 2026: Starting scan
  TwelveData returned 1500 5m candles
  data source: twelvedata
  live quote: 4453.15
Outside trading session window (PKT). Skipping evaluation.
Tue Sep  1 01:00:31 UTC 2026: Scan finished OK, pinged healthcheck
Tue Sep  1 01:05:20 UTC 2026: Starting scan
  TwelveData returned 1500 5m candles
  data source: twelvedata
  live quote: 4450.58
Outside trading session window (PKT). Skipping evaluation.
Tue Sep  1 01:05:28 UTC 2026: Scan finished OK, pinged healthcheck
Tue Sep  1 01:10:20 UTC 2026: Starting scan
  TwelveData returned 1500 5m candles
  data source: twelvedata
  live quote: 4448.00
Outside trading session window (PKT). Skipping evaluation.
Tue Sep  1 01:10:28 UTC 2026: Scan finished OK, pinged healthcheck
Tue Sep  1 01:15:20 UTC 2026: Starting scan
  TwelveData returned 1500 5m candles
  data source: twelvedata
  live quote: 4447.41
Outside trading session window (PKT). Skipping evaluation.
Tue Sep  1 01:15:27 UTC 2026: Scan finished OK, pinged healthcheck
Tue Sep  1 01:20:20 UTC 2026: Starting scan
  TwelveData returned 1500 5m candles
  data source: twelvedata
  live quote: 4444.64
Outside trading session window (PKT). Skipping evaluation.
Tue Sep  1 01:20:28 UTC 2026: Scan finished OK, pinged healthcheck
Tue Sep  1 01:25:20 UTC 2026: Starting scan
  TwelveData returned 1500 5m candles
  data source: twelvedata
  live quote: 4439.91
Outside trading session window (PKT). Skipping evaluation.
Tue Sep  1 01:25:27 UTC 2026: Scan finished OK, pinged healthcheck
Tue Sep  1 01:30:20 UTC 2026: Starting scan
  TwelveData returned 1500 5m candles
  data source: twelvedata
  live quote: 4439.71
Outside trading session window (PKT). Skipping evaluation.
Tue Sep  1 01:30:30 UTC 2026: Scan finished OK, pinged healthcheck
Tue Sep  1 01:35:20 UTC 2026: Starting scan
  TwelveData returned 1500 5m candles
  data source: twelvedata
  live quote: 4440.50
Outside trading session window (PKT). Skipping evaluation.
Tue Sep  1 01:35:27 UTC 2026: Scan finished OK, pinged healthcheck
Tue Sep  1 01:40:20 UTC 2026: Starting scan
  TwelveData returned 1500 5m candles
  data source: twelvedata
  live quote: 4443.06
Outside trading session window (PKT). Skipping evaluation.
Tue Sep  1 01:40:27 UTC 2026: Scan finished OK, pinged healthcheck
Tue Sep  1 01:45:20 UTC 2026: Starting scan
  TwelveData returned 1500 5m candles
  data source: twelvedata
  live quote: 4445.63
Outside trading session window (PKT). Skipping evaluation.
Tue Sep  1 01:45:28 UTC 2026: Scan finished OK, pinged healthcheck
Tue Sep  1 01:50:20 UTC 2026: Starting scan
  TwelveData returned 1500 5m candles
  data source: twelvedata
  live quote: 4443.65
Outside trading session window (PKT). Skipping evaluation.
Tue Sep  1 01:50:28 UTC 2026: Scan finished OK, pinged healthcheck
Tue Sep  1 01:55:20 UTC 2026: Starting scan
  TwelveData returned 1500 5m candles
  data source: twelvedata
  live quote: 4440.69
Outside trading session window (PKT). Skipping evaluation.
Tue Sep  1 01:55:27 UTC 2026: Scan finished OK, pinged healthcheck
Tue Sep  1 02:00:20 UTC 2026: Starting scan
  TwelveData returned 1500 5m candles
  data source: twelvedata
  live quote: 4443.46
Evaluated state: PRE_SELL | spot: 4443.45701
  notified -> telegram:True discord:True
Tue Sep  1 02:00:31 UTC 2026: Scan finished OK, pinged healthcheck
Tue Sep  1 02:05:20 UTC 2026: Starting scan
  TwelveData returned 1500 5m candles
  data source: twelvedata
  live quote: 4445.83
Evaluated state: PRE_SELL | spot: 4445.82759
No state change, no notification sent.
Tue Sep  1 02:05:30 UTC 2026: Scan finished OK, pinged healthcheck
Tue Sep  1 02:10:20 UTC 2026: Starting scan
  TwelveData returned 1500 5m candles
  data source: twelvedata
  live quote: 4441.88
Evaluated state: NO_TRADE | spot: 4441.87803
Tue Sep  1 02:10:27 UTC 2026: Scan finished OK, pinged healthcheck
Tue Sep  1 02:15:20 UTC 2026: Starting scan
  TwelveData returned 1500 5m candles
  data source: twelvedata
  live quote: 4445.23
Evaluated state: PRE_SELL | spot: 4445.23471
  notified -> telegram:True discord:True
Tue Sep  1 02:15:30 UTC 2026: Scan finished OK, pinged healthcheck
Tue Sep  1 02:20:20 UTC 2026: Starting scan
  TwelveData returned 1500 5m candles
  data source: twelvedata
  live quote: 4445.83
Evaluated state: PRE_SELL | spot: 4445.82759
No state change, no notification sent.
Tue Sep  1 02:20:28 UTC 2026: Scan finished OK, pinged healthcheck
Tue Sep  1 02:25:20 UTC 2026: Starting scan
  TwelveData returned 1500 5m candles
  data source: twelvedata
  live quote: 4445.23
Evaluated state: NO_TRADE | spot: 4445.23471
Tue Sep  1 02:25:27 UTC 2026: Scan finished OK, pinged healthcheck
Tue Sep  1 02:30:20 UTC 2026: Starting scan
  TwelveData returned 1500 5m candles
  data source: twelvedata
  live quote: 4441.09
Evaluated state: NO_TRADE | spot: 4441.08896
No state change, no notification sent.
Tue Sep  1 02:30:29 UTC 2026: Scan finished OK, pinged healthcheck
Tue Sep  1 02:35:20 UTC 2026: Starting scan
  TwelveData returned 1500 5m candles
  data source: twelvedata
  live quote: 4438.92
Evaluated state: NO_TRADE | spot: 4438.92045
No state change, no notification sent.
Tue Sep  1 02:35:27 UTC 2026: Scan finished OK, pinged healthcheck
Tue Sep  1 02:40:20 UTC 2026: Starting scan
  TwelveData returned 1500 5m candles
  data source: twelvedata
  live quote: 4434.00
  notified -> telegram:True discord:True
  notified -> telegram:True discord:True
Evaluated state: NO_TRADE | spot: 4433.99991
No state change, no notification sent.
Tue Sep  1 02:40:30 UTC 2026: Scan finished OK, pinged healthcheck
Tue Sep  1 02:45:20 UTC 2026: Starting scan
  TwelveData returned 1500 5m candles
  data source: twelvedata
  live quote: 4433.02
Evaluated state: NO_TRADE | spot: 4433.01711
No state change, no notification sent.
Tue Sep  1 02:45:28 UTC 2026: Scan finished OK, pinged healthcheck
Tue Sep  1 02:50:20 UTC 2026: Starting scan
  TwelveData returned 1500 5m candles
  data source: twelvedata
  live quote: 4435.77
Evaluated state: NO_TRADE | spot: 4435.77005
No state change, no notification sent.
Tue Sep  1 02:50:27 UTC 2026: Scan finished OK, pinged healthcheck
Tue Sep  1 02:55:20 UTC 2026: Starting scan
  TwelveData returned 1500 5m candles
  data source: twelvedata
  live quote: 4439.12
Evaluated state: NO_TRADE | spot: 4439.1175
No state change, no notification sent.
Tue Sep  1 02:55:26 UTC 2026: Scan finished OK, pinged healthcheck
Tue Sep  1 03:00:20 UTC 2026: Starting scan
  TwelveData returned 1500 5m candles
  data source: twelvedata
  live quote: 4442.08
Evaluated state: NO_TRADE | spot: 4442.07534
No state change, no notification sent.
Tue Sep  1 03:00:30 UTC 2026: Scan finished OK, pinged healthcheck
Tue Sep  1 03:05:20 UTC 2026: Starting scan
  TwelveData returned 1500 5m candles
  data source: twelvedata
  live quote: 4440.50
Evaluated state: NO_TRADE | spot: 4440.49734
No state change, no notification sent.
Tue Sep  1 03:05:28 UTC 2026: Scan finished OK, pinged healthcheck
Tue Sep  1 03:10:20 UTC 2026: Starting scan
  TwelveData returned 1500 5m candles
  data source: twelvedata
  live quote: 4440.69
Evaluated state: NO_TRADE | spot: 4440.69452
No state change, no notification sent.
Tue Sep  1 03:10:26 UTC 2026: Scan finished OK, pinged healthcheck
Tue Sep  1 03:15:20 UTC 2026: Starting scan
  TwelveData returned 1500 5m candles
  data source: twelvedata
  live quote: 4439.71
Evaluated state: NO_TRADE | spot: 4439.70876
No state change, no notification sent.
Tue Sep  1 03:15:29 UTC 2026: Scan finished OK, pinged healthcheck
Tue Sep  1 03:20:20 UTC 2026: Starting scan
  TwelveData returned 1500 5m candles
  data source: twelvedata
  live quote: 4437.34
Evaluated state: NO_TRADE | spot: 4437.34469
No state change, no notification sent.
Tue Sep  1 03:20:26 UTC 2026: Scan finished OK, pinged healthcheck
Tue Sep  1 03:25:20 UTC 2026: Starting scan
  TwelveData returned 1500 5m candles
  data source: twelvedata
  live quote: 4433.61
Evaluated state: NO_TRADE | spot: 4433.60674
No state change, no notification sent.
Tue Sep  1 03:25:27 UTC 2026: Scan finished OK, pinged healthcheck
Tue Sep  1 03:30:20 UTC 2026: Starting scan
  TwelveData returned 1500 5m candles
  data source: twelvedata
  live quote: 4435.18
Evaluated state: NO_TRADE | spot: 4435.17985
No state change, no notification sent.
Tue Sep  1 03:30:28 UTC 2026: Scan finished OK, pinged healthcheck
Tue Sep  1 03:35:20 UTC 2026: Starting scan
  TwelveData returned 1500 5m candles
  data source: twelvedata
  live quote: 4436.95
Evaluated state: NO_TRADE | spot: 4436.95093
No state change, no notification sent.
Tue Sep  1 03:35:27 UTC 2026: Scan finished OK, pinged healthcheck
Tue Sep  1 03:40:20 UTC 2026: Starting scan
  TwelveData returned 1500 5m candles
  data source: twelvedata
  live quote: 4436.36
Evaluated state: NO_TRADE | spot: 4436.36041
No state change, no notification sent.
Tue Sep  1 03:40:27 UTC 2026: Scan finished OK, pinged healthcheck
Tue Sep  1 03:45:20 UTC 2026: Starting scan
  TwelveData returned 1500 5m candles
  data source: twelvedata
  live quote: 4438.53
Evaluated state: NO_TRADE | spot: 4438.52641
No state change, no notification sent.
Tue Sep  1 03:45:27 UTC 2026: Scan finished OK, pinged healthcheck
Tue Sep  1 03:50:20 UTC 2026: Starting scan
  TwelveData returned 1500 5m candles
  data source: twelvedata
  live quote: 4441.09
Evaluated state: PRE_BUY | spot: 4441.08896
  notified -> telegram:True discord:True
Tue Sep  1 03:50:28 UTC 2026: Scan finished OK, pinged healthcheck
Tue Sep  1 03:55:20 UTC 2026: Starting scan
  TwelveData returned 1500 5m candles
  data source: twelvedata
  live quote: 4441.48
Evaluated state: PRE_BUY | spot: 4441.48346
No state change, no notification sent.
Tue Sep  1 03:55:27 UTC 2026: Scan finished OK, pinged healthcheck
Tue Sep  1 04:00:20 UTC 2026: Starting scan
  TwelveData returned 1500 5m candles
  data source: twelvedata
  live quote: 4437.34
Evaluated state: PRE_SELL | spot: 4437.34469
  notified -> telegram:True discord:True
Tue Sep  1 04:00:35 UTC 2026: Scan finished OK, pinged healthcheck
Tue Sep  1 04:05:20 UTC 2026: Starting scan
  TwelveData returned 1500 5m candles
  data source: twelvedata
  live quote: 4436.75
Evaluated state: NO_TRADE | spot: 4436.75407
Tue Sep  1 04:05:27 UTC 2026: Scan finished OK, pinged healthcheck
Tue Sep  1 04:10:20 UTC 2026: Starting scan
  TwelveData returned 1500 5m candles
  data source: twelvedata
  live quote: 4432.62
Evaluated state: NO_TRADE | spot: 4432.62411
No state change, no notification sent.
Tue Sep  1 04:10:25 UTC 2026: Scan finished OK, pinged healthcheck
Tue Sep  1 04:15:20 UTC 2026: Starting scan
  TwelveData returned 1500 5m candles
  data source: twelvedata
  live quote: 4431.64
  notified -> telegram:True discord:True
Evaluated state: NO_TRADE | spot: 4431.64192
No state change, no notification sent.
Tue Sep  1 04:15:29 UTC 2026: Scan finished OK, pinged healthcheck
Tue Sep  1 04:20:20 UTC 2026: Starting scan
  TwelveData returned 1500 5m candles
  data source: twelvedata
  live quote: 4430.66
Evaluated state: NO_TRADE | spot: 4430.66017
No state change, no notification sent.
Tue Sep  1 04:20:25 UTC 2026: Scan finished OK, pinged healthcheck
Tue Sep  1 04:25:20 UTC 2026: Starting scan
  TwelveData returned 1500 5m candles
  data source: twelvedata
  live quote: 4432.43
Evaluated state: NO_TRADE | spot: 4432.42764
No state change, no notification sent.
Tue Sep  1 04:25:26 UTC 2026: Scan finished OK, pinged healthcheck
Tue Sep  1 04:30:20 UTC 2026: Starting scan
  TwelveData returned 1500 5m candles
  data source: twelvedata
  live quote: 4430.27
Evaluated state: NO_TRADE | spot: 4430.26759
No state change, no notification sent.
Tue Sep  1 04:30:27 UTC 2026: Scan finished OK, pinged healthcheck
Tue Sep  1 04:35:20 UTC 2026: Starting scan
  TwelveData returned 1500 5m candles
  data source: twelvedata
  live quote: 4429.68
  notified -> telegram:True discord:True
Evaluated state: NO_TRADE | spot: 4429.67885
No state change, no notification sent.
Tue Sep  1 04:35:27 UTC 2026: Scan finished OK, pinged healthcheck
Tue Sep  1 04:40:20 UTC 2026: Starting scan
  TwelveData returned 1500 5m candles
  data source: twelvedata
  live quote: 4430.07
Evaluated state: NO_TRADE | spot: 4430.07132
No state change, no notification sent.
Tue Sep  1 04:40:25 UTC 2026: Scan finished OK, pinged healthcheck
Tue Sep  1 04:45:20 UTC 2026: Starting scan
  TwelveData returned 1500 5m candles
  data source: twelvedata
  live quote: 4428.50
Evaluated state: NO_TRADE | spot: 4428.50184
No state change, no notification sent.
Tue Sep  1 04:45:26 UTC 2026: Scan finished OK, pinged healthcheck
Tue Sep  1 04:50:20 UTC 2026: Starting scan
  TwelveData returned 1500 5m candles
  data source: twelvedata
  live quote: 4427.33
Evaluated state: NO_TRADE | spot: 4427.32545
No state change, no notification sent.
Tue Sep  1 04:50:26 UTC 2026: Scan finished OK, pinged healthcheck
Tue Sep  1 04:55:20 UTC 2026: Starting scan
  TwelveData returned 1500 5m candles
  data source: twelvedata
  live quote: 4429.48
Evaluated state: NO_TRADE | spot: 4429.48264
No state change, no notification sent.
Tue Sep  1 04:55:25 UTC 2026: Scan finished OK, pinged healthcheck
Tue Sep  1 05:00:20 UTC 2026: Starting scan
  TwelveData returned 1500 5m candles
  data source: twelvedata
  live quote: 4427.13
Evaluated state: NO_TRADE | spot: 4427.12945
No state change, no notification sent.
Tue Sep  1 05:00:26 UTC 2026: Scan finished OK, pinged healthcheck
Tue Sep  1 05:05:20 UTC 2026: Starting scan
  TwelveData returned 1500 5m candles
  data source: twelvedata
  live quote: 4430.66
Evaluated state: NO_TRADE | spot: 4430.66017
No state change, no notification sent.
Tue Sep  1 05:05:26 UTC 2026: Scan finished OK, pinged healthcheck
Tue Sep  1 05:10:20 UTC 2026: Starting scan
  TwelveData returned 1500 5m candles
  data source: twelvedata
  live quote: 4430.86
Evaluated state: NO_TRADE | spot: 4430.85648
No state change, no notification sent.
Tue Sep  1 05:10:26 UTC 2026: Scan finished OK, pinged healthcheck
Tue Sep  1 05:15:20 UTC 2026: Starting scan
  TwelveData returned 1500 5m candles
  data source: twelvedata
  live quote: 4430.27
Evaluated state: NO_TRADE | spot: 4430.26759
No state change, no notification sent.
Tue Sep  1 05:15:27 UTC 2026: Scan finished OK, pinged healthcheck
Tue Sep  1 05:20:20 UTC 2026: Starting scan
  TwelveData returned 1500 5m candles
  data source: twelvedata
  live quote: 4425.76
Evaluated state: NO_TRADE | spot: 4425.75791
No state change, no notification sent.
Tue Sep  1 05:20:26 UTC 2026: Scan finished OK, pinged healthcheck
Tue Sep  1 05:25:20 UTC 2026: Starting scan
  TwelveData returned 1500 5m candles
  data source: twelvedata
  live quote: 4426.74
Evaluated state: NO_TRADE | spot: 4426.73749
No state change, no notification sent.
Tue Sep  1 05:25:25 UTC 2026: Scan finished OK, pinged healthcheck
Tue Sep  1 05:30:20 UTC 2026: Starting scan
  TwelveData returned 1500 5m candles
  data source: twelvedata
  live quote: 4427.33
Evaluated state: NO_TRADE | spot: 4427.32545
No state change, no notification sent.
Tue Sep  1 05:30:28 UTC 2026: Scan finished OK, pinged healthcheck
Tue Sep  1 05:35:20 UTC 2026: Starting scan
  TwelveData returned 1500 5m candles
  data source: twelvedata
  live quote: 4433.61
Evaluated state: NO_TRADE | spot: 4433.60674
No state change, no notification sent.
Tue Sep  1 05:35:26 UTC 2026: Scan finished OK, pinged healthcheck
Tue Sep  1 05:40:20 UTC 2026: Starting scan
  TwelveData returned 1500 5m candles
  data source: twelvedata
  live quote: 4441.09
Evaluated state: PRE_BUY | spot: 4441.08896
  notified -> telegram:True discord:True
Tue Sep  1 05:40:27 UTC 2026: Scan finished OK, pinged healthcheck
Tue Sep  1 05:45:20 UTC 2026: Starting scan
  TwelveData returned 1500 5m candles
  data source: twelvedata
  live quote: 4441.68
Evaluated state: NO_TRADE | spot: 4441.68073
Tue Sep  1 05:45:27 UTC 2026: Scan finished OK, pinged healthcheck
Tue Sep  1 05:50:20 UTC 2026: Starting scan
  TwelveData returned 1500 5m candles
  data source: twelvedata
  live quote: 4445.23
  notified -> telegram:True discord:True
Evaluated state: NO_TRADE | spot: 4445.23471
No state change, no notification sent.
Tue Sep  1 05:50:27 UTC 2026: Scan finished OK, pinged healthcheck
Tue Sep  1 05:55:20 UTC 2026: Starting scan
  TwelveData returned 1500 5m candles
  data source: twelvedata
  live quote: 4442.86
Evaluated state: NO_TRADE | spot: 4442.86476
No state change, no notification sent.
Tue Sep  1 05:55:26 UTC 2026: Scan finished OK, pinged healthcheck
Tue Sep  1 06:00:20 UTC 2026: Starting scan
  TwelveData returned 1500 5m candles
  data source: twelvedata
  live quote: 4440.89
Evaluated state: NO_TRADE | spot: 4440.89173
No state change, no notification sent.
Tue Sep  1 06:00:27 UTC 2026: Scan finished OK, pinged healthcheck
Tue Sep  1 06:05:20 UTC 2026: Starting scan
  TwelveData returned 1500 5m candles
  data source: twelvedata
  live quote: 4436.56
Evaluated state: PRE_BUY | spot: 4436.55723
  notified -> telegram:True discord:True
Tue Sep  1 06:05:28 UTC 2026: Scan finished OK, pinged healthcheck
Tue Sep  1 06:10:20 UTC 2026: Starting scan
  fetch attempt 1/3 failed: 520 Server Error: <none> for url: https://api.twelvedata.com/time_series?symbol=XAU/USD&interval=5min&outputsize=1500&timezone=UTC&order=ASC&apikey=c31c0cdced904fa3a0773f41bad78449
  fetch attempt 2/3 failed: 500 Server Error: Internal Server Error for url: https://api.twelvedata.com/time_series?symbol=XAU/USD&interval=5min&outputsize=1500&timezone=UTC&order=ASC&apikey=c31c0cdced904fa3a0773f41bad78449
  fetch attempt 3/3 failed: 520 Server Error: <none> for url: https://api.twelvedata.com/time_series?symbol=XAU/USD&interval=5min&outputsize=1500&timezone=UTC&order=ASC&apikey=c31c0cdced904fa3a0773f41bad78449
TwelveData unavailable, falling back to tick feed: 520 Server Error: <none> for url: https://api.twelvedata.com/time_series?symbol=XAU/USD&interval=5min&outputsize=1500&timezone=UTC&order=ASC&apikey=c31c0cdced904fa3a0773f41bad78449
  fetch attempt 1/3 failed: 503 Server Error: Service Unavailable for url: https://xaus.com/api/v1/intraday?symbol=xau&hours=48
  fetch attempt 2/3 failed: 503 Server Error: Service Unavailable for url: https://xaus.com/api/v1/intraday?symbol=xau&hours=48
  fetch attempt 3/3 failed: 503 Server Error: Service Unavailable for url: https://xaus.com/api/v1/intraday?symbol=xau&hours=48
Data fetch failed: 503 Server Error: Service Unavailable for url: https://xaus.com/api/v1/intraday?symbol=xau&hours=48
Telegram send failed: 400 {"ok":false,"error_code":400,"description":"Bad Request: can't parse entities: Unsupported start tag \"none\" at byte offset 136"}
  notified -> telegram:False discord:True
Tue Sep  1 06:10:40 UTC 2026: Scan finished OK, pinged healthcheck
Tue Sep  1 06:15:20 UTC 2026: Starting scan
  fetch attempt 1/3 failed: HTTPSConnectionPool(host='api.twelvedata.com', port=443): Read timed out. (read timeout=30)
  fetch attempt 2/3 failed: HTTPSConnectionPool(host='api.twelvedata.com', port=443): Read timed out. (read timeout=30)
  fetch attempt 3/3 failed: 520 Server Error: <none> for url: https://api.twelvedata.com/time_series?symbol=XAU/USD&interval=5min&outputsize=1500&timezone=UTC&order=ASC&apikey=c31c0cdced904fa3a0773f41bad78449
TwelveData unavailable, falling back to tick feed: 520 Server Error: <none> for url: https://api.twelvedata.com/time_series?symbol=XAU/USD&interval=5min&outputsize=1500&timezone=UTC&order=ASC&apikey=c31c0cdced904fa3a0773f41bad78449
  fetch attempt 1/3 failed: 503 Server Error: Service Unavailable for url: https://xaus.com/api/v1/intraday?symbol=xau&hours=48
  fetch attempt 2/3 failed: 503 Server Error: Service Unavailable for url: https://xaus.com/api/v1/intraday?symbol=xau&hours=48
  fetch attempt 3/3 failed: 503 Server Error: Service Unavailable for url: https://xaus.com/api/v1/intraday?symbol=xau&hours=48
Data fetch failed: 503 Server Error: Service Unavailable for url: https://xaus.com/api/v1/intraday?symbol=xau&hours=48
Tue Sep  1 06:16:40 UTC 2026: Scan finished OK, pinged healthcheck
Tue Sep  1 06:20:20 UTC 2026: Starting scan
  fetch attempt 1/3 failed: 500 Server Error: Internal Server Error for url: https://api.twelvedata.com/time_series?symbol=XAU/USD&interval=5min&outputsize=1500&timezone=UTC&order=ASC&apikey=c31c0cdced904fa3a0773f41bad78449
  fetch attempt 2/3 failed: 520 Server Error: <none> for url: https://api.twelvedata.com/time_series?symbol=XAU/USD&interval=5min&outputsize=1500&timezone=UTC&order=ASC&apikey=c31c0cdced904fa3a0773f41bad78449
  fetch attempt 3/3 failed: 500 Server Error: Internal Server Error for url: https://api.twelvedata.com/time_series?symbol=XAU/USD&interval=5min&outputsize=1500&timezone=UTC&order=ASC&apikey=c31c0cdced904fa3a0773f41bad78449
TwelveData unavailable, falling back to tick feed: 500 Server Error: Internal Server Error for url: https://api.twelvedata.com/time_series?symbol=XAU/USD&interval=5min&outputsize=1500&timezone=UTC&order=ASC&apikey=c31c0cdced904fa3a0773f41bad78449
  fetch attempt 1/3 failed: 503 Server Error: Service Unavailable for url: https://xaus.com/api/v1/intraday?symbol=xau&hours=48
  fetch attempt 2/3 failed: 503 Server Error: Service Unavailable for url: https://xaus.com/api/v1/intraday?symbol=xau&hours=48
  fetch attempt 3/3 failed: 503 Server Error: Service Unavailable for url: https://xaus.com/api/v1/intraday?symbol=xau&hours=48
Data fetch failed: 503 Server Error: Service Unavailable for url: https://xaus.com/api/v1/intraday?symbol=xau&hours=48
Tue Sep  1 06:20:40 UTC 2026: Scan finished OK, pinged healthcheck
Tue Sep  1 06:25:20 UTC 2026: Starting scan
  fetch attempt 1/3 failed: HTTPSConnectionPool(host='api.twelvedata.com', port=443): Read timed out. (read timeout=30)
  fetch attempt 2/3 failed: HTTPSConnectionPool(host='api.twelvedata.com', port=443): Read timed out. (read timeout=30)
  fetch attempt 3/3 failed: 500 Server Error: Internal Server Error for url: https://api.twelvedata.com/time_series?symbol=XAU/USD&interval=5min&outputsize=1500&timezone=UTC&order=ASC&apikey=c31c0cdced904fa3a0773f41bad78449
TwelveData unavailable, falling back to tick feed: 500 Server Error: Internal Server Error for url: https://api.twelvedata.com/time_series?symbol=XAU/USD&interval=5min&outputsize=1500&timezone=UTC&order=ASC&apikey=c31c0cdced904fa3a0773f41bad78449
  fetch attempt 1/3 failed: 503 Server Error: Service Unavailable for url: https://xaus.com/api/v1/intraday?symbol=xau&hours=48
  fetch attempt 2/3 failed: 503 Server Error: Service Unavailable for url: https://xaus.com/api/v1/intraday?symbol=xau&hours=48
  fetch attempt 3/3 failed: 503 Server Error: Service Unavailable for url: https://xaus.com/api/v1/intraday?symbol=xau&hours=48
Data fetch failed: 503 Server Error: Service Unavailable for url: https://xaus.com/api/v1/intraday?symbol=xau&hours=48
Tue Sep  1 06:26:39 UTC 2026: Scan finished OK, pinged healthcheck
Tue Sep  1 06:30:20 UTC 2026: Starting scan
  fetch attempt 1/3 failed: 500 Server Error: Internal Server Error for url: https://api.twelvedata.com/time_series?symbol=XAU/USD&interval=5min&outputsize=1500&timezone=UTC&order=ASC&apikey=c31c0cdced904fa3a0773f41bad78449
  fetch attempt 2/3 failed: 500 Server Error: Internal Server Error for url: https://api.twelvedata.com/time_series?symbol=XAU/USD&interval=5min&outputsize=1500&timezone=UTC&order=ASC&apikey=c31c0cdced904fa3a0773f41bad78449
  fetch attempt 3/3 failed: 500 Server Error: Internal Server Error for url: https://api.twelvedata.com/time_series?symbol=XAU/USD&interval=5min&outputsize=1500&timezone=UTC&order=ASC&apikey=c31c0cdced904fa3a0773f41bad78449
TwelveData unavailable, falling back to tick feed: 500 Server Error: Internal Server Error for url: https://api.twelvedata.com/time_series?symbol=XAU/USD&interval=5min&outputsize=1500&timezone=UTC&order=ASC&apikey=c31c0cdced904fa3a0773f41bad78449
  fetch attempt 1/3 failed: 503 Server Error: Service Unavailable for url: https://xaus.com/api/v1/intraday?symbol=xau&hours=48
  fetch attempt 2/3 failed: 503 Server Error: Service Unavailable for url: https://xaus.com/api/v1/intraday?symbol=xau&hours=48
  fetch attempt 3/3 failed: 503 Server Error: Service Unavailable for url: https://xaus.com/api/v1/intraday?symbol=xau&hours=48
Data fetch failed: 503 Server Error: Service Unavailable for url: https://xaus.com/api/v1/intraday?symbol=xau&hours=48
Tue Sep  1 06:30:40 UTC 2026: Scan finished OK, pinged healthcheck
Tue Sep  1 06:35:20 UTC 2026: Starting scan
  fetch attempt 1/3 failed: 500 Server Error: Internal Server Error for url: https://api.twelvedata.com/time_series?symbol=XAU/USD&interval=5min&outputsize=1500&timezone=UTC&order=ASC&apikey=c31c0cdced904fa3a0773f41bad78449
  fetch attempt 2/3 failed: 500 Server Error: Internal Server Error for url: https://api.twelvedata.com/time_series?symbol=XAU/USD&interval=5min&outputsize=1500&timezone=UTC&order=ASC&apikey=c31c0cdced904fa3a0773f41bad78449
  fetch attempt 3/3 failed: 500 Server Error: Internal Server Error for url: https://api.twelvedata.com/time_series?symbol=XAU/USD&interval=5min&outputsize=1500&timezone=UTC&order=ASC&apikey=c31c0cdced904fa3a0773f41bad78449
TwelveData unavailable, falling back to tick feed: 500 Server Error: Internal Server Error for url: https://api.twelvedata.com/time_series?symbol=XAU/USD&interval=5min&outputsize=1500&timezone=UTC&order=ASC&apikey=c31c0cdced904fa3a0773f41bad78449
  fetch attempt 1/3 failed: 503 Server Error: Service Unavailable for url: https://xaus.com/api/v1/intraday?symbol=xau&hours=48
  fetch attempt 2/3 failed: 503 Server Error: Service Unavailable for url: https://xaus.com/api/v1/intraday?symbol=xau&hours=48
  fetch attempt 3/3 failed: 503 Server Error: Service Unavailable for url: https://xaus.com/api/v1/intraday?symbol=xau&hours=48
Data fetch failed: 503 Server Error: Service Unavailable for url: https://xaus.com/api/v1/intraday?symbol=xau&hours=48
Tue Sep  1 06:35:40 UTC 2026: Scan finished OK, pinged healthcheck
Tue Sep  1 06:40:20 UTC 2026: Starting scan
  fetch attempt 1/3 failed: 500 Server Error: Internal Server Error for url: https://api.twelvedata.com/time_series?symbol=XAU/USD&interval=5min&outputsize=1500&timezone=UTC&order=ASC&apikey=c31c0cdced904fa3a0773f41bad78449
  fetch attempt 2/3 failed: 500 Server Error: Internal Server Error for url: https://api.twelvedata.com/time_series?symbol=XAU/USD&interval=5min&outputsize=1500&timezone=UTC&order=ASC&apikey=c31c0cdced904fa3a0773f41bad78449
  fetch attempt 3/3 failed: 500 Server Error: Internal Server Error for url: https://api.twelvedata.com/time_series?symbol=XAU/USD&interval=5min&outputsize=1500&timezone=UTC&order=ASC&apikey=c31c0cdced904fa3a0773f41bad78449
TwelveData unavailable, falling back to tick feed: 500 Server Error: Internal Server Error for url: https://api.twelvedata.com/time_series?symbol=XAU/USD&interval=5min&outputsize=1500&timezone=UTC&order=ASC&apikey=c31c0cdced904fa3a0773f41bad78449
  fetch attempt 1/3 failed: 503 Server Error: Service Unavailable for url: https://xaus.com/api/v1/intraday?symbol=xau&hours=48
  fetch attempt 2/3 failed: 503 Server Error: Service Unavailable for url: https://xaus.com/api/v1/intraday?symbol=xau&hours=48
  fetch attempt 3/3 failed: 503 Server Error: Service Unavailable for url: https://xaus.com/api/v1/intraday?symbol=xau&hours=48
Data fetch failed: 503 Server Error: Service Unavailable for url: https://xaus.com/api/v1/intraday?symbol=xau&hours=48
Tue Sep  1 06:40:41 UTC 2026: Scan finished OK, pinged healthcheck
Tue Sep  1 06:45:20 UTC 2026: Starting scan
  TwelveData returned 1500 5m candles
  data source: twelvedata
  live quote: 4438.17
Evaluated state: NO_TRADE | spot: 4438.17105
Tue Sep  1 06:45:32 UTC 2026: Scan finished OK, pinged healthcheck
Tue Sep  1 06:50:20 UTC 2026: Starting scan
  TwelveData returned 1500 5m candles
  data source: twelvedata
  live quote: 4430.46
Evaluated state: PRE_SELL | spot: 4430.46387
  notified -> telegram:True discord:True
Tue Sep  1 06:50:29 UTC 2026: Scan finished OK, pinged healthcheck
Tue Sep  1 06:55:20 UTC 2026: Starting scan
  TwelveData returned 1500 5m candles
  data source: twelvedata
  live quote: 4430.27
  notified -> telegram:True discord:True
Evaluated state: PRE_SELL | spot: 4430.26759
No state change, no notification sent.
Tue Sep  1 06:55:28 UTC 2026: Scan finished OK, pinged healthcheck
Tue Sep  1 07:00:20 UTC 2026: Starting scan
  TwelveData returned 1500 5m candles
  data source: twelvedata
  live quote: 4430.07
Evaluated state: PRE_SELL | spot: 4430.07132
No state change, no notification sent.
Tue Sep  1 07:00:37 UTC 2026: Scan finished OK, pinged healthcheck
Tue Sep  1 07:05:20 UTC 2026: Starting scan
  TwelveData returned 1500 5m candles
  data source: twelvedata
  live quote: 4433.02
Evaluated state: NO_TRADE | spot: 4433.01711
Tue Sep  1 07:05:27 UTC 2026: Scan finished OK, pinged healthcheck
Tue Sep  1 07:10:20 UTC 2026: Starting scan
  TwelveData returned 1500 5m candles
  data source: twelvedata
  live quote: 4430.46
Evaluated state: PRE_SELL | spot: 4430.46387
  notified -> telegram:True discord:True
Tue Sep  1 07:10:29 UTC 2026: Scan finished OK, pinged healthcheck
Tue Sep  1 07:15:20 UTC 2026: Starting scan
  TwelveData returned 1500 5m candles
  data source: twelvedata
  live quote: 4431.25
Evaluated state: NO_TRADE | spot: 4431.24917
Tue Sep  1 07:15:28 UTC 2026: Scan finished OK, pinged healthcheck
Tue Sep  1 07:20:20 UTC 2026: Starting scan
  TwelveData returned 1500 5m candles
  data source: twelvedata
  live quote: 4429.29
Evaluated state: NO_TRADE | spot: 4429.28644
No state change, no notification sent.
Tue Sep  1 07:20:28 UTC 2026: Scan finished OK, pinged healthcheck
Tue Sep  1 07:25:20 UTC 2026: Starting scan
  TwelveData returned 1500 5m candles
  data source: twelvedata
  live quote: 4428.31
Evaluated state: NO_TRADE | spot: 4428.30573
No state change, no notification sent.
Tue Sep  1 07:25:26 UTC 2026: Scan finished OK, pinged healthcheck
Tue Sep  1 07:30:20 UTC 2026: Starting scan
  TwelveData returned 1500 5m candles
  data source: twelvedata
  live quote: 4427.52
Evaluated state: NO_TRADE | spot: 4427.52147
No state change, no notification sent.
Tue Sep  1 07:30:29 UTC 2026: Scan finished OK, pinged healthcheck
Tue Sep  1 07:35:20 UTC 2026: Starting scan
  TwelveData returned 1500 5m candles
  data source: twelvedata
  live quote: 4427.33
Evaluated state: NO_TRADE | spot: 4427.32545
No state change, no notification sent.
Tue Sep  1 07:35:26 UTC 2026: Scan finished OK, pinged healthcheck
Tue Sep  1 07:40:20 UTC 2026: Starting scan
  TwelveData returned 1500 5m candles
  data source: twelvedata
  live quote: 4420.08
  notified -> telegram:True discord:True
Evaluated state: PRE_SELL | spot: 4420.08487
  notified -> telegram:True discord:True
Tue Sep  1 07:40:28 UTC 2026: Scan finished OK, pinged healthcheck
Tue Sep  1 07:45:20 UTC 2026: Starting scan
  TwelveData returned 1500 5m candles
  data source: twelvedata
  live quote: 4419.11
  notified -> telegram:True discord:True
Evaluated state: PRE_SELL | spot: 4419.10822
No state change, no notification sent.
Tue Sep  1 07:45:28 UTC 2026: Scan finished OK, pinged healthcheck
Tue Sep  1 07:50:20 UTC 2026: Starting scan
  TwelveData returned 1500 5m candles
  data source: twelvedata
  live quote: 4421.65
Evaluated state: PRE_SELL | spot: 4421.64839
No state change, no notification sent.
Tue Sep  1 07:50:27 UTC 2026: Scan finished OK, pinged healthcheck
Tue Sep  1 07:55:20 UTC 2026: Starting scan
  TwelveData returned 1500 5m candles
  data source: twelvedata
  live quote: 4419.69
Evaluated state: PRE_SELL | spot: 4419.69416
No state change, no notification sent.
Tue Sep  1 07:55:27 UTC 2026: Scan finished OK, pinged healthcheck
Tue Sep  1 08:00:20 UTC 2026: Starting scan
  fetch attempt 1/3 failed: HTTPSConnectionPool(host='api.twelvedata.com', port=443): Read timed out.
  TwelveData returned 1500 5m candles
  data source: twelvedata
  fetch attempt 1/2 failed: 502 Server Error: Bad Gateway for url: https://api.twelvedata.com/price?symbol=XAU/USD&apikey=c31c0cdced904fa3a0773f41bad78449
  live quote: 4418.13
Evaluated state: PRE_SELL | spot: 4418.13201
No state change, no notification sent.
Tue Sep  1 08:01:40 UTC 2026: Scan finished OK, pinged healthcheck
Tue Sep  1 08:05:20 UTC 2026: Starting scan
  TwelveData returned 1500 5m candles
  data source: twelvedata
  live quote: 4413.45
Evaluated state: PRE_SELL | spot: 4413.4522
No state change, no notification sent.
Tue Sep  1 08:05:27 UTC 2026: Scan finished OK, pinged healthcheck
Tue Sep  1 08:10:20 UTC 2026: Starting scan
  TwelveData returned 1500 5m candles
  data source: twelvedata
  live quote: 4403.54
  notified -> telegram:True discord:True
Evaluated state: PRE_SELL | spot: 4403.54045
No state change, no notification sent.
Tue Sep  1 08:10:29 UTC 2026: Scan finished OK, pinged healthcheck
Tue Sep  1 08:15:20 UTC 2026: Starting scan
  TwelveData returned 1500 5m candles
  data source: twelvedata
  live quote: 4405.09
Data warnings: feed disagrees with itself — spot $4405.09 vs candle $4399.94 ($5.15 apart)
Evaluated state: PRE_SELL | spot: 4405.09229
No state change, no notification sent.
Tue Sep  1 08:15:28 UTC 2026: Scan finished OK, pinged healthcheck
Tue Sep  1 08:20:20 UTC 2026: Starting scan
  TwelveData returned 1500 5m candles
  data source: twelvedata
  live quote: 4396.18
Evaluated state: NO_TRADE | spot: 4396.18411
Tue Sep  1 08:20:27 UTC 2026: Scan finished OK, pinged healthcheck
Tue Sep  1 08:25:20 UTC 2026: Starting scan
  TwelveData returned 1500 5m candles
  data source: twelvedata
  live quote: 4386.54
Evaluated state: NO_TRADE | spot: 4386.54209
No state change, no notification sent.
Tue Sep  1 08:25:28 UTC 2026: Scan finished OK, pinged healthcheck
Tue Sep  1 08:30:20 UTC 2026: Starting scan
  TwelveData returned 1500 5m candles
  data source: twelvedata
  live quote: 4383.66
Evaluated state: PRE_SELL | spot: 4383.65772
  notified -> telegram:True discord:True
Tue Sep  1 08:30:29 UTC 2026: Scan finished OK, pinged healthcheck
Tue Sep  1 08:35:20 UTC 2026: Starting scan
  TwelveData returned 1500 5m candles
  data source: twelvedata
  live quote: 4374.07
Evaluated state: NO_TRADE | spot: 4374.07051
Tue Sep  1 08:35:27 UTC 2026: Scan finished OK, pinged healthcheck
Tue Sep  1 08:40:20 UTC 2026: Starting scan
  TwelveData returned 1500 5m candles
  data source: twelvedata
  live quote: 4374.07
Evaluated state: NO_TRADE | spot: 4374.07051
No state change, no notification sent.
Tue Sep  1 08:40:26 UTC 2026: Scan finished OK, pinged healthcheck
Tue Sep  1 08:45:20 UTC 2026: Starting scan
  TwelveData returned 1500 5m candles
  data source: twelvedata
  live quote: 4374.64
Evaluated state: PRE_SELL | spot: 4374.64456
  notified -> telegram:True discord:True
Tue Sep  1 08:45:31 UTC 2026: Scan finished OK, pinged healthcheck
Tue Sep  1 08:50:20 UTC 2026: Starting scan
  TwelveData returned 1500 5m candles
  data source: twelvedata
  live quote: 4376.56
Evaluated state: PRE_SELL | spot: 4376.55915
No state change, no notification sent.
Tue Sep  1 08:50:29 UTC 2026: Scan finished OK, pinged healthcheck
Tue Sep  1 08:55:20 UTC 2026: Starting scan
  TwelveData returned 1500 5m candles
  data source: twelvedata
  live quote: 4374.64
Evaluated state: PRE_SELL | spot: 4374.64456
No state change, no notification sent.
Tue Sep  1 08:55:29 UTC 2026: Scan finished OK, pinged healthcheck
Tue Sep  1 09:00:20 UTC 2026: Starting scan
  TwelveData returned 1500 5m candles
  data source: twelvedata
  live quote: 4372.35
Evaluated state: PRE_SELL | spot: 4372.34926
No state change, no notification sent.
Tue Sep  1 09:00:29 UTC 2026: Scan finished OK, pinged healthcheck
Tue Sep  1 09:05:20 UTC 2026: Starting scan
  TwelveData returned 1500 5m candles
  data source: twelvedata
  live quote: 4373.69
  notified -> telegram:True discord:True
Evaluated state: PRE_SELL | spot: 4373.68789
No state change, no notification sent.
Tue Sep  1 09:05:30 UTC 2026: Scan finished OK, pinged healthcheck
Tue Sep  1 09:10:20 UTC 2026: Starting scan
  TwelveData returned 1500 5m candles
  data source: twelvedata
  live quote: 4372.73
Evaluated state: PRE_SELL | spot: 4372.73165
No state change, no notification sent.
Tue Sep  1 09:10:27 UTC 2026: Scan finished OK, pinged healthcheck
Tue Sep  1 09:15:20 UTC 2026: Starting scan
  TwelveData returned 1500 5m candles
  data source: twelvedata
  live quote: 4375.22
Evaluated state: PRE_SELL | spot: 4375.21876
No state change, no notification sent.
Tue Sep  1 09:15:31 UTC 2026: Scan finished OK, pinged healthcheck
Tue Sep  1 09:20:20 UTC 2026: Starting scan
  TwelveData returned 1500 5m candles
  data source: twelvedata
  live quote: 4376.18
Evaluated state: PRE_SELL | spot: 4376.1761
No state change, no notification sent.
Tue Sep  1 09:20:27 UTC 2026: Scan finished OK, pinged healthcheck
Tue Sep  1 09:25:20 UTC 2026: Starting scan
  TwelveData returned 1500 5m candles
  data source: twelvedata
  live quote: 4375.22
Evaluated state: PRE_SELL | spot: 4375.21876
No state change, no notification sent.
Tue Sep  1 09:25:27 UTC 2026: Scan finished OK, pinged healthcheck
Tue Sep  1 09:30:20 UTC 2026: Starting scan
  TwelveData returned 1500 5m candles
  data source: twelvedata
  live quote: 4372.54
Evaluated state: PRE_SELL | spot: 4372.54045
No state change, no notification sent.
Tue Sep  1 09:30:30 UTC 2026: Scan finished OK, pinged healthcheck
Tue Sep  1 09:35:20 UTC 2026: Starting scan
  TwelveData returned 1500 5m candles
  data source: twelvedata
  live quote: 4369.29
Evaluated state: PRE_SELL | spot: 4369.29261
No state change, no notification sent.
Tue Sep  1 09:35:27 UTC 2026: Scan finished OK, pinged healthcheck
Tue Sep  1 09:40:20 UTC 2026: Starting scan
  TwelveData returned 1500 5m candles
  data source: twelvedata
  live quote: 4367.38
Evaluated state: PRE_SELL | spot: 4367.38437
No state change, no notification sent.
Tue Sep  1 09:40:27 UTC 2026: Scan finished OK, pinged healthcheck
Tue Sep  1 09:45:20 UTC 2026: Starting scan
  TwelveData returned 1500 5m candles
  data source: twelvedata
  live quote: 4369.67
Evaluated state: PRE_SELL | spot: 4369.67446
No state change, no notification sent.
Tue Sep  1 09:45:28 UTC 2026: Scan finished OK, pinged healthcheck
Tue Sep  1 09:50:20 UTC 2026: Starting scan
  TwelveData returned 1500 5m candles
  data source: twelvedata
  live quote: 4371.20
Evaluated state: PRE_SELL | spot: 4371.20252
No state change, no notification sent.
Tue Sep  1 09:50:26 UTC 2026: Scan finished OK, pinged healthcheck
Tue Sep  1 09:55:20 UTC 2026: Starting scan
  TwelveData returned 1500 5m candles
  data source: twelvedata
  live quote: 4370.25
Evaluated state: PRE_SELL | spot: 4370.24736
No state change, no notification sent.
Tue Sep  1 09:55:26 UTC 2026: Scan finished OK, pinged healthcheck
Tue Sep  1 10:00:20 UTC 2026: Starting scan
  TwelveData returned 1500 5m candles
  data source: twelvedata
  live quote: 4367.19
Evaluated state: PRE_SELL | spot: 4367.19364
No state change, no notification sent.
Tue Sep  1 10:00:31 UTC 2026: Scan finished OK, pinged healthcheck
Tue Sep  1 10:05:20 UTC 2026: Starting scan
  TwelveData returned 1500 5m candles
  data source: twelvedata
  live quote: 4367.96
Evaluated state: PRE_SELL | spot: 4367.95667
No state change, no notification sent.
Tue Sep  1 10:05:27 UTC 2026: Scan finished OK, pinged healthcheck
Tue Sep  1 10:10:20 UTC 2026: Starting scan
  TwelveData returned 1500 5m candles
  data source: twelvedata
  live quote: 4372.35
Evaluated state: PRE_SELL | spot: 4372.34926
No state change, no notification sent.
Tue Sep  1 10:10:26 UTC 2026: Scan finished OK, pinged healthcheck
Tue Sep  1 10:15:20 UTC 2026: Starting scan
  TwelveData returned 1500 5m candles
  data source: twelvedata
  live quote: 4380.59
Evaluated state: NO_TRADE | spot: 4380.58525
Tue Sep  1 10:15:30 UTC 2026: Scan finished OK, pinged healthcheck
Tue Sep  1 10:20:20 UTC 2026: Starting scan
  TwelveData returned 1500 5m candles
  data source: twelvedata
  live quote: 4381.54
Evaluated state: NO_TRADE | spot: 4381.54493
No state change, no notification sent.
Tue Sep  1 10:20:26 UTC 2026: Scan finished OK, pinged healthcheck
Tue Sep  1 10:25:20 UTC 2026: Starting scan
  TwelveData returned 1500 5m candles
  data source: twelvedata
  live quote: 4384.23
Evaluated state: NO_TRADE | spot: 4384.23429
No state change, no notification sent.
Tue Sep  1 10:25:27 UTC 2026: Scan finished OK, pinged healthcheck
Tue Sep  1 10:30:20 UTC 2026: Starting scan
  TwelveData returned 1500 5m candles
  data source: twelvedata
  live quote: 4385.39
Evaluated state: NO_TRADE | spot: 4385.38789
No state change, no notification sent.
Tue Sep  1 10:30:32 UTC 2026: Scan finished OK, pinged healthcheck
Tue Sep  1 10:35:20 UTC 2026: Starting scan
  TwelveData returned 1500 5m candles
  data source: twelvedata
  live quote: 4383.08
Evaluated state: NO_TRADE | spot: 4383.08131
No state change, no notification sent.
Tue Sep  1 10:35:26 UTC 2026: Scan finished OK, pinged healthcheck
Tue Sep  1 10:40:20 UTC 2026: Starting scan
  TwelveData returned 1500 5m candles
  data source: twelvedata
  live quote: 4384.62
Evaluated state: NO_TRADE | spot: 4384.61876
No state change, no notification sent.
Tue Sep  1 10:40:27 UTC 2026: Scan finished OK, pinged healthcheck
Tue Sep  1 10:45:20 UTC 2026: Starting scan
  TwelveData returned 1500 5m candles
  data source: twelvedata
  live quote: 4383.27
Evaluated state: NO_TRADE | spot: 4383.27343
No state change, no notification sent.
Tue Sep  1 10:45:28 UTC 2026: Scan finished OK, pinged healthcheck
Tue Sep  1 10:50:20 UTC 2026: Starting scan
  TwelveData returned 1500 5m candles
  data source: twelvedata
  live quote: 4378.28
Evaluated state: NO_TRADE | spot: 4378.28371
No state change, no notification sent.
Tue Sep  1 10:50:26 UTC 2026: Scan finished OK, pinged healthcheck
Tue Sep  1 10:55:20 UTC 2026: Starting scan
  TwelveData returned 1500 5m candles
  data source: twelvedata
  live quote: 4375.60
Evaluated state: NO_TRADE | spot: 4375.60165
No state change, no notification sent.
Tue Sep  1 10:55:26 UTC 2026: Scan finished OK, pinged healthcheck
Tue Sep  1 11:00:20 UTC 2026: Starting scan
  TwelveData returned 1500 5m candles
  data source: twelvedata
  live quote: 4378.86
Evaluated state: NO_TRADE | spot: 4378.85887
No state change, no notification sent.
Tue Sep  1 11:00:28 UTC 2026: Scan finished OK, pinged healthcheck
Tue Sep  1 11:05:20 UTC 2026: Starting scan
  TwelveData returned 1500 5m candles
  data source: twelvedata
  live quote: 4380.01
Outside trading session window (PKT). Skipping evaluation.
Tue Sep  1 11:05:27 UTC 2026: Scan finished OK, pinged healthcheck
Tue Sep  1 11:10:20 UTC 2026: Starting scan
  TwelveData returned 1500 5m candles
  data source: twelvedata
  live quote: 4381.54
Outside trading session window (PKT). Skipping evaluation.
Tue Sep  1 11:10:27 UTC 2026: Scan finished OK, pinged healthcheck
Tue Sep  1 11:15:20 UTC 2026: Starting scan
  TwelveData returned 1500 5m candles
  data source: twelvedata
  live quote: 4379.24
Outside trading session window (PKT). Skipping evaluation.
Tue Sep  1 11:15:27 UTC 2026: Scan finished OK, pinged healthcheck
Tue Sep  1 11:20:20 UTC 2026: Starting scan
  TwelveData returned 1500 5m candles
  data source: twelvedata
  live quote: 4376.75
Outside trading session window (PKT). Skipping evaluation.
Tue Sep  1 11:20:26 UTC 2026: Scan finished OK, pinged healthcheck
Tue Sep  1 11:25:20 UTC 2026: Starting scan
  TwelveData returned 1500 5m candles
  data source: twelvedata
  live quote: 4377.52
Outside trading session window (PKT). Skipping evaluation.
Tue Sep  1 11:25:26 UTC 2026: Scan finished OK, pinged healthcheck
Tue Sep  1 11:30:20 UTC 2026: Starting scan
  TwelveData returned 1500 5m candles
  data source: twelvedata
  live quote: 4381.16
Outside trading session window (PKT). Skipping evaluation.
Tue Sep  1 11:30:31 UTC 2026: Scan finished OK, pinged healthcheck
Tue Sep  1 11:35:20 UTC 2026: Starting scan
  TwelveData returned 1500 5m candles
  data source: twelvedata
  live quote: 4380.78
Outside trading session window (PKT). Skipping evaluation.
Tue Sep  1 11:35:26 UTC 2026: Scan finished OK, pinged healthcheck
Tue Sep  1 11:40:20 UTC 2026: Starting scan
  TwelveData returned 1500 5m candles
  data source: twelvedata
  live quote: 4383.08
Outside trading session window (PKT). Skipping evaluation.
Tue Sep  1 11:40:26 UTC 2026: Scan finished OK, pinged healthcheck
Tue Sep  1 11:45:20 UTC 2026: Starting scan
  TwelveData returned 1500 5m candles
  data source: twelvedata
  live quote: 4384.43
Outside trading session window (PKT). Skipping evaluation.
Tue Sep  1 11:45:27 UTC 2026: Scan finished OK, pinged healthcheck
Tue Sep  1 11:50:20 UTC 2026: Starting scan
  TwelveData returned 1500 5m candles
  data source: twelvedata
  live quote: 4386.73
Outside trading session window (PKT). Skipping evaluation.
Tue Sep  1 11:50:26 UTC 2026: Scan finished OK, pinged healthcheck
Tue Sep  1 11:55:20 UTC 2026: Starting scan
  TwelveData returned 1500 5m candles
  data source: twelvedata
  live quote: 4381.54
Outside trading session window (PKT). Skipping evaluation.
Tue Sep  1 11:55:26 UTC 2026: Scan finished OK, pinged healthcheck
Tue Sep  1 12:00:20 UTC 2026: Starting scan
  TwelveData returned 1500 5m candles
  data source: twelvedata
  live quote: 4374.26
Outside trading session window (PKT). Skipping evaluation.
Tue Sep  1 12:00:42 UTC 2026: Scan finished OK, pinged healthcheck
Tue Sep  1 12:05:20 UTC 2026: Starting scan
  TwelveData returned 1500 5m candles
  data source: twelvedata
  live quote: 4372.16
Outside trading session window (PKT). Skipping evaluation.
Tue Sep  1 12:05:28 UTC 2026: Scan finished OK, pinged healthcheck
Tue Sep  1 12:10:20 UTC 2026: Starting scan
  TwelveData returned 1500 5m candles
  data source: twelvedata
  live quote: 4371.39
Outside trading session window (PKT). Skipping evaluation.
Tue Sep  1 12:10:28 UTC 2026: Scan finished OK, pinged healthcheck
Tue Sep  1 12:15:20 UTC 2026: Starting scan
  TwelveData returned 1500 5m candles
  data source: twelvedata
  live quote: 4371.20
Outside trading session window (PKT). Skipping evaluation.
Tue Sep  1 12:15:28 UTC 2026: Scan finished OK, pinged healthcheck
Tue Sep  1 12:20:20 UTC 2026: Starting scan
  TwelveData returned 1500 5m candles
  data source: twelvedata
  live quote: 4373.88
Outside trading session window (PKT). Skipping evaluation.
Tue Sep  1 12:20:27 UTC 2026: Scan finished OK, pinged healthcheck
Tue Sep  1 12:25:20 UTC 2026: Starting scan
  TwelveData returned 1500 5m candles
  data source: twelvedata
  live quote: 4367.58
Outside trading session window (PKT). Skipping evaluation.
Tue Sep  1 12:25:26 UTC 2026: Scan finished OK, pinged healthcheck
Tue Sep  1 12:30:20 UTC 2026: Starting scan
  TwelveData returned 1500 5m candles
  data source: twelvedata
  live quote: 4372.54
Outside trading session window (PKT). Skipping evaluation.
Tue Sep  1 12:30:36 UTC 2026: Scan finished OK, pinged healthcheck
Tue Sep  1 12:35:20 UTC 2026: Starting scan
  TwelveData returned 1500 5m candles
  data source: twelvedata
  live quote: 4362.81
Outside trading session window (PKT). Skipping evaluation.
Tue Sep  1 12:35:28 UTC 2026: Scan finished OK, pinged healthcheck
Tue Sep  1 12:40:20 UTC 2026: Starting scan
  TwelveData returned 1500 5m candles
  data source: twelvedata
  live quote: 4358.25
  notified -> telegram:True discord:True
Outside trading session window (PKT). Skipping evaluation.
Tue Sep  1 12:40:27 UTC 2026: Scan finished OK, pinged healthcheck
Tue Sep  1 12:45:20 UTC 2026: Starting scan
  TwelveData returned 1500 5m candles
  data source: twelvedata
  live quote: 4360.72
Outside trading session window (PKT). Skipping evaluation.
Tue Sep  1 12:45:31 UTC 2026: Scan finished OK, pinged healthcheck
Tue Sep  1 12:50:20 UTC 2026: Starting scan
  TwelveData returned 1500 5m candles
  data source: twelvedata
  live quote: 4364.53
Outside trading session window (PKT). Skipping evaluation.
Tue Sep  1 12:50:27 UTC 2026: Scan finished OK, pinged healthcheck
Tue Sep  1 12:55:20 UTC 2026: Starting scan
  TwelveData returned 1500 5m candles
  data source: twelvedata
  live quote: 4363.00
Outside trading session window (PKT). Skipping evaluation.
Tue Sep  1 12:55:26 UTC 2026: Scan finished OK, pinged healthcheck
Tue Sep  1 13:00:20 UTC 2026: Starting scan
  TwelveData returned 1500 5m candles
  data source: twelvedata
  live quote: 4358.82
Outside trading session window (PKT). Skipping evaluation.
Tue Sep  1 13:00:34 UTC 2026: Scan finished OK, pinged healthcheck
Tue Sep  1 13:05:20 UTC 2026: Starting scan
  TwelveData returned 1500 5m candles
  data source: twelvedata
  live quote: 4340.84
Outside trading session window (PKT). Skipping evaluation.
Tue Sep  1 13:05:29 UTC 2026: Scan finished OK, pinged healthcheck
Tue Sep  1 13:10:20 UTC 2026: Starting scan
  TwelveData returned 1500 5m candles
  data source: twelvedata
  live quote: 4337.83
Outside trading session window (PKT). Skipping evaluation.
Tue Sep  1 13:10:31 UTC 2026: Scan finished OK, pinged healthcheck
Tue Sep  1 13:15:20 UTC 2026: Starting scan
  TwelveData returned 1500 5m candles
  data source: twelvedata
  live quote: 4332.57
Outside trading session window (PKT). Skipping evaluation.
Tue Sep  1 13:15:28 UTC 2026: Scan finished OK, pinged healthcheck
Tue Sep  1 13:20:20 UTC 2026: Starting scan
  TwelveData returned 1500 5m candles
  data source: twelvedata
  live quote: 4329.75
Outside trading session window (PKT). Skipping evaluation.
Tue Sep  1 13:20:31 UTC 2026: Scan finished OK, pinged healthcheck
Tue Sep  1 13:25:20 UTC 2026: Starting scan
  TwelveData returned 1500 5m candles
  data source: twelvedata
  live quote: 4335.76
Outside trading session window (PKT). Skipping evaluation.
Tue Sep  1 13:25:28 UTC 2026: Scan finished OK, pinged healthcheck
Tue Sep  1 13:30:20 UTC 2026: Starting scan
  fetch attempt 1/3 failed: HTTPSConnectionPool(host='api.twelvedata.com', port=443): Read timed out.
  TwelveData returned 1500 5m candles
  data source: twelvedata
  live quote: 4343.67
Outside trading session window (PKT). Skipping evaluation.
Tue Sep  1 13:31:57 UTC 2026: Scan finished OK, pinged healthcheck
Tue Sep  1 13:35:20 UTC 2026: Starting scan
  TwelveData returned 1500 5m candles
  data source: twelvedata
  live quote: 4353.13
Outside trading session window (PKT). Skipping evaluation.
Tue Sep  1 13:35:31 UTC 2026: Scan finished OK, pinged healthcheck
Tue Sep  1 13:40:20 UTC 2026: Starting scan
  fetch attempt 1/3 failed: ("Connection broken: InvalidChunkLength(got length b'', 0 bytes read)", InvalidChunkLength(got length b'', 0 bytes read))
  TwelveData returned 1500 5m candles
  data source: twelvedata
  live quote: 4355.02
Outside trading session window (PKT). Skipping evaluation.
Tue Sep  1 13:40:35 UTC 2026: Scan finished OK, pinged healthcheck
Tue Sep  1 13:45:20 UTC 2026: Starting scan
  TwelveData returned 1500 5m candles
  data source: twelvedata
  live quote: 4358.44
Outside trading session window (PKT). Skipping evaluation.
Tue Sep  1 13:45:31 UTC 2026: Scan finished OK, pinged healthcheck
Tue Sep  1 13:50:20 UTC 2026: Starting scan
  TwelveData returned 1500 5m candles
  data source: twelvedata
  live quote: 4359.39
Outside trading session window (PKT). Skipping evaluation.
Tue Sep  1 13:50:30 UTC 2026: Scan finished OK, pinged healthcheck
Tue Sep  1 13:55:20 UTC 2026: Starting scan
  TwelveData returned 1500 5m candles
  data source: twelvedata
  live quote: 4357.49
Outside trading session window (PKT). Skipping evaluation.
Tue Sep  1 13:55:33 UTC 2026: Scan finished OK, pinged healthcheck
Tue Sep  1 14:00:20 UTC 2026: Starting scan
  fetch attempt 1/3 failed: ("Connection broken: InvalidChunkLength(got length b'', 0 bytes read)", InvalidChunkLength(got length b'', 0 bytes read))
  TwelveData returned 1500 5m candles
  data source: twelvedata
  live quote: 4363.19
Outside trading session window (PKT). Skipping evaluation.
Tue Sep  1 14:02:02 UTC 2026: Scan finished OK, pinged healthcheck
Tue Sep  1 14:05:20 UTC 2026: Starting scan
  TwelveData returned 1500 5m candles
  data source: twelvedata
  live quote: 4356.16
Outside trading session window (PKT). Skipping evaluation.
Tue Sep  1 14:05:33 UTC 2026: Scan finished OK, pinged healthcheck
Tue Sep  1 14:10:20 UTC 2026: Starting scan
  TwelveData returned 1500 5m candles
  data source: twelvedata
  live quote: 4368.72
Outside trading session window (PKT). Skipping evaluation.
Tue Sep  1 14:10:31 UTC 2026: Scan finished OK, pinged healthcheck
Tue Sep  1 14:15:20 UTC 2026: Starting scan
  TwelveData returned 1500 5m candles
  data source: twelvedata
  live quote: 4368.15
Outside trading session window (PKT). Skipping evaluation.
Tue Sep  1 14:15:40 UTC 2026: Scan finished OK, pinged healthcheck
Tue Sep  1 14:20:20 UTC 2026: Starting scan
  TwelveData returned 1500 5m candles
  data source: twelvedata
  live quote: 4372.35
Outside trading session window (PKT). Skipping evaluation.
Tue Sep  1 14:20:30 UTC 2026: Scan finished OK, pinged healthcheck
Tue Sep  1 14:25:20 UTC 2026: Starting scan
  TwelveData returned 1500 5m candles
  data source: twelvedata
  live quote: 4374.45
Outside trading session window (PKT). Skipping evaluation.
Tue Sep  1 14:25:33 UTC 2026: Scan finished OK, pinged healthcheck
Tue Sep  1 14:30:20 UTC 2026: Starting scan
  TwelveData returned 1500 5m candles
  data source: twelvedata
  live quote: 4368.72
Outside trading session window (PKT). Skipping evaluation.
Tue Sep  1 14:30:58 UTC 2026: Scan finished OK, pinged healthcheck
Tue Sep  1 14:35:20 UTC 2026: Starting scan
  TwelveData returned 1500 5m candles
  data source: twelvedata
  live quote: 4370.06
Outside trading session window (PKT). Skipping evaluation.
Tue Sep  1 14:35:29 UTC 2026: Scan finished OK, pinged healthcheck
Tue Sep  1 14:40:20 UTC 2026: Starting scan
  TwelveData returned 1500 5m candles
  data source: twelvedata
  live quote: 4367.38
Outside trading session window (PKT). Skipping evaluation.
Tue Sep  1 14:40:39 UTC 2026: Scan finished OK, pinged healthcheck
Tue Sep  1 14:45:20 UTC 2026: Starting scan
  TwelveData returned 1500 5m candles
  data source: twelvedata
  live quote: 4366.05
Outside trading session window (PKT). Skipping evaluation.
Tue Sep  1 14:45:34 UTC 2026: Scan finished OK, pinged healthcheck
Tue Sep  1 14:50:20 UTC 2026: Starting scan
  TwelveData returned 1500 5m candles
  data source: twelvedata
  live quote: 4362.24
Outside trading session window (PKT). Skipping evaluation.
Tue Sep  1 14:50:34 UTC 2026: Scan finished OK, pinged healthcheck
Tue Sep  1 14:55:20 UTC 2026: Starting scan
  TwelveData returned 1500 5m candles
  data source: twelvedata
  live quote: 4360.15
Outside trading session window (PKT). Skipping evaluation.
Tue Sep  1 14:55:33 UTC 2026: Scan finished OK, pinged healthcheck
Tue Sep  1 15:00:20 UTC 2026: Starting scan
  TwelveData returned 1500 5m candles
  data source: twelvedata
  live quote: 4358.63
Evaluated state: PRE_SELL | spot: 4358.6279
  notified -> telegram:True discord:True
Tue Sep  1 15:01:02 UTC 2026: Scan finished OK, pinged healthcheck
Tue Sep  1 15:05:20 UTC 2026: Starting scan
  TwelveData returned 1500 5m candles
  data source: twelvedata
  live quote: 4357.11
Evaluated state: PRE_SELL | spot: 4357.10862
No state change, no notification sent.
Tue Sep  1 15:05:28 UTC 2026: Scan finished OK, pinged healthcheck
Tue Sep  1 15:10:20 UTC 2026: Starting scan
  TwelveData returned 1500 5m candles
  data source: twelvedata
  live quote: 4359.01
Evaluated state: PRE_SELL | spot: 4359.00789
No state change, no notification sent.
Tue Sep  1 15:10:31 UTC 2026: Scan finished OK, pinged healthcheck
Tue Sep  1 15:15:20 UTC 2026: Starting scan
  TwelveData returned 1500 5m candles
  data source: twelvedata
  live quote: 4358.25
Evaluated state: PRE_SELL | spot: 4358.24798
No state change, no notification sent.
Tue Sep  1 15:15:54 UTC 2026: Scan finished OK, pinged healthcheck
Tue Sep  1 15:20:20 UTC 2026: Starting scan
  TwelveData returned 1500 5m candles
  data source: twelvedata
  live quote: 4362.05
Evaluated state: NO_TRADE | spot: 4362.05016
Tue Sep  1 15:20:42 UTC 2026: Scan finished OK, pinged healthcheck
Tue Sep  1 15:25:20 UTC 2026: Starting scan
  TwelveData returned 1500 5m candles
  data source: twelvedata
  live quote: 4363.19
Evaluated state: PRE_BUY | spot: 4363.19211
  notified -> telegram:True discord:True
Tue Sep  1 15:25:29 UTC 2026: Scan finished OK, pinged healthcheck
Tue Sep  1 15:30:20 UTC 2026: Starting scan
  TwelveData returned 1500 5m candles
  data source: twelvedata
  live quote: 4362.62
Evaluated state: PRE_BUY | spot: 4362.62106
No state change, no notification sent.
Tue Sep  1 15:30:32 UTC 2026: Scan finished OK, pinged healthcheck
Tue Sep  1 15:35:20 UTC 2026: Starting scan
  TwelveData returned 1500 5m candles
  data source: twelvedata
  live quote: 4364.91
Evaluated state: PRE_BUY | spot: 4364.90615
No state change, no notification sent.
Tue Sep  1 15:35:38 UTC 2026: Scan finished OK, pinged healthcheck
Tue Sep  1 15:40:20 UTC 2026: Starting scan
  TwelveData returned 1500 5m candles
  data source: twelvedata
  live quote: 4364.14
Evaluated state: PRE_BUY | spot: 4364.14419
No state change, no notification sent.
Tue Sep  1 15:40:34 UTC 2026: Scan finished OK, pinged healthcheck
Tue Sep  1 15:45:20 UTC 2026: Starting scan
  TwelveData returned 1500 5m candles
  data source: twelvedata
  live quote: 4369.10
Evaluated state: PRE_BUY | spot: 4369.10171
No state change, no notification sent.
Tue Sep  1 15:45:57 UTC 2026: Scan finished OK, pinged healthcheck
Tue Sep  1 15:50:20 UTC 2026: Starting scan
  TwelveData returned 1500 5m candles
  data source: twelvedata
  live quote: 4369.29
Evaluated state: PRE_BUY | spot: 4369.29261
No state change, no notification sent.
Tue Sep  1 15:50:37 UTC 2026: Scan finished OK, pinged healthcheck
Tue Sep  1 15:55:20 UTC 2026: Starting scan
  TwelveData returned 1500 5m candles
  data source: twelvedata
  live quote: 4371.39
Evaluated state: PRE_BUY | spot: 4371.3936
No state change, no notification sent.
Tue Sep  1 15:55:33 UTC 2026: Scan finished OK, pinged healthcheck
Tue Sep  1 16:00:20 UTC 2026: Starting scan
  TwelveData returned 1500 5m candles
  data source: twelvedata
  live quote: 4372.73
  notified -> telegram:True discord:True
Evaluated state: PRE_BUY | spot: 4372.73165
No state change, no notification sent.
Tue Sep  1 16:00:51 UTC 2026: Scan finished OK, pinged healthcheck
Tue Sep  1 16:05:20 UTC 2026: Starting scan
  TwelveData returned 1500 5m candles
  data source: twelvedata
  live quote: 4372.16
Evaluated state: PRE_BUY | spot: 4372.1581
No state change, no notification sent.
Tue Sep  1 16:05:31 UTC 2026: Scan finished OK, pinged healthcheck
Tue Sep  1 16:10:20 UTC 2026: Starting scan
  TwelveData returned 1500 5m candles
  data source: twelvedata
  live quote: 4369.48
Evaluated state: PRE_BUY | spot: 4369.48353
No state change, no notification sent.
Tue Sep  1 16:10:32 UTC 2026: Scan finished OK, pinged healthcheck
Tue Sep  1 16:15:20 UTC 2026: Starting scan
  TwelveData returned 1500 5m candles
  data source: twelvedata
  live quote: 4364.14
Evaluated state: PRE_BUY | spot: 4364.14419
No state change, no notification sent.
Tue Sep  1 16:15:29 UTC 2026: Scan finished OK, pinged healthcheck
Tue Sep  1 16:20:20 UTC 2026: Starting scan
  TwelveData returned 1500 5m candles
  data source: twelvedata
  live quote: 4359.58
Evaluated state: PRE_SELL | spot: 4359.57799
  notified -> telegram:True discord:True
Tue Sep  1 16:20:29 UTC 2026: Scan finished OK, pinged healthcheck
Tue Sep  1 16:25:20 UTC 2026: Starting scan
  TwelveData returned 1500 5m candles
  data source: twelvedata
  live quote: 4357.49
Evaluated state: PRE_SELL | spot: 4357.48834
No state change, no notification sent.
Tue Sep  1 16:25:32 UTC 2026: Scan finished OK, pinged healthcheck
Tue Sep  1 16:30:20 UTC 2026: Starting scan
  TwelveData returned 1500 5m candles
  data source: twelvedata
  live quote: 4353.88
Evaluated state: PRE_SELL | spot: 4353.88366
No state change, no notification sent.
Tue Sep  1 16:30:37 UTC 2026: Scan finished OK, pinged healthcheck
Tue Sep  1 16:35:20 UTC 2026: Starting scan
  TwelveData returned 1500 5m candles
  data source: twelvedata
  live quote: 4349.15
  notified -> telegram:True discord:True
  notified -> telegram:True discord:True
Evaluated state: PRE_SELL | spot: 4349.14974
No state change, no notification sent.
Tue Sep  1 16:35:31 UTC 2026: Scan finished OK, pinged healthcheck
Tue Sep  1 16:40:20 UTC 2026: Starting scan
  TwelveData returned 1500 5m candles
  data source: twelvedata
  live quote: 4354.45
Evaluated state: PRE_SELL | spot: 4354.45243
No state change, no notification sent.
Tue Sep  1 16:40:28 UTC 2026: Scan finished OK, pinged healthcheck
Tue Sep  1 16:45:20 UTC 2026: Starting scan
  TwelveData returned 1500 5m candles
  data source: twelvedata
  live quote: 4355.78
Evaluated state: PRE_SELL | spot: 4355.78012
No state change, no notification sent.
Tue Sep  1 16:45:31 UTC 2026: Scan finished OK, pinged healthcheck
Tue Sep  1 16:50:20 UTC 2026: Starting scan
  TwelveData returned 1500 5m candles
  data source: twelvedata
  live quote: 4356.92
Evaluated state: PRE_SELL | spot: 4356.91879
No state change, no notification sent.
Tue Sep  1 16:50:30 UTC 2026: Scan finished OK, pinged healthcheck
Tue Sep  1 16:55:20 UTC 2026: Starting scan
  TwelveData returned 1500 5m candles
  data source: twelvedata
  live quote: 4354.83
Evaluated state: PRE_SELL | spot: 4354.83169
No state change, no notification sent.
Tue Sep  1 16:55:27 UTC 2026: Scan finished OK, pinged healthcheck
Tue Sep  1 17:00:20 UTC 2026: Starting scan
  fetch attempt 1/3 failed: HTTPSConnectionPool(host='api.twelvedata.com', port=443): Read timed out.
  TwelveData returned 1500 5m candles
  data source: twelvedata
  live quote: 4350.28
Evaluated state: NO_TRADE | spot: 4350.28494
Tue Sep  1 17:01:23 UTC 2026: Scan finished OK, pinged healthcheck
Tue Sep  1 17:05:20 UTC 2026: Starting scan
  TwelveData returned 1500 5m candles
  data source: twelvedata
  live quote: 4348.02
Evaluated state: PRE_SELL | spot: 4348.01513
  notified -> telegram:True discord:True
Tue Sep  1 17:05:33 UTC 2026: Scan finished OK, pinged healthcheck
Tue Sep  1 17:10:20 UTC 2026: Starting scan
  TwelveData returned 1500 5m candles
  data source: twelvedata
  live quote: 4346.69
Evaluated state: PRE_SELL | spot: 4346.69217
No state change, no notification sent.
Tue Sep  1 17:10:27 UTC 2026: Scan finished OK, pinged healthcheck
Tue Sep  1 17:15:20 UTC 2026: Starting scan
  TwelveData returned 1500 5m candles
  data source: twelvedata
  live quote: 4346.31
Evaluated state: PRE_SELL | spot: 4346.31433
No state change, no notification sent.
Tue Sep  1 17:15:37 UTC 2026: Scan finished OK, pinged healthcheck
Tue Sep  1 17:20:20 UTC 2026: Starting scan
  TwelveData returned 1500 5m candles
  data source: twelvedata
  live quote: 4344.99
Evaluated state: PRE_SELL | spot: 4344.9924
No state change, no notification sent.
Tue Sep  1 17:20:44 UTC 2026: Scan finished OK, pinged healthcheck
Tue Sep  1 17:25:20 UTC 2026: Starting scan
  TwelveData returned 1500 5m candles
  data source: twelvedata
  live quote: 4346.31
Evaluated state: PRE_SELL | spot: 4346.31433
No state change, no notification sent.
Tue Sep  1 17:25:29 UTC 2026: Scan finished OK, pinged healthcheck
Tue Sep  1 17:30:20 UTC 2026: Starting scan
  TwelveData returned 1500 5m candles
  data source: twelvedata
  live quote: 4348.77
Evaluated state: NO_TRADE | spot: 4348.77147
Tue Sep  1 17:30:33 UTC 2026: Scan finished OK, pinged healthcheck
Tue Sep  1 17:35:20 UTC 2026: Starting scan
  TwelveData returned 1500 5m candles
  data source: twelvedata
  live quote: 4348.39
Evaluated state: NO_TRADE | spot: 4348.39327
No state change, no notification sent.
Tue Sep  1 17:35:29 UTC 2026: Scan finished OK, pinged healthcheck
Tue Sep  1 17:40:20 UTC 2026: Starting scan
  TwelveData returned 1500 5m candles
  data source: twelvedata
  live quote: 4347.83
Evaluated state: NO_TRADE | spot: 4347.82609
No state change, no notification sent.
Tue Sep  1 17:40:28 UTC 2026: Scan finished OK, pinged healthcheck
Tue Sep  1 17:45:20 UTC 2026: Starting scan
  TwelveData returned 1500 5m candles
  data source: twelvedata
  live quote: 4343.67
Evaluated state: NO_TRADE | spot: 4343.67127
No state change, no notification sent.
Tue Sep  1 17:45:27 UTC 2026: Scan finished OK, pinged healthcheck
Tue Sep  1 17:50:20 UTC 2026: Starting scan
  TwelveData returned 1500 5m candles
  data source: twelvedata
  live quote: 4343.11
Evaluated state: NO_TRADE | spot: 4343.10532
No state change, no notification sent.
Tue Sep  1 17:50:29 UTC 2026: Scan finished OK, pinged healthcheck
Tue Sep  1 17:55:20 UTC 2026: Starting scan
  TwelveData returned 1500 5m candles
  data source: twelvedata
  live quote: 4342.35
Evaluated state: NO_TRADE | spot: 4342.35095
No state change, no notification sent.
Tue Sep  1 17:55:26 UTC 2026: Scan finished OK, pinged healthcheck
Tue Sep  1 18:00:20 UTC 2026: Starting scan
  TwelveData returned 1500 5m candles
  data source: twelvedata
  live quote: 4343.48
  notified -> telegram:True discord:True
Evaluated state: NO_TRADE | spot: 4343.4826
No state change, no notification sent.
Tue Sep  1 18:00:56 UTC 2026: Scan finished OK, pinged healthcheck
Tue Sep  1 18:05:20 UTC 2026: Starting scan
  TwelveData returned 1500 5m candles
  data source: twelvedata
  live quote: 4339.52
Outside trading session window (PKT). Skipping evaluation.
Tue Sep  1 18:05:32 UTC 2026: Scan finished OK, pinged healthcheck
Tue Sep  1 18:10:20 UTC 2026: Starting scan
  TwelveData returned 1500 5m candles
  data source: twelvedata
  live quote: 4337.83
Outside trading session window (PKT). Skipping evaluation.
Tue Sep  1 18:10:31 UTC 2026: Scan finished OK, pinged healthcheck
Tue Sep  1 18:15:20 UTC 2026: Starting scan
  TwelveData returned 1500 5m candles
  data source: twelvedata
  live quote: 4336.33
  notified -> telegram:True discord:True
Outside trading session window (PKT). Skipping evaluation.
Tue Sep  1 18:15:30 UTC 2026: Scan finished OK, pinged healthcheck
Tue Sep  1 18:20:20 UTC 2026: Starting scan
  TwelveData returned 1500 5m candles
  data source: twelvedata
  live quote: 4339.90
Outside trading session window (PKT). Skipping evaluation.
Tue Sep  1 18:20:29 UTC 2026: Scan finished OK, pinged healthcheck
Tue Sep  1 18:25:20 UTC 2026: Starting scan
  TwelveData returned 1500 5m candles
  data source: twelvedata
  live quote: 4341.41
Outside trading session window (PKT). Skipping evaluation.
Tue Sep  1 18:25:26 UTC 2026: Scan finished OK, pinged healthcheck
Tue Sep  1 18:30:20 UTC 2026: Starting scan
  TwelveData returned 1500 5m candles
  data source: twelvedata
Outside trading session window (PKT). Skipping evaluation.
Tue Sep  1 18:30:27 UTC 2026: Scan finished OK, pinged healthcheck
Tue Sep  1 18:35:20 UTC 2026: Starting scan
  TwelveData returned 1500 5m candles
  data source: twelvedata
Outside trading session window (PKT). Skipping evaluation.
Tue Sep  1 18:35:29 UTC 2026: Scan finished OK, pinged healthcheck
Tue Sep  1 18:37:03 UTC 2026: Starting scan
  TwelveData returned 1500 5m candles
  data source: twelvedata
Outside trading session window (PKT). Skipping evaluation.
Tue Sep  1 18:37:13 UTC 2026: Scan finished OK, pinged healthcheck
Tue Sep  1 18:40:20 UTC 2026: Starting scan
  TwelveData returned 1500 5m candles
  data source: twelvedata
Outside trading session window (PKT). Skipping evaluation.
Tue Sep  1 18:40:26 UTC 2026: Scan finished OK, pinged healthcheck
Tue Sep  1 18:45:20 UTC 2026: Starting scan
  TwelveData returned 1500 5m candles
  data source: twelvedata
Outside trading session window (PKT). Skipping evaluation.
Tue Sep  1 18:45:32 UTC 2026: Scan finished OK, pinged healthcheck
Tue Sep  1 18:50:21 UTC 2026: Starting scan
  TwelveData returned 5000 5m candles
  data source: twelvedata
Outside trading session window (PKT). Skipping evaluation.
Tue Sep  1 18:50:47 UTC 2026: Scan finished OK, pinged healthcheck
Tue Sep  1 18:52:33 UTC 2026: Starting scan
  TwelveData returned 5000 5m candles
  data source: twelvedata
Outside trading session window (PKT). Skipping evaluation.
Tue Sep  1 18:52:48 UTC 2026: Scan finished OK, pinged healthcheck
Tue Sep  1 18:55:20 UTC 2026: Starting scan
  TwelveData returned 5000 5m candles
  data source: twelvedata
Outside trading session window (PKT). Skipping evaluation.
Tue Sep  1 18:55:35 UTC 2026: Scan finished OK, pinged healthcheck
Tue Sep  1 19:00:20 UTC 2026: Starting scan
  TwelveData returned 5000 5m candles
  data source: twelvedata
Outside trading session window (PKT). Skipping evaluation.
Tue Sep  1 19:01:01 UTC 2026: Scan finished OK, pinged healthcheck
Tue Sep  1 19:05:20 UTC 2026: Starting scan
  TwelveData returned 5000 5m candles
  data source: twelvedata
Outside trading session window (PKT). Skipping evaluation.
Tue Sep  1 19:05:56 UTC 2026: Scan finished OK, pinged healthcheck
Tue Sep  1 19:10:20 UTC 2026: Starting scan
  TwelveData returned 5000 5m candles
  data source: twelvedata
Outside trading session window (PKT). Skipping evaluation.
Tue Sep  1 19:10:45 UTC 2026: Scan finished OK, pinged healthcheck
Tue Sep  1 19:15:20 UTC 2026: Starting scan
  TwelveData returned 5000 5m candles
  data source: twelvedata
Outside trading session window (PKT). Skipping evaluation.
Tue Sep  1 19:15:38 UTC 2026: Scan finished OK, pinged healthcheck
Tue Sep  1 19:20:20 UTC 2026: Starting scan
  TwelveData returned 5000 5m candles
  data source: twelvedata
Outside trading session window (PKT). Skipping evaluation.
Tue Sep  1 19:20:38 UTC 2026: Scan finished OK, pinged healthcheck
Tue Sep  1 19:24:51 UTC 2026: Starting scan
  TwelveData returned 5000 5m candles
  data source: twelvedata
Outside trading session window (PKT). Skipping evaluation.
Tue Sep  1 19:25:05 UTC 2026: Scan finished OK, pinged healthcheck
Tue Sep  1 19:30:20 UTC 2026: Starting scan
  TwelveData returned 5000 5m candles
  data source: twelvedata
Outside trading session window (PKT). Skipping evaluation.
Tue Sep  1 19:30:47 UTC 2026: Scan finished OK, pinged healthcheck
Tue Sep  1 19:35:20 UTC 2026: Starting scan
  TwelveData returned 5000 5m candles
  data source: twelvedata
Outside trading session window (PKT). Skipping evaluation.
Tue Sep  1 19:35:41 UTC 2026: Scan finished OK, pinged healthcheck
Tue Sep  1 19:40:20 UTC 2026: Starting scan
  TwelveData returned 5000 5m candles
  data source: twelvedata
Outside trading session window (PKT). Skipping evaluation.
Tue Sep  1 19:40:35 UTC 2026: Scan finished OK, pinged healthcheck
Tue Sep  1 19:45:20 UTC 2026: Starting scan
  TwelveData returned 5000 5m candles
  data source: twelvedata
Outside trading session window (PKT). Skipping evaluation.
Tue Sep  1 19:45:47 UTC 2026: Scan finished OK, pinged healthcheck
Tue Sep  1 19:50:20 UTC 2026: Starting scan
  TwelveData returned 5000 5m candles
  data source: twelvedata
Outside trading session window (PKT). Skipping evaluation.
Tue Sep  1 19:50:33 UTC 2026: Scan finished OK, pinged healthcheck
Tue Sep  1 19:55:20 UTC 2026: Starting scan
  TwelveData returned 5000 5m candles
  data source: twelvedata
Outside trading session window (PKT). Skipping evaluation.
Tue Sep  1 19:55:40 UTC 2026: Scan finished OK, pinged healthcheck
Tue Sep  1 20:00:20 UTC 2026: Starting scan
  fetch attempt 1/3 failed: ("Connection broken: InvalidChunkLength(got length b'', 0 bytes read)", InvalidChunkLength(got length b'', 0 bytes read))
  TwelveData returned 5000 5m candles
  data source: twelvedata
Outside trading session window (PKT). Skipping evaluation.
Tue Sep  1 20:02:38 UTC 2026: Scan finished OK, pinged healthcheck
Tue Sep  1 20:05:20 UTC 2026: Starting scan
  TwelveData returned 5000 5m candles
  data source: twelvedata
Outside trading session window (PKT). Skipping evaluation.
Tue Sep  1 20:05:43 UTC 2026: Scan finished OK, pinged healthcheck
Tue Sep  1 20:10:20 UTC 2026: Starting scan
  TwelveData returned 5000 5m candles
  data source: twelvedata
Outside trading session window (PKT). Skipping evaluation.
Tue Sep  1 20:10:38 UTC 2026: Scan finished OK, pinged healthcheck
Tue Sep  1 20:15:20 UTC 2026: Starting scan
  TwelveData returned 5000 5m candles
  data source: twelvedata
Outside trading session window (PKT). Skipping evaluation.
Tue Sep  1 20:15:41 UTC 2026: Scan finished OK, pinged healthcheck
Tue Sep  1 20:20:20 UTC 2026: Starting scan
  TwelveData returned 5000 5m candles
  data source: twelvedata
Outside trading session window (PKT). Skipping evaluation.
Tue Sep  1 20:20:35 UTC 2026: Scan finished OK, pinged healthcheck
Tue Sep  1 20:25:20 UTC 2026: Starting scan
  TwelveData returned 5000 5m candles
  data source: twelvedata
Outside trading session window (PKT). Skipping evaluation.
Tue Sep  1 20:25:32 UTC 2026: Scan finished OK, pinged healthcheck
Tue Sep  1 20:30:20 UTC 2026: Starting scan
  TwelveData returned 5000 5m candles
  data source: twelvedata
Outside trading session window (PKT). Skipping evaluation.
Tue Sep  1 20:30:40 UTC 2026: Scan finished OK, pinged healthcheck
Tue Sep  1 20:35:20 UTC 2026: Starting scan
  TwelveData returned 5000 5m candles
  data source: twelvedata
Outside trading session window (PKT). Skipping evaluation.
Tue Sep  1 20:35:33 UTC 2026: Scan finished OK, pinged healthcheck
Tue Sep  1 20:40:20 UTC 2026: Starting scan
  TwelveData returned 5000 5m candles
  data source: twelvedata
Outside trading session window (PKT). Skipping evaluation.
Tue Sep  1 20:40:33 UTC 2026: Scan finished OK, pinged healthcheck
Tue Sep  1 20:41:51 UTC 2026: Starting scan
  TwelveData returned 5000 5m candles
  data source: twelvedata
Outside trading session window (PKT). Skipping evaluation.
Tue Sep  1 20:42:04 UTC 2026: Scan finished OK, pinged healthcheck
Tue Sep  1 20:45:20 UTC 2026: Starting scan
  TwelveData returned 5000 5m candles
  data source: twelvedata
Outside trading session window (PKT). Skipping evaluation.
Tue Sep  1 20:45:40 UTC 2026: Scan finished OK, pinged healthcheck
